{
    "train": {
        "f1_weighted": 0.8097755383053893,
        "f1_micro": 0.8110087902888239,
        "f1_macro": 0.8088670506506315,
        "cross_entropy_loss": 0.5148695707321167
    },
    "val": {
        "f1_weighted": 0.6317916338148072,
        "f1_micro": 0.6285714285714286,
        "f1_macro": 0.610473104417859,
        "cross_entropy_loss": 0.9606673121452332
    },
    "test": {
        "f1_weighted": 0.6447655020662497,
        "f1_micro": 0.6461159062885327,
        "f1_macro": 0.6240156006436136,
        "cross_entropy_loss": 0.9687869548797607
    }
}