{
    "train": {
        "f1_weighted": 0.8125349309355364,
        "f1_micro": 0.8147760569275848,
        "f1_macro": 0.8135276793672306
    },
    "val": {
        "f1_weighted": 0.6377894079891919,
        "f1_micro": 0.6438775510204081,
        "f1_macro": 0.6239850547150835
    },
    "test": {
        "f1_weighted": 0.6723716963219522,
        "f1_micro": 0.6794081381011098,
        "f1_macro": 0.6456773572999533
    }
}