{
    "train": {
        "f1_weighted": {
            "mean": 0.7883424294787309,
            "std": 0.04431267031463566
        },
        "f1_micro": {
            "mean": 0.7894935119296776,
            "std": 0.04422831329410271
        },
        "f1_macro": {
            "mean": 0.7906146972531731,
            "std": 0.04147613054646445
        }
    },
    "val": {
        "f1_weighted": {
            "mean": 0.6372408199648717,
            "std": 0.005360922502679992
        },
        "f1_micro": {
            "mean": 0.639795918367347,
            "std": 0.008488422180851166
        },
        "f1_macro": {
            "mean": 0.6160654813163315,
            "std": 0.005904021130173048
        }
    },
    "test": {
        "f1_weighted": {
            "mean": 0.6548269776052207,
            "std": 0.020111663184047664
        },
        "f1_micro": {
            "mean": 0.6606658446362517,
            "std": 0.0213662293510349
        },
        "f1_macro": {
            "mean": 0.634710479405148,
            "std": 0.015099902251888748
        }
    }
}