{
    "train": {
        "f1_weighted": {
            "mean": 0.7140003234474886,
            "std": 0.03418654499575576
        },
        "f1_micro": {
            "mean": 0.7164922561741315,
            "std": 0.033117363394634905
        },
        "f1_macro": {
            "mean": 0.7157613702570241,
            "std": 0.03212873063653336
        },
        "cross_entropy_loss": {
            "mean": 0.7445214033126831,
            "std": 0.0772088239439291
        }
    },
    "val": {
        "f1_weighted": {
            "mean": 0.5693980898593706,
            "std": 0.006358569773828507
        },
        "f1_micro": {
            "mean": 0.5661224489795919,
            "std": 0.008547098608723208
        },
        "f1_macro": {
            "mean": 0.5463918760975617,
            "std": 0.004993538085899092
        },
        "cross_entropy_loss": {
            "mean": 1.124641728401184,
            "std": 0.019827155838693523
        }
    },
    "test": {
        "f1_weighted": {
            "mean": 0.5473113469341736,
            "std": 0.010075810590402474
        },
        "f1_micro": {
            "mean": 0.5506781750924784,
            "std": 0.010787563737656894
        },
        "f1_macro": {
            "mean": 0.5298905899325443,
            "std": 0.011032467428484813
        },
        "cross_entropy_loss": {
            "mean": 1.1980717658996582,
            "std": 0.01824094441076967
        }
    }
}