{
    "train": {
        "f1_weighted": 0.6958443549518126,
        "f1_micro": 0.6992465466722478,
        "f1_macro": 0.6801537087438557,
        "cross_entropy_loss": 0.8350359797477722
    },
    "val": {
        "f1_weighted": 0.5397585487592372,
        "f1_micro": 0.5336734693877551,
        "f1_macro": 0.5101960803262565,
        "cross_entropy_loss": 1.2363330125808716
    },
    "test": {
        "f1_weighted": 0.5231249730217485,
        "f1_micro": 0.528976572133169,
        "f1_macro": 0.49614648991450916,
        "cross_entropy_loss": 1.2676968574523926
    }
}