{
    "train": {
        "f1_weighted": 0.7437823363539501,
        "f1_micro": 0.746128087065718,
        "f1_macro": 0.7269424825362636,
        "cross_entropy_loss": 0.7348629832267761
    },
    "val": {
        "f1_weighted": 0.5557490500704507,
        "f1_micro": 0.5489795918367347,
        "f1_macro": 0.5220929421239558,
        "cross_entropy_loss": 1.23075532913208
    },
    "test": {
        "f1_weighted": 0.5256565252626764,
        "f1_micro": 0.530209617755857,
        "f1_macro": 0.49911508283511336,
        "cross_entropy_loss": 1.289821743965149
    }
}