{
    "train": {
        "f1_weighted": 0.7656910889217495,
        "f1_micro": 0.7664294683968188,
        "f1_macro": 0.756865641727328,
        "cross_entropy_loss": 0.6707523465156555
    },
    "val": {
        "f1_weighted": 0.5569707570163566,
        "f1_micro": 0.55,
        "f1_macro": 0.535860539679937,
        "cross_entropy_loss": 1.2247450351715088
    },
    "test": {
        "f1_weighted": 0.5426843097875464,
        "f1_micro": 0.5437731196054254,
        "f1_macro": 0.5247738284870291,
        "cross_entropy_loss": 1.2882064580917358
    }
}