{
    "train": {
        "f1_weighted": {
            "mean": 0.7238043464399746,
            "std": 0.026862575319820958
        },
        "f1_micro": {
            "mean": 0.7267475931352031,
            "std": 0.02569056111706067
        },
        "f1_macro": {
            "mean": 0.70891172163708,
            "std": 0.029089854014866367
        },
        "cross_entropy_loss": {
            "mean": 0.7624339103698731,
            "std": 0.05600216966055914
        }
    },
    "val": {
        "f1_weighted": {
            "mean": 0.5462109873008681,
            "std": 0.010968841535155687
        },
        "f1_micro": {
            "mean": 0.5391836734693878,
            "std": 0.011464956657296452
        },
        "f1_macro": {
            "mean": 0.5189186431665364,
            "std": 0.011961393244239211
        },
        "cross_entropy_loss": {
            "mean": 1.2424785614013671,
            "std": 0.016282361017728588
        }
    },
    "test": {
        "f1_weighted": {
            "mean": 0.5271578639885329,
            "std": 0.007935338091909648
        },
        "f1_micro": {
            "mean": 0.5330456226880396,
            "std": 0.005425400739827373
        },
        "f1_macro": {
            "mean": 0.5017103357024106,
            "std": 0.011846472255253378
        },
        "cross_entropy_loss": {
            "mean": 1.27824227809906,
            "std": 0.009380516330237244
        }
    }
}