{
    "train": {
        "f1_weighted": 0.7229757335855805,
        "f1_micro": 0.7285475094181666,
        "f1_macro": 0.7228921331734265
    },
    "val": {
        "f1_weighted": 0.6046416581661084,
        "f1_micro": 0.6122448979591837,
        "f1_macro": 0.5917449981837166
    },
    "test": {
        "f1_weighted": 0.6820671344816744,
        "f1_micro": 0.6905055487053021,
        "f1_macro": 0.6504778382172643
    }
}