{
    "train": {
        "f1_weighted": 0.8082823642897283,
        "f1_micro": 0.8076601088321473,
        "f1_macro": 0.8091065788413759
    },
    "val": {
        "f1_weighted": 0.6968853309588313,
        "f1_micro": 0.6948979591836735,
        "f1_macro": 0.6721129677441283
    },
    "test": {
        "f1_weighted": 0.6941783293469082,
        "f1_micro": 0.6905055487053021,
        "f1_macro": 0.6758265433393796
    }
}