{
    "train": {
        "f1_weighted": 0.7544339502167938,
        "f1_micro": 0.7563834240267895,
        "f1_macro": 0.7556912654159494,
        "cross_entropy_loss": 0.6281574368476868
    },
    "val": {
        "f1_weighted": 0.5965917956380701,
        "f1_micro": 0.6,
        "f1_macro": 0.5588370592324625,
        "cross_entropy_loss": 0.9989043474197388
    },
    "test": {
        "f1_weighted": 0.5888766089655626,
        "f1_micro": 0.5924784217016029,
        "f1_macro": 0.5694372413598033,
        "cross_entropy_loss": 1.1514086723327637
    }
}