{
    "train": {
        "f1_weighted": 0.7024345963083627,
        "f1_micro": 0.7076182503139389,
        "f1_macro": 0.7137289747623988,
        "cross_entropy_loss": 0.741269588470459
    },
    "val": {
        "f1_weighted": 0.6007976938433914,
        "f1_micro": 0.6091836734693877,
        "f1_macro": 0.5771774720418938,
        "cross_entropy_loss": 1.0130335092544556
    },
    "test": {
        "f1_weighted": 0.5662932407738215,
        "f1_micro": 0.5702836004932182,
        "f1_macro": 0.5530284262588615,
        "cross_entropy_loss": 1.133867621421814
    }
}