{
    "train": {
        "f1_weighted": 0.7169909435652939,
        "f1_micro": 0.7197572205943908,
        "f1_macro": 0.7246163002385034,
        "cross_entropy_loss": 0.7333418130874634
    },
    "val": {
        "f1_weighted": 0.5828921115997922,
        "f1_micro": 0.5836734693877551,
        "f1_macro": 0.5593415979826938,
        "cross_entropy_loss": 1.0295770168304443
    },
    "test": {
        "f1_weighted": 0.5800543253982942,
        "f1_micro": 0.5819975339087546,
        "f1_macro": 0.5633062944845182,
        "cross_entropy_loss": 1.0882220268249512
    }
}