{
    "train": {
        "f1_weighted": 0.6913817229327095,
        "f1_micro": 0.7126839523475823,
        "f1_macro": 0.47081033898062996,
        "cross_entropy_loss": 0.9139742255210876
    },
    "val": {
        "f1_weighted": 0.6113850499374254,
        "f1_micro": 0.6438232642019838,
        "f1_macro": 0.41200675529657244,
        "cross_entropy_loss": 1.0947712659835815
    },
    "test": {
        "f1_weighted": 0.6293666771024433,
        "f1_micro": 0.6513409961685823,
        "f1_macro": 0.4015385339055807,
        "cross_entropy_loss": 1.0494740009307861
    }
}