{
    "train": {
        "f1_weighted": 0.7283658042876467,
        "f1_micro": 0.7497246971668836,
        "f1_macro": 0.518954519850874,
        "cross_entropy_loss": 0.8068241477012634
    },
    "val": {
        "f1_weighted": 0.6191647189980588,
        "f1_micro": 0.648331830477908,
        "f1_macro": 0.44449715451900673,
        "cross_entropy_loss": 1.0868128538131714
    },
    "test": {
        "f1_weighted": 0.6360013158462258,
        "f1_micro": 0.6578544061302682,
        "f1_macro": 0.4270465267395184,
        "cross_entropy_loss": 1.031056523323059
    }
}