{
    "train": {
        "f1_weighted": 0.7487791653213283,
        "f1_micro": 0.7585343878266092,
        "f1_macro": 0.5851735191794428,
        "cross_entropy_loss": 0.806521475315094
    },
    "val": {
        "f1_weighted": 0.6146377618993408,
        "f1_micro": 0.6339044183949504,
        "f1_macro": 0.4489604731378801,
        "cross_entropy_loss": 1.1151403188705444
    },
    "test": {
        "f1_weighted": 0.6401871585480999,
        "f1_micro": 0.6551724137931034,
        "f1_macro": 0.4379426860382959,
        "cross_entropy_loss": 1.0562984943389893
    }
}