{
    "train": {
        "f1_weighted": 0.79615186010657,
        "f1_micro": 0.797614064462118,
        "f1_macro": 0.7997999958048867
    },
    "val": {
        "f1_weighted": 0.6371819333746779,
        "f1_micro": 0.6377551020408163,
        "f1_macro": 0.6082643363237329
    },
    "test": {
        "f1_weighted": 0.6567219116955112,
        "f1_micro": 0.6584463625154131,
        "f1_macro": 0.6464375724846726
    }
}