{
    "train": {
        "f1_weighted": 0.7767305896734183,
        "f1_micro": 0.7820602662929222,
        "f1_macro": 0.6519468757075896
    },
    "val": {
        "f1_weighted": 0.6405112822385957,
        "f1_micro": 0.6573489630297565,
        "f1_macro": 0.5044561151100663
    },
    "test": {
        "f1_weighted": 0.6499006950333904,
        "f1_micro": 0.6609195402298851,
        "f1_macro": 0.47884813949371835
    }
}