{
    "train": {
        "f1_weighted": 0.8351151779651451,
        "f1_micro": 0.8363199519471418,
        "f1_macro": 0.7303447516850142
    },
    "val": {
        "f1_weighted": 0.642198778163641,
        "f1_micro": 0.6492335437330928,
        "f1_macro": 0.5112661828476555
    },
    "test": {
        "f1_weighted": 0.6473730117212441,
        "f1_micro": 0.6482758620689655,
        "f1_macro": 0.4910065700121459
    }
}