{
    "train": {
        "f1_weighted": 0.6117285261555878,
        "f1_micro": 0.628694164909908,
        "f1_macro": 0.46074587684308393,
        "cross_entropy_loss": 0.26291540265083313
    },
    "val": {
        "f1_weighted": 0.5182323439650863,
        "f1_micro": 0.5481651376146788,
        "f1_macro": 0.2598873468419437,
        "cross_entropy_loss": 0.2485237866640091
    },
    "test": {
        "f1_weighted": 0.4654396269314319,
        "f1_micro": 0.48321554770318026,
        "f1_macro": 0.30727891840700705,
        "cross_entropy_loss": 0.4111902713775635
    }
}