{
    "train": {
        "f1_weighted": 0.8014391644828994,
        "f1_micro": 0.8015906236919214,
        "f1_macro": 0.8021962307681919
    },
    "val": {
        "f1_weighted": 0.6611952778557605,
        "f1_micro": 0.6591836734693878,
        "f1_macro": 0.6451009530720565
    },
    "test": {
        "f1_weighted": 0.6864078456339822,
        "f1_micro": 0.6824907521578298,
        "f1_macro": 0.6694198700376043
    }
}