{
    "train": {
        "f1_weighted": 0.7149717119890757,
        "f1_micro": 0.7201758057764754,
        "f1_macro": 0.7226906594356771
    },
    "val": {
        "f1_weighted": 0.6236582892162285,
        "f1_micro": 0.6346938775510204,
        "f1_macro": 0.5898045460069241
    },
    "test": {
        "f1_weighted": 0.6563343853881008,
        "f1_micro": 0.6596794081381011,
        "f1_macro": 0.6414663619584365
    }
}