{
    "train": {
        "f1_weighted": 0.7608779730337981,
        "f1_micro": 0.77305035539093,
        "f1_macro": 0.6179547628214027
    },
    "val": {
        "f1_weighted": 0.6387536049316653,
        "f1_micro": 0.6627592425608656,
        "f1_macro": 0.4880193438667256
    },
    "test": {
        "f1_weighted": 0.6462630717165815,
        "f1_micro": 0.6662835249042146,
        "f1_macro": 0.465378555649879
    }
}