{
    "train": {
        "f1_weighted": 0.7589580750670324,
        "f1_micro": 0.766543197517269,
        "f1_macro": 0.6295141322528715
    },
    "val": {
        "f1_weighted": 0.6356066230139332,
        "f1_micro": 0.654643823264202,
        "f1_macro": 0.4964817441815633
    },
    "test": {
        "f1_weighted": 0.6502553691472754,
        "f1_micro": 0.6628352490421456,
        "f1_macro": 0.48930753723258624
    }
}