{
    "train": {
        "f1_weighted": 0.773534858126127,
        "f1_micro": 0.7789568525377916,
        "f1_macro": 0.6529319033115385,
        "cross_entropy_loss": 0.7913601398468018
    },
    "val": {
        "f1_weighted": 0.6566913846323765,
        "f1_micro": 0.6699729486023445,
        "f1_macro": 0.5280647479046958,
        "cross_entropy_loss": 1.0672847032546997
    },
    "test": {
        "f1_weighted": 0.6546428766119136,
        "f1_micro": 0.6666666666666666,
        "f1_macro": 0.48370477641727083,
        "cross_entropy_loss": 1.0246742963790894
    }
}