{
    "train": {
        "f1_weighted": {
            "mean": 0.773534858126127,
            "std": 0.0
        },
        "f1_micro": {
            "mean": 0.7789568525377916,
            "std": 0.0
        },
        "f1_macro": {
            "mean": 0.6529319033115385,
            "std": 0.0
        },
        "cross_entropy_loss": {
            "mean": 0.7913601398468018,
            "std": 0.0
        }
    },
    "val": {
        "f1_weighted": {
            "mean": 0.6566913846323765,
            "std": 0.0
        },
        "f1_micro": {
            "mean": 0.6699729486023445,
            "std": 0.0
        },
        "f1_macro": {
            "mean": 0.5280647479046958,
            "std": 0.0
        },
        "cross_entropy_loss": {
            "mean": 1.0672847032546997,
            "std": 0.0
        }
    },
    "test": {
        "f1_weighted": {
            "mean": 0.6546428766119136,
            "std": 0.0
        },
        "f1_micro": {
            "mean": 0.6666666666666666,
            "std": 0.0
        },
        "f1_macro": {
            "mean": 0.48370477641727083,
            "std": 0.0
        },
        "cross_entropy_loss": {
            "mean": 1.0246742963790894,
            "std": 0.0
        }
    }
}