{
  "best_metric": 0.6004357598541326,
  "best_model_checkpoint": "results/MELD/roberta-large/SEEDS/2021-05-10-09-49-06-speaker_mode-upper-num_past_utterances-0-num_future_utterances-1000-batch_size-4-seed-0/checkpoint-4996",
  "epoch": 2.0,
  "global_step": 4996,
  "is_hyper_param_search": false,
  "is_local_process_zero": true,
  "is_world_process_zero": true,
  "log_history": [
    {
      "epoch": 1.0,
      "learning_rate": 6.932973757119017e-06,
      "loss": 1.4251,
      "step": 2498
    },
    {
      "epoch": 1.0,
      "eval_f1_macro": 0.38470419799139666,
      "eval_f1_micro": 0.612263300270514,
      "eval_f1_weighted": 0.5790467372299135,
      "eval_loss": 1.15775465965271,
      "eval_runtime": 12.226,
      "eval_samples_per_second": 90.708,
      "step": 2498
    },
    {
      "epoch": 2.0,
      "learning_rate": 5.2220049323199665e-06,
      "loss": 1.0522,
      "step": 4996
    },
    {
      "epoch": 2.0,
      "eval_f1_macro": 0.4337116085800273,
      "eval_f1_micro": 0.6357078449053201,
      "eval_f1_weighted": 0.6004357598541326,
      "eval_loss": 1.1960097551345825,
      "eval_runtime": 12.196,
      "eval_samples_per_second": 90.932,
      "step": 4996
    }
  ],
  "max_steps": 12490,
  "num_train_epochs": 5,
  "total_flos": 4344678282800586.0,
  "trial_name": null,
  "trial_params": null
}
