{
    "train": {
        "f1_weighted": 0.673130958725383,
        "f1_micro": 0.6799916282963583,
        "f1_macro": 0.6847584207656338
    },
    "val": {
        "f1_weighted": 0.5827658877299388,
        "f1_micro": 0.5806122448979592,
        "f1_macro": 0.5706519952391419
    },
    "test": {
        "f1_weighted": 0.6226276633328582,
        "f1_micro": 0.6196054254007398,
        "f1_macro": 0.6063712314072583
    }
}