{
    "train": {
        "f1_weighted": 0.7240818744873104,
        "f1_micro": 0.7397136850535591,
        "f1_macro": 0.5257828256021465,
        "cross_entropy_loss": 0.8366948962211609
    },
    "val": {
        "f1_weighted": 0.604059924221411,
        "f1_micro": 0.630297565374211,
        "f1_macro": 0.4385329959863294,
        "cross_entropy_loss": 1.1039713621139526
    },
    "test": {
        "f1_weighted": 0.633710783462685,
        "f1_micro": 0.6490421455938697,
        "f1_macro": 0.42957186902935524,
        "cross_entropy_loss": 1.0499225854873657
    }
}