{
    "train": {
        "f1_weighted": 0.7022747729342383,
        "f1_micro": 0.7074089577228966,
        "f1_macro": 0.7126020055839586,
        "cross_entropy_loss": 0.7284481525421143
    },
    "val": {
        "f1_weighted": 0.5962147127302583,
        "f1_micro": 0.6061224489795919,
        "f1_macro": 0.5858532866489176,
        "cross_entropy_loss": 1.0056120157241821
    },
    "test": {
        "f1_weighted": 0.6016888044364501,
        "f1_micro": 0.6072749691738595,
        "f1_macro": 0.5818983519085742,
        "cross_entropy_loss": 0.980094850063324
    }
}