{
    "train": {
        "f1_weighted": {
            "mean": 0.7022747729342383,
            "std": 0.0
        },
        "f1_micro": {
            "mean": 0.7074089577228966,
            "std": 0.0
        },
        "f1_macro": {
            "mean": 0.7126020055839586,
            "std": 0.0
        },
        "cross_entropy_loss": {
            "mean": 0.7284481525421143,
            "std": 0.0
        }
    },
    "val": {
        "f1_weighted": {
            "mean": 0.5962147127302583,
            "std": 0.0
        },
        "f1_micro": {
            "mean": 0.6061224489795919,
            "std": 0.0
        },
        "f1_macro": {
            "mean": 0.5858532866489176,
            "std": 0.0
        },
        "cross_entropy_loss": {
            "mean": 1.0056120157241821,
            "std": 0.0
        }
    },
    "test": {
        "f1_weighted": {
            "mean": 0.6016888044364501,
            "std": 0.0
        },
        "f1_micro": {
            "mean": 0.6072749691738595,
            "std": 0.0
        },
        "f1_macro": {
            "mean": 0.5818983519085742,
            "std": 0.0
        },
        "cross_entropy_loss": {
            "mean": 0.980094850063324,
            "std": 0.0
        }
    }
}