{
    "train": {
        "f1_weighted": 0.7843196486523165,
        "f1_micro": 0.7881958978652156,
        "f1_macro": 0.7748563196483055,
        "cross_entropy_loss": 0.5693063139915466
    },
    "val": {
        "f1_weighted": 0.616374071664198,
        "f1_micro": 0.6173469387755102,
        "f1_macro": 0.6129977542307926,
        "cross_entropy_loss": 0.9742311835289001
    },
    "test": {
        "f1_weighted": 0.6461103802229266,
        "f1_micro": 0.6596794081381011,
        "f1_macro": 0.6196231469942678,
        "cross_entropy_loss": 0.8953580260276794
    }
}