{
    "train": {
        "f1_weighted": 0.7075812202106921,
        "f1_micro": 0.7099204688154039,
        "f1_macro": 0.7167838951908792,
        "cross_entropy_loss": 0.7161333560943604
    },
    "val": {
        "f1_weighted": 0.5793557491386626,
        "f1_micro": 0.5826530612244898,
        "f1_macro": 0.569897781493729,
        "cross_entropy_loss": 0.9844104647636414
    },
    "test": {
        "f1_weighted": 0.6325225839655958,
        "f1_micro": 0.6356350184956844,
        "f1_macro": 0.6332244511352847,
        "cross_entropy_loss": 0.9552763104438782
    }
}