{
    "train": {
        "f1_weighted": 0.867051406435254,
        "f1_micro": 0.86856425282545,
        "f1_macro": 0.858999930095746,
        "cross_entropy_loss": 0.3841710686683655
    },
    "val": {
        "f1_weighted": 0.6192561279875286,
        "f1_micro": 0.6173469387755102,
        "f1_macro": 0.6033663692946029,
        "cross_entropy_loss": 1.0003589391708374
    },
    "test": {
        "f1_weighted": 0.6518784904701247,
        "f1_micro": 0.657829839704069,
        "f1_macro": 0.6261132712308358,
        "cross_entropy_loss": 0.925413966178894
    }
}