{
    "train": {
        "f1_weighted": {
            "mean": 0.7966065760334893,
            "std": 0.05398057535870677
        },
        "f1_micro": {
            "mean": 0.7980326496442026,
            "std": 0.0534069420236967
        },
        "f1_macro": {
            "mean": 0.7947528433495459,
            "std": 0.04908611839107966
        },
        "cross_entropy_loss": {
            "mean": 0.5301807522773743,
            "std": 0.11870888694741465
        }
    },
    "val": {
        "f1_weighted": {
            "mean": 0.6105011326810516,
            "std": 0.02028366143284529
        },
        "f1_micro": {
            "mean": 0.61,
            "std": 0.018808754951010528
        },
        "f1_macro": {
            "mean": 0.6015892213547949,
            "std": 0.02054068294767712
        },
        "cross_entropy_loss": {
            "mean": 0.9769087314605713,
            "std": 0.020602905715390554
        }
    },
    "test": {
        "f1_weighted": {
            "mean": 0.645105470087332,
            "std": 0.006634467016760322
        },
        "f1_micro": {
            "mean": 0.6489519112207152,
            "std": 0.00901557899404729
        },
        "f1_macro": {
            "mean": 0.629963432096927,
            "std": 0.006471010777630335
        },
        "cross_entropy_loss": {
            "mean": 0.9358762741088867,
            "std": 0.02683389124793234
        }
    }
}