{
    "train": {
        "f1_weighted": 0.8454906693463131,
        "f1_micro": 0.8463792381749686,
        "f1_macro": 0.8452898824866942
    },
    "val": {
        "f1_weighted": 0.6084329994289522,
        "f1_micro": 0.610204081632653,
        "f1_macro": 0.5988212736498282
    },
    "test": {
        "f1_weighted": 0.6826626159318963,
        "f1_micro": 0.687422934648582,
        "f1_macro": 0.6578192788634015
    }
}