{
    "train": {
        "f1_weighted": 0.7639327543957921,
        "f1_micro": 0.7722494744218642,
        "f1_macro": 0.6221611249842577
    },
    "val": {
        "f1_weighted": 0.6405355006195368,
        "f1_micro": 0.6573489630297565,
        "f1_macro": 0.4916278626886002
    },
    "test": {
        "f1_weighted": 0.6508041577173981,
        "f1_micro": 0.6659003831417625,
        "f1_macro": 0.45147189507383356
    }
}