{
    "train": {
        "f1_weighted": 0.7519259328459378,
        "f1_micro": 0.7593352687956753,
        "f1_macro": 0.6198547910551431
    },
    "val": {
        "f1_weighted": 0.6438845279103101,
        "f1_micro": 0.6591523895401262,
        "f1_macro": 0.499670663627623
    },
    "test": {
        "f1_weighted": 0.6508101205620451,
        "f1_micro": 0.6632183908045977,
        "f1_macro": 0.4635359867835594
    }
}