{
    "train": {
        "f1_weighted": {
            "mean": 0.7555575320111964,
            "std": 0.013062262563000797
        },
        "f1_micro": {
            "mean": 0.7634998498348183,
            "std": 0.014443722304838733
        },
        "f1_macro": {
            "mean": 0.6100439490999878,
            "std": 0.026494802908740435
        }
    },
    "val": {
        "f1_weighted": {
            "mean": 0.6396429107557396,
            "std": 0.003783225020150192
        },
        "f1_micro": {
            "mean": 0.654643823264202,
            "std": 0.006747804124028736
        },
        "f1_macro": {
            "mean": 0.49803651088699297,
            "std": 0.014652791758135341
        }
    },
    "test": {
        "f1_weighted": {
            "mean": 0.6477416227405962,
            "std": 0.006152329282729081
        },
        "f1_micro": {
            "mean": 0.6603065134099617,
            "std": 0.010892552520664633
        },
        "f1_macro": {
            "mean": 0.46013858264008406,
            "std": 0.011937221215026871
        }
    }
}