{
    "train": {
        "f1_weighted": 0.6882021602527588,
        "f1_micro": 0.6929677689409794,
        "f1_macro": 0.6794431748586861
    },
    "val": {
        "f1_weighted": 0.5846741671287778,
        "f1_micro": 0.5826530612244898,
        "f1_macro": 0.5530277211457914
    },
    "test": {
        "f1_weighted": 0.5769610324882101,
        "f1_micro": 0.5856966707768188,
        "f1_macro": 0.5449758785360265
    }
}