{
    "train": {
        "f1_weighted": 0.7554720132258559,
        "f1_micro": 0.7563834240267895,
        "f1_macro": 0.7547245501511388
    },
    "val": {
        "f1_weighted": 0.6066837825320331,
        "f1_micro": 0.6010204081632653,
        "f1_macro": 0.5846161200514888
    },
    "test": {
        "f1_weighted": 0.5784461098219806,
        "f1_micro": 0.5813810110974106,
        "f1_macro": 0.5572402656223616
    }
}