{
    "train": {
        "f1_weighted": 0.7997793349252174,
        "f1_micro": 0.7970767844629092,
        "f1_macro": 0.6906841063064891
    },
    "val": {
        "f1_weighted": 0.6482365449476566,
        "f1_micro": 0.6492335437330928,
        "f1_macro": 0.5261002231675349
    },
    "test": {
        "f1_weighted": 0.6529124177150838,
        "f1_micro": 0.6494252873563219,
        "f1_macro": 0.49950489308902435
    }
}