{
    "train": {
        "f1_weighted": 0.7933498324928859,
        "f1_micro": 0.7918710581639804,
        "f1_macro": 0.6826023989581157
    },
    "val": {
        "f1_weighted": 0.6441802954187301,
        "f1_micro": 0.6456266907123535,
        "f1_macro": 0.5163239910362867
    },
    "test": {
        "f1_weighted": 0.6419410496418849,
        "f1_micro": 0.6383141762452107,
        "f1_macro": 0.48577628694710784
    }
}