{
    "train": {
        "f1_weighted": {
            "mean": 0.7755248013944265,
            "std": 0.03772370072473033
        },
        "f1_micro": {
            "mean": 0.7772349584542997,
            "std": 0.035555101376238414
        },
        "f1_macro": {
            "mean": 0.6512310274905659,
            "std": 0.06614614517986603
        }
    },
    "val": {
        "f1_weighted": {
            "mean": 0.6432578655115615,
            "std": 0.011801141127948077
        },
        "f1_micro": {
            "mean": 0.6506762849413887,
            "std": 0.011299873902846192
        },
        "f1_macro": {
            "mean": 0.5037639829893947,
            "std": 0.024833982271039435
        }
    },
    "test": {
        "f1_weighted": {
            "mean": 0.6497996054050714,
            "std": 0.009895231385681288
        },
        "f1_micro": {
            "mean": 0.6525670498084291,
            "std": 0.013248951290382083
        },
        "f1_macro": {
            "mean": 0.48207859518655394,
            "std": 0.022599756691844868
        }
    }
}