{
    "train": {
        "f1_weighted": 0.8032576339305885,
        "f1_micro": 0.8080786940142318,
        "f1_macro": 0.791662103650753
    },
    "val": {
        "f1_weighted": 0.6481758218854893,
        "f1_micro": 0.6551020408163265,
        "f1_macro": 0.6487988769285923
    },
    "test": {
        "f1_weighted": 0.674078900970356,
        "f1_micro": 0.6886559802712701,
        "f1_macro": 0.6435960316403019
    }
}