{
    "train": {
        "f1_weighted": 0.8501882533283389,
        "f1_micro": 0.8497279196316451,
        "f1_macro": 0.8485347506831532
    },
    "val": {
        "f1_weighted": 0.6660706665774019,
        "f1_micro": 0.6663265306122449,
        "f1_macro": 0.6508657653942371
    },
    "test": {
        "f1_weighted": 0.6854749238784176,
        "f1_micro": 0.6831072749691739,
        "f1_macro": 0.6744040971565765
    }
}