{
  "best_metric": 0.6161985057039822,
  "best_model_checkpoint": "results/MELD/roberta-large/SEEDS/2021-05-09-09-46-30-speaker_mode-upper-num_past_utterances-0-num_future_utterances-0-batch_size-16-seed-2/checkpoint-1250",
  "epoch": 2.0,
  "global_step": 1250,
  "is_hyper_param_search": false,
  "is_local_process_zero": true,
  "is_world_process_zero": true,
  "log_history": [
    {
      "epoch": 1.0,
      "learning_rate": 1.5124055527391055e-05,
      "loss": 1.3782,
      "step": 625
    },
    {
      "epoch": 1.0,
      "eval_f1_macro": 0.41677343482610063,
      "eval_f1_micro": 0.6221821460775473,
      "eval_f1_weighted": 0.5981740783686095,
      "eval_loss": 1.1052521467208862,
      "eval_runtime": 2.4143,
      "eval_samples_per_second": 459.348,
      "step": 625
    },
    {
      "epoch": 2.0,
      "learning_rate": 1.1471108244767166e-05,
      "loss": 1.0403,
      "step": 1250
    },
    {
      "epoch": 2.0,
      "eval_f1_macro": 0.482650914285364,
      "eval_f1_micro": 0.6393146979260595,
      "eval_f1_weighted": 0.6161985057039822,
      "eval_loss": 1.0887463092803955,
      "eval_runtime": 2.4222,
      "eval_samples_per_second": 457.851,
      "step": 1250
    }
  ],
  "max_steps": 3125,
  "num_train_epochs": 5,
  "total_flos": 773690641370040.0,
  "trial_name": null,
  "trial_params": null
}
