{
    "train": {
        "f1_weighted": {
            "mean": 0.8456302742924691,
            "std": 0.0
        },
        "f1_micro": {
            "mean": 0.8461699455839263,
            "std": 0.0
        },
        "f1_macro": {
            "mean": 0.8490911359823549,
            "std": 0.0
        },
        "cross_entropy_loss": {
            "mean": 0.4237452447414398,
            "std": 0.0
        }
    },
    "val": {
        "f1_weighted": {
            "mean": 0.639534213340915,
            "std": 0.0
        },
        "f1_micro": {
            "mean": 0.6387755102040816,
            "std": 0.0
        },
        "f1_macro": {
            "mean": 0.635369167867612,
            "std": 0.0
        },
        "cross_entropy_loss": {
            "mean": 0.9395579099655151,
            "std": 0.0
        }
    },
    "test": {
        "f1_weighted": {
            "mean": 0.6912414081344381,
            "std": 0.0
        },
        "f1_micro": {
            "mean": 0.6898890258939581,
            "std": 0.0
        },
        "f1_macro": {
            "mean": 0.6838389035542631,
            "std": 0.0
        },
        "cross_entropy_loss": {
            "mean": 0.7941614389419556,
            "std": 0.0
        }
    }
}