{
    "train": {
        "f1_weighted": 0.799500942003404,
        "f1_micro": 0.7986785464010412,
        "f1_macro": 0.6930091758624435,
        "cross_entropy_loss": 0.787719190120697
    },
    "val": {
        "f1_weighted": 0.6500491122992158,
        "f1_micro": 0.6564472497745717,
        "f1_macro": 0.5127686201055255,
        "cross_entropy_loss": 1.071031928062439
    },
    "test": {
        "f1_weighted": 0.6490748471220162,
        "f1_micro": 0.6494252873563219,
        "f1_macro": 0.47963210985848487,
        "cross_entropy_loss": 1.067020058631897
    }
}