{
    "train": {
        "f1_weighted": 0.8372134279385044,
        "f1_micro": 0.8372209430373411,
        "f1_macro": 0.7486883247923958,
        "cross_entropy_loss": 0.6961604356765747
    },
    "val": {
        "f1_weighted": 0.6454581279576665,
        "f1_micro": 0.6492335437330928,
        "f1_macro": 0.5216589767612747,
        "cross_entropy_loss": 1.1219348907470703
    },
    "test": {
        "f1_weighted": 0.6441605289939051,
        "f1_micro": 0.6452107279693486,
        "f1_macro": 0.496546036461928,
        "cross_entropy_loss": 1.137688159942627
    }
}