{
    "train": {
        "f1_weighted": {
            "mean": 0.8006733474330033,
            "std": 0.019995759419304062
        },
        "f1_micro": {
            "mean": 0.8050855941535688,
            "std": 0.01680025611147318
        },
        "f1_macro": {
            "mean": 0.6950189025344393,
            "std": 0.03198526373296979
        },
        "cross_entropy_loss": {
            "mean": 0.7593768239021301,
            "std": 0.0339068249427132
        }
    },
    "val": {
        "f1_weighted": {
            "mean": 0.6475542303650779,
            "std": 0.010076822481978987
        },
        "f1_micro": {
            "mean": 0.6614968440036069,
            "std": 0.011242162218581585
        },
        "f1_macro": {
            "mean": 0.519271219394145,
            "std": 0.025100068338240727
        },
        "cross_entropy_loss": {
            "mean": 1.0990805864334106,
            "std": 0.02001404294780713
        }
    },
    "test": {
        "f1_weighted": {
            "mean": 0.6473092631772556,
            "std": 0.001990400813440024
        },
        "f1_micro": {
            "mean": 0.659080459770115,
            "std": 0.010001100921474613
        },
        "f1_macro": {
            "mean": 0.484495557964504,
            "std": 0.008149872107145576
        },
        "cross_entropy_loss": {
            "mean": 1.074305033683777,
            "std": 0.033581594094630345
        }
    }
}