{
    "train": {
        "f1_weighted": 0.6747340796985826,
        "f1_micro": 0.6785265801590624,
        "f1_macro": 0.684807090989401,
        "cross_entropy_loss": 0.7841730713844299
    },
    "val": {
        "f1_weighted": 0.585385731856446,
        "f1_micro": 0.5867346938775511,
        "f1_macro": 0.5604540719436195,
        "cross_entropy_loss": 1.0010300874710083
    },
    "test": {
        "f1_weighted": 0.586899515571725,
        "f1_micro": 0.5887792848335388,
        "f1_macro": 0.5700498187537434,
        "cross_entropy_loss": 1.0628043413162231
    }
}