{
    "train": {
        "f1_weighted": 0.6959839440765109,
        "f1_micro": 0.7017580577647551,
        "f1_macro": 0.7055678068406211,
        "cross_entropy_loss": 0.7312815189361572
    },
    "val": {
        "f1_weighted": 0.6062774174885721,
        "f1_micro": 0.6081632653061224,
        "f1_macro": 0.5798501589874623,
        "cross_entropy_loss": 1.0156033039093018
    },
    "test": {
        "f1_weighted": 0.5893929749241045,
        "f1_micro": 0.594944512946979,
        "f1_macro": 0.5739120501309646,
        "cross_entropy_loss": 1.0852229595184326
    }
}