{
    "train": {
        "f1_weighted": 0.7156784977992848,
        "f1_micro": 0.7191293428212642,
        "f1_macro": 0.7292526691017603,
        "cross_entropy_loss": 0.7001010179519653
    },
    "val": {
        "f1_weighted": 0.5583306029213668,
        "f1_micro": 0.563265306122449,
        "f1_macro": 0.5586547116853702,
        "cross_entropy_loss": 1.042982816696167
    },
    "test": {
        "f1_weighted": 0.5890177277414245,
        "f1_micro": 0.5900123304562269,
        "f1_macro": 0.575098383996068,
        "cross_entropy_loss": 1.045929193496704
    }
}