{
    "train": {
        "f1_weighted": 0.8226257896316583,
        "f1_micro": 0.8229384679782336,
        "f1_macro": 0.8242939816264844
    },
    "val": {
        "f1_weighted": 0.6453752458233188,
        "f1_micro": 0.6438775510204081,
        "f1_macro": 0.6251910532432967
    },
    "test": {
        "f1_weighted": 0.6800826653815748,
        "f1_micro": 0.6806411837237978,
        "f1_macro": 0.6628921913755356
    }
}