{
    "train": {
        "f1_weighted": 0.7333611676666242,
        "f1_micro": 0.7350355797404772,
        "f1_macro": 0.7386333399987269
    },
    "val": {
        "f1_weighted": 0.6458059159727192,
        "f1_micro": 0.6540816326530612,
        "f1_macro": 0.6172103802528118
    },
    "test": {
        "f1_weighted": 0.6530210865753864,
        "f1_micro": 0.659062885326757,
        "f1_macro": 0.6285216712549976
    }
}