{
    "train": {
        "f1_weighted": {
            "mean": 0.8068709111293305,
            "std": 0.03827953237169944
        },
        "f1_micro": {
            "mean": 0.8073252406864798,
            "std": 0.03781833147354152
        },
        "f1_macro": {
            "mean": 0.8086121471395662,
            "std": 0.036468160974240806
        }
    },
    "val": {
        "f1_weighted": {
            "mean": 0.6430662437544445,
            "std": 0.019779561807919923
        },
        "f1_micro": {
            "mean": 0.643673469387755,
            "std": 0.018212499197814775
        },
        "f1_macro": {
            "mean": 0.6237034282561227,
            "std": 0.016184931891010734
        }
    },
    "test": {
        "f1_weighted": {
            "mean": 0.6742233006252427,
            "std": 0.01519992740608489
        },
        "f1_micro": {
            "mean": 0.6758323057953144,
            "std": 0.013379539360843932
        },
        "f1_macro": {
            "mean": 0.6561381796219168,
            "std": 0.015981749927040576
        }
    }
}