{
    "train": {
        "f1_weighted": 0.7353858757470916,
        "f1_micro": 0.7404771871075764,
        "f1_macro": 0.7328829078309503,
        "cross_entropy_loss": 0.633236825466156
    },
    "val": {
        "f1_weighted": 0.6335457650438961,
        "f1_micro": 0.6357142857142857,
        "f1_macro": 0.6207954849210272,
        "cross_entropy_loss": 0.9160410165786743
    },
    "test": {
        "f1_weighted": 0.6272141263536404,
        "f1_micro": 0.6356350184956844,
        "f1_macro": 0.5952630984376067,
        "cross_entropy_loss": 0.9064328670501709
    }
}