{
    "train": {
        "f1_weighted": 0.7297643875807361,
        "f1_micro": 0.729593972373378,
        "f1_macro": 0.7449669295455013,
        "cross_entropy_loss": 0.6646193265914917
    },
    "val": {
        "f1_weighted": 0.6061241643405151,
        "f1_micro": 0.6061224489795919,
        "f1_macro": 0.587829011099464,
        "cross_entropy_loss": 0.9567849636077881
    },
    "test": {
        "f1_weighted": 0.6249161064897154,
        "f1_micro": 0.6220715166461159,
        "f1_macro": 0.6179759518515896,
        "cross_entropy_loss": 0.9256377816200256
    }
}