{
    "train": {
        "f1_weighted": 0.6608552927626237,
        "f1_micro": 0.6745500209292591,
        "f1_macro": 0.6738443498351331,
        "cross_entropy_loss": 0.7534980177879333
    },
    "val": {
        "f1_weighted": 0.6378531015168475,
        "f1_micro": 0.65,
        "f1_macro": 0.629313846452903,
        "cross_entropy_loss": 0.8942798972129822
    },
    "test": {
        "f1_weighted": 0.5962631297617013,
        "f1_micro": 0.6109741060419236,
        "f1_macro": 0.5800574141328295,
        "cross_entropy_loss": 0.9293756484985352
    }
}