{
    "train": {
        "f1_weighted": {
            "mean": 0.7096637266248583,
            "std": 0.027697402113022625
        },
        "f1_micro": {
            "mean": 0.715362076182503,
            "std": 0.023415716444301134
        },
        "f1_macro": {
            "mean": 0.7192491496455207,
            "std": 0.02503320115927908
        },
        "cross_entropy_loss": {
            "mean": 0.6917519927024841,
            "std": 0.041354617060830094
        }
    },
    "val": {
        "f1_weighted": {
            "mean": 0.6224456419433659,
            "std": 0.014312819646858049
        },
        "f1_micro": {
            "mean": 0.6251020408163266,
            "std": 0.017082010577829838
        },
        "f1_macro": {
            "mean": 0.6070474648157594,
            "std": 0.019467407995894474
        },
        "cross_entropy_loss": {
            "mean": 0.9266763687133789,
            "std": 0.02252350307158193
        }
    },
    "test": {
        "f1_weighted": {
            "mean": 0.6189449768150503,
            "std": 0.01148044433020295
        },
        "f1_micro": {
            "mean": 0.6229346485819975,
            "std": 0.00800625552687937
        },
        "f1_macro": {
            "mean": 0.6034650783716119,
            "std": 0.014171569256564953
        },
        "cross_entropy_loss": {
            "mean": 0.9255417585372925,
            "std": 0.011018426267761625
        }
    }
}