{
    "train": {
        "f1_weighted": 0.743010161732442,
        "f1_micro": 0.7589348283111422,
        "f1_macro": 0.5603691053374885,
        "accuracy": 0.7589348283111422
    },
    "val": {
        "f1_weighted": 0.58420560031913,
        "f1_micro": 0.6149684400360685,
        "f1_macro": 0.40892630012742603,
        "accuracy": 0.6149684400360685
    },
    "test": {
        "f1_weighted": 0.6367254249810786,
        "f1_micro": 0.6555555555555556,
        "f1_macro": 0.4416586559840039,
        "accuracy": 0.6555555555555556
    }
}