{
    "train": {
        "f1_weighted": 0.7266045174608394,
        "f1_micro": 0.7419161077184904,
        "f1_macro": 0.5433989551875461,
        "accuracy": 0.7419161077184904
    },
    "val": {
        "f1_weighted": 0.5952903300898438,
        "f1_micro": 0.6203787195671776,
        "f1_macro": 0.42758257684789264,
        "accuracy": 0.6203787195671776
    },
    "test": {
        "f1_weighted": 0.6382407789303366,
        "f1_micro": 0.6555555555555556,
        "f1_macro": 0.4390472753006477,
        "accuracy": 0.6555555555555556
    }
}