{
    "train": {
        "f1_weighted": 0.812412580050837,
        "f1_micro": 0.8131017161992465,
        "f1_macro": 0.8090763321719795
    },
    "val": {
        "f1_weighted": 0.6718433401114016,
        "f1_micro": 0.6704081632653062,
        "f1_macro": 0.6403992334036533
    },
    "test": {
        "f1_weighted": 0.6851138231365271,
        "f1_micro": 0.6917385943279901,
        "f1_macro": 0.6536932264514597
    }
}