{
    "train": {
        "f1_weighted": {
            "mean": 0.7903576232780944,
            "std": 0.057806232501054614
        },
        "f1_micro": {
            "mean": 0.7925910422771034,
            "std": 0.05529762161196064
        },
        "f1_macro": {
            "mean": 0.7892906795850515,
            "std": 0.05813694789239334
        }
    },
    "val": {
        "f1_weighted": {
            "mean": 0.6435651374975894,
            "std": 0.023478982653288284
        },
        "f1_micro": {
            "mean": 0.646734693877551,
            "std": 0.020381615385708433
        },
        "f1_macro": {
            "mean": 0.6268644026230353,
            "std": 0.023946493137024936
        }
    },
    "test": {
        "f1_weighted": {
            "mean": 0.6692714264767152,
            "std": 0.012533877848199742
        },
        "f1_micro": {
            "mean": 0.6739827373612823,
            "std": 0.014088052129589725
        },
        "f1_macro": {
            "mean": 0.6456331324424123,
            "std": 0.0071591101308267555
        }
    }
}