{
    "train": {
        "f1_weighted": 0.8292602041182972,
        "f1_micro": 0.8304730012557555,
        "f1_macro": 0.8264525411263319
    },
    "val": {
        "f1_weighted": 0.6239285813320449,
        "f1_micro": 0.6234693877551021,
        "f1_macro": 0.605629968317782
    },
    "test": {
        "f1_weighted": 0.6619220572887492,
        "f1_micro": 0.6676942046855734,
        "f1_macro": 0.6371593418479656
    }
}