{
    "train": {
        "f1_weighted": 0.756437819062265,
        "f1_micro": 0.7605248567732396,
        "f1_macro": 0.6505734949620768,
        "cross_entropy_loss": 0.18450967967510223
    },
    "val": {
        "f1_weighted": 0.5796992874662859,
        "f1_micro": 0.5863689776733255,
        "f1_macro": 0.35226067523118026,
        "cross_entropy_loss": 0.2261916697025299
    },
    "test": {
        "f1_weighted": 0.5423142868230755,
        "f1_micro": 0.5464389837567679,
        "f1_macro": 0.4284492264061129,
        "cross_entropy_loss": 0.3826187551021576
    }
}