{
    "train": {
        "f1_weighted": 0.8641938508078917,
        "f1_micro": 0.8639598158225199,
        "f1_macro": 0.8644104041358776,
        "cross_entropy_loss": 0.37343770265579224
    },
    "val": {
        "f1_weighted": 0.6715057450020502,
        "f1_micro": 0.6744897959183673,
        "f1_macro": 0.6616031460217537,
        "cross_entropy_loss": 0.8844918608665466
    },
    "test": {
        "f1_weighted": 0.6785041020091733,
        "f1_micro": 0.6787916152897657,
        "f1_macro": 0.6609066346185881,
        "cross_entropy_loss": 0.9003399014472961
    }
}