{
    "train": {
        "f1_weighted": {
            "mean": 0.7864030605365695,
            "std": 0.06816600656670063
        },
        "f1_micro": {
            "mean": 0.7889912097111763,
            "std": 0.0632043388386444
        },
        "f1_macro": {
            "mean": 0.7897832189534754,
            "std": 0.06355185197543488
        },
        "cross_entropy_loss": {
            "mean": 0.5593221843242645,
            "std": 0.168430715378802
        }
    },
    "val": {
        "f1_weighted": {
            "mean": 0.6485678062180876,
            "std": 0.025795313825367906
        },
        "f1_micro": {
            "mean": 0.649795918367347,
            "std": 0.020695930341366894
        },
        "f1_macro": {
            "mean": 0.6328280803304753,
            "std": 0.025623560798879588
        },
        "cross_entropy_loss": {
            "mean": 0.8989504218101502,
            "std": 0.04257074777530913
        }
    },
    "test": {
        "f1_weighted": {
            "mean": 0.6646486082376277,
            "std": 0.015195572763766407
        },
        "f1_micro": {
            "mean": 0.6649815043156596,
            "std": 0.013352238792978118
        },
        "f1_macro": {
            "mean": 0.6516391679804753,
            "std": 0.012936690913570442
        },
        "cross_entropy_loss": {
            "mean": 0.8731943607330322,
            "std": 0.0397122903515912
        }
    }
}