{
    "train": {
        "f1_weighted": 0.7786215074815482,
        "f1_micro": 0.7787777312683131,
        "f1_macro": 0.7847683692586264
    },
    "val": {
        "f1_weighted": 0.6624342555701606,
        "f1_micro": 0.6653061224489796,
        "f1_macro": 0.6507799281095799
    },
    "test": {
        "f1_weighted": 0.6723102472000746,
        "f1_micro": 0.6676942046855734,
        "f1_macro": 0.6608035908418666
    }
}