{
    "train": {
        "f1_weighted": {
            "mean": 0.7739156014442022,
            "std": 0.05381318956739883
        },
        "f1_micro": {
            "mean": 0.7762662201758058,
            "std": 0.05088126295210235
        },
        "f1_macro": {
            "mean": 0.7750914195840761,
            "std": 0.05324051942519113
        }
    },
    "val": {
        "f1_weighted": {
            "mean": 0.6337644695107103,
            "std": 0.022078015642773965
        },
        "f1_micro": {
            "mean": 0.6365306122448979,
            "std": 0.021592183940729093
        },
        "f1_macro": {
            "mean": 0.6171131337827438,
            "std": 0.025318198803759843
        }
    },
    "test": {
        "f1_weighted": {
            "mean": 0.668460650232958,
            "std": 0.00961064007275293
        },
        "f1_micro": {
            "mean": 0.6709001233045623,
            "std": 0.010088393178339228
        },
        "f1_macro": {
            "mean": 0.6464651786068717,
            "std": 0.01405893688789315
        }
    }
}