{
    "train": {
        "f1_weighted": 0.7003913724668333,
        "f1_micro": 0.7207928721593753,
        "f1_macro": 0.47509274374697,
        "cross_entropy_loss": 0.8867677450180054
    },
    "val": {
        "f1_weighted": 0.5894787342761448,
        "f1_micro": 0.6194770063119928,
        "f1_macro": 0.39272246545785655,
        "cross_entropy_loss": 1.106154441833496
    },
    "test": {
        "f1_weighted": 0.6352255303630097,
        "f1_micro": 0.6540229885057471,
        "f1_macro": 0.4163733530798746,
        "cross_entropy_loss": 1.033287525177002
    }
}