{
    "train": {
        "f1_weighted": 0.6995290476682924,
        "f1_micro": 0.7203924316748423,
        "f1_macro": 0.46922224729367334,
        "cross_entropy_loss": 0.8896138072013855
    },
    "val": {
        "f1_weighted": 0.6111395291972561,
        "f1_micro": 0.6393146979260595,
        "f1_macro": 0.41385904703154736,
        "cross_entropy_loss": 1.0913017988204956
    },
    "test": {
        "f1_weighted": 0.6412523897419613,
        "f1_micro": 0.6620689655172414,
        "f1_macro": 0.4196067890542982,
        "cross_entropy_loss": 1.0286648273468018
    }
}