{
    "train": {
        "f1_weighted": {
            "mean": 0.7121824235448253,
            "std": 0.01592533889884053
        },
        "f1_micro": {
            "mean": 0.7303233556912604,
            "std": 0.01474189433640075
        },
        "f1_macro": {
            "mean": 0.4975232682034213,
            "std": 0.027109558608191975
        },
        "cross_entropy_loss": {
            "mean": 0.8619679689407349,
            "std": 0.03370579007087755
        }
    },
    "val": {
        "f1_weighted": {
            "mean": 0.6024036028700432,
            "std": 0.007076674308482444
        },
        "f1_micro": {
            "mean": 0.6295761947700631,
            "std": 0.006512342681791823
        },
        "f1_macro": {
            "mean": 0.4140040127702119,
            "std": 0.014573010525067974
        },
        "cross_entropy_loss": {
            "mean": 1.101723313331604,
            "std": 0.007153197377896831
        }
    },
    "test": {
        "f1_weighted": {
            "mean": 0.6402043554027909,
            "std": 0.0050473789910319535
        },
        "f1_micro": {
            "mean": 0.6589272030651342,
            "std": 0.006357844754847977
        },
        "f1_macro": {
            "mean": 0.4269077241002308,
            "std": 0.009695838136795995
        },
        "cross_entropy_loss": {
            "mean": 1.0363375425338746,
            "std": 0.007204872195127909
        }
    }
}