{
    "train": {
        "f1_weighted": 0.864974781032834,
        "f1_micro": 0.867654419861848,
        "f1_macro": 0.7774346323390559
    },
    "val": {
        "f1_weighted": 0.6431945874620619,
        "f1_micro": 0.654643823264202,
        "f1_macro": 0.5177573771989189
    },
    "test": {
        "f1_weighted": 0.654698574453777,
        "f1_micro": 0.6659003831417625,
        "f1_macro": 0.49031642315886426
    }
}