{
    "train": {
        "f1_weighted": 0.9016666570189797,
        "f1_micro": 0.9018920812894183,
        "f1_macro": 0.8392864271351504
    },
    "val": {
        "f1_weighted": 0.6520610395366868,
        "f1_micro": 0.6564472497745717,
        "f1_macro": 0.5357823969463494
    },
    "test": {
        "f1_weighted": 0.65435210793262662,
        "f1_micro": 0.6578544061302682,
        "f1_macro": 0.49904645697383615
    }
}