{
    "train": {
        "f1_weighted": 0.9283532206987503,
        "f1_micro": 0.9284212633897287,
        "f1_macro": 0.8793803891184114
    },
    "val": {
        "f1_weighted": 0.6518638557640113,
        "f1_micro": 0.6564472497745717,
        "f1_macro": 0.5504234540541383
    },
    "test": {
        "f1_weighted": 0.6446590597757584,
        "f1_micro": 0.6478927203065135,
        "f1_macro": 0.4984699403946107
    }
}