{
    "train": {
        "f1_weighted": 0.8841548931232814,
        "f1_micro": 0.8825708279107017,
        "f1_macro": 0.8003350111290145
    },
    "val": {
        "f1_weighted": 0.6407739595152673,
        "f1_micro": 0.6402164111812444,
        "f1_macro": 0.5297273623878392
    },
    "test": {
        "f1_weighted": 0.6416298988318533,
        "f1_micro": 0.6386973180076628,
        "f1_macro": 0.4987042259177045
    }
}