{
    "train": {
        "f1_weighted": 0.9061284363928087,
        "f1_micro": 0.9063970367404145,
        "f1_macro": 0.8432035345496799
    },
    "val": {
        "f1_weighted": 0.6474526536058599,
        "f1_micro": 0.6510369702434626,
        "f1_macro": 0.5330967538524084
    },
    "test": {
        "f1_weighted": 0.6334741720349006,
        "f1_micro": 0.6344827586206897,
        "f1_macro": 0.49548076122380885
    }
}