{
    "train": {
        "f1_weighted": 0.7350375605504277,
        "f1_micro": 0.7350355797404772,
        "f1_macro": 0.7374571891199003
    },
    "val": {
        "f1_weighted": 0.6477074903844456,
        "f1_micro": 0.6479591836734694,
        "f1_macro": 0.6244551423646302
    },
    "test": {
        "f1_weighted": 0.6412563526262904,
        "f1_micro": 0.6411837237977805,
        "f1_macro": 0.6132965509081107
    }
}