{
    "train": {
        "f1_weighted": 0.7409181682715305,
        "f1_micro": 0.7516267894684152,
        "f1_macro": 0.5898287294392256
    },
    "val": {
        "f1_weighted": 0.6284661281400574,
        "f1_micro": 0.6492335437330928,
        "f1_macro": 0.47033636658880135
    },
    "test": {
        "f1_weighted": 0.6592570337529725,
        "f1_micro": 0.6762452107279694,
        "f1_macro": 0.46331303758689935
    }
}