{
    "train": {
        "f1_weighted": 0.7979253751408197,
        "f1_micro": 0.8060866953649014,
        "f1_macro": 0.6715221753491736
    },
    "val": {
        "f1_weighted": 0.6486807406176115,
        "f1_micro": 0.6672678088367899,
        "f1_macro": 0.5058789165358373
    },
    "test": {
        "f1_weighted": 0.6606742934955038,
        "f1_micro": 0.6766283524904214,
        "f1_macro": 0.492733083601245
    }
}