{
    "train": {
        "f1_weighted": 0.7354700714170589,
        "f1_micro": 0.7512263489838823,
        "f1_macro": 0.5675886503719635
    },
    "val": {
        "f1_weighted": 0.6164336078194205,
        "f1_micro": 0.6411181244364292,
        "f1_macro": 0.45113819167078145
    },
    "test": {
        "f1_weighted": 0.6588925517266313,
        "f1_micro": 0.6804597701149425,
        "f1_macro": 0.46940740982527585
    }
}