{
    "train": {
        "f1_weighted": {
            "mean": 0.7913672384500325,
            "std": 0.039884205340742114
        },
        "f1_micro": {
            "mean": 0.7935956467141064,
            "std": 0.03847738272491008
        },
        "f1_macro": {
            "mean": 0.787532491082773,
            "std": 0.040561482036957065
        },
        "cross_entropy_loss": {
            "mean": 0.5789515018463135,
            "std": 0.0897320340286281
        }
    },
    "val": {
        "f1_weighted": {
            "mean": 0.5911270927265619,
            "std": 0.01742266250886275
        },
        "f1_micro": {
            "mean": 0.5987755102040817,
            "std": 0.021388689806651266
        },
        "f1_macro": {
            "mean": 0.5518859499728161,
            "std": 0.014725813903766798
        },
        "cross_entropy_loss": {
            "mean": 1.0426575899124146,
            "std": 0.01892621365636204
        }
    },
    "test": {
        "f1_weighted": {
            "mean": 0.5888963706108179,
            "std": 0.010038027777771937
        },
        "f1_micro": {
            "mean": 0.5933415536374846,
            "std": 0.007939511729719
        },
        "f1_macro": {
            "mean": 0.5652265968962638,
            "std": 0.012063373723725297
        },
        "cross_entropy_loss": {
            "mean": 1.0749115943908691,
            "std": 0.0395160082692667
        }
    }
}