{
    "train": {
        "f1_weighted": 0.4361508542146143,
        "f1_micro": 0.4973827259915442,
        "f1_macro": 0.35929712039896733,
        "cross_entropy_loss": 1.4186517000198364
    },
    "val": {
        "f1_weighted": 0.35251601265155913,
        "f1_micro": 0.42336309523809523,
        "f1_macro": 0.2778862775715079,
        "cross_entropy_loss": 1.5614858865737915
    },
    "test": {
        "f1_weighted": 0.31674579439106826,
        "f1_micro": 0.3893072289156626,
        "f1_macro": 0.2569584452778156,
        "cross_entropy_loss": 1.6397517919540405
    }
}