{
    "train": {
        "f1_weighted": 0.4875200369509861,
        "f1_micro": 0.5370444936581438,
        "f1_macro": 0.40001966047701804,
        "cross_entropy_loss": 1.353779911994934
    },
    "val": {
        "f1_weighted": 0.3800352102687276,
        "f1_micro": 0.42931547619047616,
        "f1_macro": 0.3050160569256829,
        "cross_entropy_loss": 1.5893170833587646
    },
    "test": {
        "f1_weighted": 0.36083589249376224,
        "f1_micro": 0.42243975903614456,
        "f1_macro": 0.3043841076920965,
        "cross_entropy_loss": 1.6121975183486938
    }
}