{
    "train": {
        "f1_weighted": {
            "mean": 0.5105459598546995,
            "std": 0.05075375930723335
        },
        "f1_micro": {
            "mean": 0.5538755788202134,
            "std": 0.04021042101047488
        },
        "f1_macro": {
            "mean": 0.43451414344570266,
            "std": 0.05547858218723515
        },
        "cross_entropy_loss": {
            "mean": 1.289320206642151,
            "std": 0.1045054328339258
        }
    },
    "val": {
        "f1_weighted": {
            "mean": 0.38015834482275296,
            "std": 0.015847537088215635
        },
        "f1_micro": {
            "mean": 0.42901785714285723,
            "std": 0.004379148502845906
        },
        "f1_macro": {
            "mean": 0.30994733001796276,
            "std": 0.018579413912871528
        },
        "cross_entropy_loss": {
            "mean": 1.5842295646667481,
            "std": 0.014810652881371627
        }
    },
    "test": {
        "f1_weighted": {
            "mean": 0.35007891027901444,
            "std": 0.01986950620316146
        },
        "f1_micro": {
            "mean": 0.40737951807228906,
            "std": 0.012482750472953066
        },
        "f1_macro": {
            "mean": 0.29395396086525455,
            "std": 0.02423676327877915
        },
        "cross_entropy_loss": {
            "mean": 1.623827910423279,
            "std": 0.030748046760028187
        }
    }
}