{
    "train": {
        "f1_weighted": 0.7130152629059633,
        "f1_micro": 0.7227950745820404,
        "f1_macro": 0.5457627068891865
    },
    "val": {
        "f1_weighted": 0.6237544082026187,
        "f1_micro": 0.6420198376916141,
        "f1_macro": 0.45704421574867155
    },
    "test": {
        "f1_weighted": 0.6508437407349595,
        "f1_micro": 0.6609195402298851,
        "f1_macro": 0.46360416277849403
    }
}