{
    "train": {
        "f1_weighted": 0.7863179151280558,
        "f1_micro": 0.7938732605866453,
        "f1_macro": 0.6685386155424137
    },
    "val": {
        "f1_weighted": 0.6275597068809149,
        "f1_micro": 0.6465284039675383,
        "f1_macro": 0.49263155797413
    },
    "test": {
        "f1_weighted": 0.641911112635009,
        "f1_micro": 0.6559386973180077,
        "f1_macro": 0.4668871347317446
    }
}