{
    "train": {
        "f1_weighted": 0.8135240637534025,
        "f1_micro": 0.8200020022024227,
        "f1_macro": 0.7008997456337613
    },
    "val": {
        "f1_weighted": 0.6211476502156783,
        "f1_micro": 0.6357078449053201,
        "f1_macro": 0.49819690155633695
    },
    "test": {
        "f1_weighted": 0.6446428690772478,
        "f1_micro": 0.6601532567049808,
        "f1_macro": 0.47563368294255653
    }
}