{
    "train": {
        "f1_weighted": 0.8130896334874117,
        "f1_micro": 0.8162979277204926,
        "f1_macro": 0.7052360293927986
    },
    "val": {
        "f1_weighted": 0.6378698505853785,
        "f1_micro": 0.648331830477908,
        "f1_macro": 0.497179603284953
    },
    "test": {
        "f1_weighted": 0.648344090115537,
        "f1_micro": 0.6528735632183909,
        "f1_macro": 0.48575916721128204
    }
}