{
    "train": {
        "f1_weighted": 0.6988427378835017,
        "f1_micro": 0.7189908899789769,
        "f1_macro": 0.5178229578480029
    },
    "val": {
        "f1_weighted": 0.6102631287491798,
        "f1_micro": 0.6384129846708747,
        "f1_macro": 0.4439327171583776
    },
    "test": {
        "f1_weighted": 0.6420484674585164,
        "f1_micro": 0.6670498084291188,
        "f1_macro": 0.44127306646069175
    }
}