{
    "train": {
        "f1_weighted": 0.49507493584219775,
        "f1_micro": 0.5407690759009463,
        "f1_macro": 0.41549549571800715
    },
    "val": {
        "f1_weighted": 0.3881296235686565,
        "f1_micro": 0.4389880952380953,
        "f1_macro": 0.3150146954513646
    },
    "test": {
        "f1_weighted": 0.3587609646061506,
        "f1_micro": 0.4194277108433735,
        "f1_macro": 0.29865988817512557
    }
}