{
    "train": {
        "f1_weighted": {
            "mean": 0.49031154879060573,
            "std": 0.012872691913321854
        },
        "f1_micro": {
            "mean": 0.5320314072881015,
            "std": 0.008598034990018521
        },
        "f1_macro": {
            "mean": 0.4140040511969471,
            "std": 0.017632850867116846
        }
    },
    "val": {
        "f1_weighted": {
            "mean": 0.38498929037516183,
            "std": 0.007247116803330454
        },
        "f1_micro": {
            "mean": 0.4322916666666667,
            "std": 0.00739569859511261
        },
        "f1_macro": {
            "mean": 0.3113417239545418,
            "std": 0.008901143380558576
        }
    },
    "test": {
        "f1_weighted": {
            "mean": 0.3538688227018571,
            "std": 0.007218244584538059
        },
        "f1_micro": {
            "mean": 0.413855421686747,
            "std": 0.006643597891600215
        },
        "f1_macro": {
            "mean": 0.2956720246838281,
            "std": 0.009922491362668337
        }
    }
}