{
    "train": {
        "f1_weighted": 0.7170705507539435,
        "f1_micro": 0.7185014650481373,
        "f1_macro": 0.7223968081973844,
        "cross_entropy_loss": 0.7025257349014282
    },
    "val": {
        "f1_weighted": 0.6215857643998307,
        "f1_micro": 0.6183673469387755,
        "f1_macro": 0.610576445942706,
        "cross_entropy_loss": 0.9380766153335571
    },
    "test": {
        "f1_weighted": 0.6264972121724249,
        "f1_micro": 0.6245376078914919,
        "f1_macro": 0.6079277734629848,
        "cross_entropy_loss": 0.9247151017189026
    }
}