{
    "train": {
        "f1_weighted": 0.8208048978617418,
        "f1_micro": 0.8210548346588531,
        "f1_macro": 0.8231352278374834,
        "cross_entropy_loss": 0.46515196561813354
    },
    "val": {
        "f1_weighted": 0.6390650168934483,
        "f1_micro": 0.6387755102040816,
        "f1_macro": 0.6208062191866146,
        "cross_entropy_loss": 0.9210017323493958
    },
    "test": {
        "f1_weighted": 0.6434054124263663,
        "f1_micro": 0.6436498150431565,
        "f1_macro": 0.6217566399754623,
        "cross_entropy_loss": 0.9288537502288818
    }
}