{
    "train": {
        "f1_weighted": 0.7672016142399886,
        "f1_micro": 0.7668480535789033,
        "f1_macro": 0.7756903961764582,
        "cross_entropy_loss": 0.5796880722045898
    },
    "val": {
        "f1_weighted": 0.5837678138426294,
        "f1_micro": 0.5836734693877551,
        "f1_macro": 0.570545808227109,
        "cross_entropy_loss": 0.9873591065406799
    },
    "test": {
        "f1_weighted": 0.6321422907006873,
        "f1_micro": 0.6300863131935882,
        "f1_macro": 0.6283954661120864,
        "cross_entropy_loss": 0.9670405387878418
    }
}