{
    "train": {
        "f1_weighted": {
            "mean": 0.7511372545419521,
            "std": 0.04967890543664998
        },
        "f1_micro": {
            "mean": 0.7530347425701132,
            "std": 0.04673105669541233
        },
        "f1_macro": {
            "mean": 0.759810888488454,
            "std": 0.04610666436893293
        },
        "cross_entropy_loss": {
            "mean": 0.6128184080123902,
            "std": 0.09920898600162747
        }
    },
    "val": {
        "f1_weighted": {
            "mean": 0.6103930974628881,
            "std": 0.018817800834925714
        },
        "f1_micro": {
            "mean": 0.6114285714285714,
            "std": 0.018383213101858847
        },
        "f1_macro": {
            "mean": 0.5950424934122953,
            "std": 0.018272568837165503
        },
        "cross_entropy_loss": {
            "mean": 0.9439004421234131,
            "std": 0.023970862880334894
        }
    },
    "test": {
        "f1_weighted": {
            "mean": 0.6278450589666813,
            "std": 0.015401077830324706
        },
        "f1_micro": {
            "mean": 0.6276202219482121,
            "std": 0.01245925334556758
        },
        "f1_macro": {
            "mean": 0.6154646193967015,
            "std": 0.015972388385038103
        },
        "cross_entropy_loss": {
            "mean": 0.9342464327812194,
            "std": 0.01967877388953339
        }
    }
}