{
    "train": {
        "f1_weighted": 0.7666821632952213,
        "f1_micro": 0.7739513464811292,
        "f1_macro": 0.6412776492688661,
        "cross_entropy_loss": 0.8033950924873352
    },
    "val": {
        "f1_weighted": 0.6448121329580611,
        "f1_micro": 0.6600541027953111,
        "f1_macro": 0.5224010269729698,
        "cross_entropy_loss": 1.0820907354354858
    },
    "test": {
        "f1_weighted": 0.6578560194993827,
        "f1_micro": 0.6731800766283524,
        "f1_macro": 0.49365150848135475,
        "cross_entropy_loss": 1.0307337045669556
    }
}