{
    "train": {
        "f1_weighted": {
            "mean": 0.7666821632952213,
            "std": 0.0
        },
        "f1_micro": {
            "mean": 0.7739513464811292,
            "std": 0.0
        },
        "f1_macro": {
            "mean": 0.6412776492688661,
            "std": 0.0
        },
        "cross_entropy_loss": {
            "mean": 0.8033950924873352,
            "std": 0.0
        }
    },
    "val": {
        "f1_weighted": {
            "mean": 0.6448121329580611,
            "std": 0.0
        },
        "f1_micro": {
            "mean": 0.6600541027953111,
            "std": 0.0
        },
        "f1_macro": {
            "mean": 0.5224010269729698,
            "std": 0.0
        },
        "cross_entropy_loss": {
            "mean": 1.0820907354354858,
            "std": 0.0
        }
    },
    "test": {
        "f1_weighted": {
            "mean": 0.6578560194993827,
            "std": 0.0
        },
        "f1_micro": {
            "mean": 0.6731800766283524,
            "std": 0.0
        },
        "f1_macro": {
            "mean": 0.49365150848135475,
            "std": 0.0
        },
        "cross_entropy_loss": {
            "mean": 1.0307337045669556,
            "std": 0.0
        }
    }
}