{
    "train": {
        "f1_weighted": 0.6658734360786945,
        "f1_micro": 0.671410632063625,
        "f1_macro": 0.6749062785216258
    },
    "val": {
        "f1_weighted": 0.6085192542839921,
        "f1_micro": 0.6091836734693877,
        "f1_macro": 0.5926678245710009
    },
    "test": {
        "f1_weighted": 0.5895142744231853,
        "f1_micro": 0.5955610357583231,
        "f1_macro": 0.5685926090153326
    }
}