{
    "train": {
        "f1_weighted": {
            "mean": 0.7422411483626684,
            "std": 0.08054029066662739
        },
        "f1_micro": {
            "mean": 0.7455839263290078,
            "std": 0.07846731772990054
        },
        "f1_macro": {
            "mean": 0.748118441584046,
            "std": 0.07683938927260991
        }
    },
    "val": {
        "f1_weighted": {
            "mean": 0.6208549191405828,
            "std": 0.023173587503457226
        },
        "f1_micro": {
            "mean": 0.6197959183673469,
            "std": 0.02474863216090744
        },
        "f1_macro": {
            "mean": 0.6064791815686725,
            "std": 0.022482199386168238
        }
    },
    "test": {
        "f1_weighted": {
            "mean": 0.6231066439202058,
            "std": 0.024329147804270177
        },
        "f1_micro": {
            "mean": 0.6262638717632552,
            "std": 0.022943927693441203
        },
        "f1_macro": {
            "mean": 0.6026565184178494,
            "std": 0.02581413670531581
        }
    }
}