{
    "train": {
        "f1_weighted": 0.8230243555251117,
        "f1_micro": 0.8229384679782336,
        "f1_macro": 0.8235864648673754
    },
    "val": {
        "f1_weighted": 0.6628699648028993,
        "f1_micro": 0.6581632653061225,
        "f1_macro": 0.6349188915172073
    },
    "test": {
        "f1_weighted": 0.6898594943718585,
        "f1_micro": 0.6898890258939581,
        "f1_macro": 0.6627872206694896
    }
}