{
    "train": {
        "f1_weighted": 0.6829479777626982,
        "f1_micro": 0.6923398911678527,
        "f1_macro": 0.6929581759453494,
        "cross_entropy_loss": 0.755455732345581
    },
    "val": {
        "f1_weighted": 0.6137479494751953,
        "f1_micro": 0.6214285714285714,
        "f1_macro": 0.6039359022757714,
        "cross_entropy_loss": 0.9254831671714783
    },
    "test": {
        "f1_weighted": 0.6440306363350341,
        "f1_micro": 0.6510480887792849,
        "f1_macro": 0.6238227836403085,
        "cross_entropy_loss": 0.8861032724380493
    }
}