{
    "train": {
        "f1_weighted": 0.9249383843881646,
        "f1_micro": 0.9253178496345981,
        "f1_macro": 0.8755031112998571
    },
    "val": {
        "f1_weighted": 0.647060408516548,
        "f1_micro": 0.6519386834986475,
        "f1_macro": 0.5349522381114528
    },
    "test": {
        "f1_weighted": 0.6369599597265412,
        "f1_micro": 0.6386973180076628,
        "f1_macro": 0.4861459958855815
    }
}