{
    "train": {
        "f1_weighted": 0.830438312843175,
        "f1_micro": 0.8355190709780759,
        "f1_macro": 0.7253317888089598
    },
    "val": {
        "f1_weighted": 0.6538746802393155,
        "f1_micro": 0.6699729486023445,
        "f1_macro": 0.5257421764156104
    },
    "test": {
        "f1_weighted": 0.6416096888707883,
        "f1_micro": 0.6555555555555556,
        "f1_macro": 0.4742478252533778
    }
}