{
    "train": {
        "f1_weighted": 0.8437291936106105,
        "f1_micro": 0.8468315146661327,
        "f1_macro": 0.7593490824005389
    },
    "val": {
        "f1_weighted": 0.66602344248585,
        "f1_micro": 0.6753832281334535,
        "f1_macro": 0.547307456304643
    },
    "test": {
        "f1_weighted": 0.6503600158146152,
        "f1_micro": 0.6613026819923372,
        "f1_macro": 0.49302472152721916
    }
}