{
    "train": {
        "f1_weighted": 0.8855723784945638,
        "f1_micro": 0.8853739113024327,
        "f1_macro": 0.8192292422559265
    },
    "val": {
        "f1_weighted": 0.6560572714873852,
        "f1_micro": 0.6564472497745717,
        "f1_macro": 0.5386533212045196
    },
    "test": {
        "f1_weighted": 0.6459086864064334,
        "f1_micro": 0.6436781609195402,
        "f1_macro": 0.4936748894828951
    }
}