{
    "train": {
        "f1_weighted": {
            "mean": 0.8789511701810578,
            "std": 0.03666497706682356
        },
        "f1_micro": {
            "mean": 0.8807087796576234,
            "std": 0.034897337141102595
        },
        "f1_macro": {
            "mean": 0.8062027199267534,
            "std": 0.05615790674867282
        }
    },
    "val": {
        "f1_weighted": {
            "mean": 0.6544203043070482,
            "std": 0.006636807233642681
        },
        "f1_micro": {
            "mean": 0.6616771866546438,
            "std": 0.009255637453818799
        },
        "f1_macro": {
            "mean": 0.5359473110346595,
            "std": 0.007067163386559188
        }
    },
    "test": {
        "f1_weighted": {
            "mean": 0.6432322850476476,
            "std": 0.004551651098840867
        },
        "f1_micro": {
            "mean": 0.6494252873563219,
            "std": 0.008113202104255297
        },
        "f1_macro": {
            "mean": 0.48735731058566295,
            "std": 0.0070825595393710795
        }
    }
}