{
    "train": {
        "f1_weighted": 0.7724051921016236,
        "f1_micro": 0.7826609270197217,
        "f1_macro": 0.6304894009257177
    },
    "val": {
        "f1_weighted": 0.6365538439604976,
        "f1_micro": 0.6555455365193869,
        "f1_macro": 0.482093998126202
    },
    "test": {
        "f1_weighted": 0.6623083309152885,
        "f1_micro": 0.6766283524904214,
        "f1_macro": 0.49107484474328295
    }
}