{
    "train": {
        "f1_weighted": 0.8383939837474089,
        "f1_micro": 0.8441285413955351,
        "f1_macro": 0.7414076408446414
    },
    "val": {
        "f1_weighted": 0.6453346191216903,
        "f1_micro": 0.6654643823264202,
        "f1_macro": 0.5199548899239439
    },
    "test": {
        "f1_weighted": 0.6445118091544355,
        "f1_micro": 0.6632183908045977,
        "f1_macro": 0.477022948310286
    }
}