{
    "train": {
        "f1_weighted": 0.7857938990904287,
        "f1_micro": 0.7855641205325858,
        "f1_macro": 0.6783536785897153
    },
    "val": {
        "f1_weighted": 0.6334778894543276,
        "f1_micro": 0.6348061316501352,
        "f1_macro": 0.523448988492445
    },
    "test": {
        "f1_weighted": 0.6413289688358587,
        "f1_micro": 0.6448275862068965,
        "f1_macro": 0.4918923030844868
    }
}