{
    "train": {
        "f1_weighted": 0.750989906885156,
        "f1_micro": 0.7593352687956753,
        "f1_macro": 0.6026814049293481
    },
    "val": {
        "f1_weighted": 0.6427120762617073,
        "f1_micro": 0.6573489630297565,
        "f1_macro": 0.489993270881577
    },
    "test": {
        "f1_weighted": 0.6682774292406779,
        "f1_micro": 0.6800766283524904,
        "f1_macro": 0.49164195500513974
    }
}