{
    "train": {
        "f1_weighted": 0.7888872451204223,
        "f1_micro": 0.7935729302232456,
        "f1_macro": 0.676154617208904
    },
    "val": {
        "f1_weighted": 0.6575654963073908,
        "f1_micro": 0.6681695220919748,
        "f1_macro": 0.5283311879904992
    },
    "test": {
        "f1_weighted": 0.6607213761227543,
        "f1_micro": 0.6697318007662836,
        "f1_macro": 0.5025939686917111
    }
}