{
    "train": {
        "f1_weighted": 0.7871865555146318,
        "f1_micro": 0.7887676444088497,
        "f1_macro": 0.6750179845838626
    },
    "val": {
        "f1_weighted": 0.658221850902366,
        "f1_micro": 0.6654643823264202,
        "f1_macro": 0.5332159681463454
    },
    "test": {
        "f1_weighted": 0.6577570254412192,
        "f1_micro": 0.6609195402298851,
        "f1_macro": 0.4971723882113787
    }
}