{
    "train": {
        "f1_weighted": {
            "mean": 0.756437819062265,
            "std": 0.0
        },
        "f1_micro": {
            "mean": 0.7605248567732396,
            "std": 0.0
        },
        "f1_macro": {
            "mean": 0.6505734949620768,
            "std": 0.0
        },
        "cross_entropy_loss": {
            "mean": 0.18450967967510223,
            "std": 0.0
        }
    },
    "val": {
        "f1_weighted": {
            "mean": 0.5796992874662859,
            "std": 0.0
        },
        "f1_micro": {
            "mean": 0.5863689776733255,
            "std": 0.0
        },
        "f1_macro": {
            "mean": 0.35226067523118026,
            "std": 0.0
        },
        "cross_entropy_loss": {
            "mean": 0.2261916697025299,
            "std": 0.0
        }
    },
    "test": {
        "f1_weighted": {
            "mean": 0.5423142868230755,
            "std": 0.0
        },
        "f1_micro": {
            "mean": 0.5464389837567679,
            "std": 0.0
        },
        "f1_macro": {
            "mean": 0.4284492264061129,
            "std": 0.0
        },
        "cross_entropy_loss": {
            "mean": 0.3826187551021576,
            "std": 0.0
        }
    }
}