{
    "train": {
        "f1_weighted": 0.9232422651609705,
        "f1_micro": 0.9276635389631995,
        "f1_macro": 0.6695335912925134,
        "cross_entropy_loss": 0.23601175844669342
    },
    "val": {
        "f1_weighted": 0.9055515072726712,
        "f1_micro": 0.9094693028095734,
        "f1_macro": 0.6004969579398013,
        "cross_entropy_loss": 0.3181491196155548
    },
    "test": {
        "f1_weighted": 0.8562407286247448,
        "f1_micro": 0.864693446088795,
        "f1_macro": 0.5697581709359918,
        "cross_entropy_loss": 0.4036311209201813
    }
}