{
    "train": {
        "f1_weighted": 0.9042010070005457,
        "f1_micro": 0.9134890530378652,
        "f1_macro": 0.5761588976735744,
        "cross_entropy_loss": 0.279143750667572
    },
    "val": {
        "f1_weighted": 0.8916738972428168,
        "f1_micro": 0.9001040582726326,
        "f1_macro": 0.5355596282725477,
        "cross_entropy_loss": 0.31289348006248474
    },
    "test": {
        "f1_weighted": 0.842782035242566,
        "f1_micro": 0.8548273431994361,
        "f1_macro": 0.5240386273335452,
        "cross_entropy_loss": 0.4287607967853546
    }
}