{
    "train": {
        "f1_weighted": 0.7086663651878596,
        "f1_micro": 0.7214719411223552,
        "f1_macro": 0.5512249596645029,
        "cross_entropy_loss": 0.21703164279460907
    },
    "val": {
        "f1_weighted": 0.5402483782070125,
        "f1_micro": 0.5733558178752108,
        "f1_macro": 0.2668814134968683,
        "cross_entropy_loss": 0.24291078746318817
    },
    "test": {
        "f1_weighted": 0.5418851428280356,
        "f1_micro": 0.563894523326572,
        "f1_macro": 0.3483325534832358,
        "cross_entropy_loss": 0.3861977159976959
    }
}