{
    "train": {
        "f1_weighted": {
            "mean": 0.7086663651878596,
            "std": 0.0
        },
        "f1_micro": {
            "mean": 0.7214719411223552,
            "std": 0.0
        },
        "f1_macro": {
            "mean": 0.5512249596645029,
            "std": 0.0
        },
        "cross_entropy_loss": {
            "mean": 0.21703164279460907,
            "std": 0.0
        }
    },
    "val": {
        "f1_weighted": {
            "mean": 0.5402483782070125,
            "std": 0.0
        },
        "f1_micro": {
            "mean": 0.5733558178752108,
            "std": 0.0
        },
        "f1_macro": {
            "mean": 0.2668814134968683,
            "std": 0.0
        },
        "cross_entropy_loss": {
            "mean": 0.24291078746318817,
            "std": 0.0
        }
    },
    "test": {
        "f1_weighted": {
            "mean": 0.5418851428280356,
            "std": 0.0
        },
        "f1_micro": {
            "mean": 0.563894523326572,
            "std": 0.0
        },
        "f1_macro": {
            "mean": 0.3483325534832358,
            "std": 0.0
        },
        "cross_entropy_loss": {
            "mean": 0.3861977159976959,
            "std": 0.0
        }
    }
}