{
    "train": {
        "f1_weighted": 0.7333163386182809,
        "f1_micro": 0.7354541649225618,
        "f1_macro": 0.73388321153482,
        "cross_entropy_loss": 0.6683088541030884
    },
    "val": {
        "f1_weighted": 0.60634406211747,
        "f1_micro": 0.5989795918367347,
        "f1_macro": 0.5937320780001734,
        "cross_entropy_loss": 0.9499156475067139
    },
    "test": {
        "f1_weighted": 0.622262950342108,
        "f1_micro": 0.6233045622688039,
        "f1_macro": 0.5992101020807811,
        "cross_entropy_loss": 0.9362106323242188
    }
}