{
    "train": {
        "f1_weighted": 0.45118417621063456,
        "f1_micro": 0.4961747533722569,
        "f1_macro": 0.3614848075916924,
        "cross_entropy_loss": 1.4225889444351196
    },
    "val": {
        "f1_weighted": 0.36740532803778725,
        "f1_micro": 0.41592261904761907,
        "f1_macro": 0.2885834853842727,
        "cross_entropy_loss": 1.5991908311843872
    },
    "test": {
        "f1_weighted": 0.33779748058675985,
        "f1_micro": 0.39457831325301207,
        "f1_macro": 0.2788665528448934,
        "cross_entropy_loss": 1.6477501392364502
    }
}