{
    "train": {
        "f1_weighted": 0.9157070680547913,
        "f1_micro": 0.9226725227923072,
        "f1_macro": 0.6234370924995823,
        "cross_entropy_loss": 0.24262408912181854
    },
    "val": {
        "f1_weighted": 0.9067797941538258,
        "f1_micro": 0.9146722164412071,
        "f1_macro": 0.5605985054344631,
        "cross_entropy_loss": 0.28524249792099
    },
    "test": {
        "f1_weighted": 0.8640911852296239,
        "f1_micro": 0.8738548273431994,
        "f1_macro": 0.5604497627901787,
        "cross_entropy_loss": 0.3639276325702667
    }
}