{
    "train": {
        "f1_weighted": 0.9454411098421587,
        "f1_micro": 0.9474279629999335,
        "f1_macro": 0.8087214471726888,
        "cross_entropy_loss": 0.17536687850952148
    },
    "val": {
        "f1_weighted": 0.9058320461574346,
        "f1_micro": 0.9084287200832466,
        "f1_macro": 0.616018244871163,
        "cross_entropy_loss": 0.28835105895996094
    },
    "test": {
        "f1_weighted": 0.8817580224712604,
        "f1_micro": 0.8865398167723749,
        "f1_macro": 0.7043331983413887,
        "cross_entropy_loss": 0.34475868940353394
    }
}