{
    "train": {
        "f1_weighted": 0.7373405136385703,
        "f1_micro": 0.7367099204688154,
        "f1_macro": 0.7488202707131214
    },
    "val": {
        "f1_weighted": 0.6460645482973743,
        "f1_micro": 0.6418367346938776,
        "f1_macro": 0.6354051478266696
    },
    "test": {
        "f1_weighted": 0.6463642224442689,
        "f1_micro": 0.6436498150431565,
        "f1_macro": 0.639746705701049
    }
}