{
    "train": {
        "f1_weighted": {
            "mean": 0.7522239419649686,
            "std": 0.07199021868190919
        },
        "f1_micro": {
            "mean": 0.755253244035161,
            "std": 0.07025832265894903
        },
        "f1_macro": {
            "mean": 0.7617871559275592,
            "std": 0.06688841702302187
        }
    },
    "val": {
        "f1_weighted": {
            "mean": 0.6169740355152691,
            "std": 0.019788437573673847
        },
        "f1_micro": {
            "mean": 0.6214285714285714,
            "std": 0.018892713160870392
        },
        "f1_macro": {
            "mean": 0.5964649806481963,
            "std": 0.02259326630532165
        }
    },
    "test": {
        "f1_weighted": {
            "mean": 0.6363880102438864,
            "std": 0.012294248873527971
        },
        "f1_micro": {
            "mean": 0.6401972872996301,
            "std": 0.010097431609160637
        },
        "f1_macro": {
            "mean": 0.6203908248515716,
            "std": 0.014204035264978897
        }
    }
}