{
    "train": {
        "f1_weighted": 0.614147171025066,
        "f1_micro": 0.6383551114527287,
        "f1_macro": 0.40334606141964224,
        "cross_entropy_loss": 0.2747822403907776
    },
    "val": {
        "f1_weighted": 0.5399238829314533,
        "f1_micro": 0.5771587743732591,
        "f1_macro": 0.2790266308614932,
        "cross_entropy_loss": 0.23940438032150269
    },
    "test": {
        "f1_weighted": 0.514082713188,
        "f1_micro": 0.5468227424749165,
        "f1_macro": 0.31400616238230084,
        "cross_entropy_loss": 0.37883666157722473
    }
}