{
    "train": {
        "f1_weighted": 0.7436898806794775,
        "f1_micro": 0.7545299829812794,
        "f1_macro": 0.6103248344286463
    },
    "val": {
        "f1_weighted": 0.6272421653260503,
        "f1_micro": 0.6492335437330928,
        "f1_macro": 0.4851372117933997
    },
    "test": {
        "f1_weighted": 0.652685744055358,
        "f1_micro": 0.6693486590038314,
        "f1_macro": 0.47478761857702817
    }
}