{
    "train": {
        "f1_weighted": 0.7924152094665471,
        "f1_micro": 0.791544579321892,
        "f1_macro": 0.7942997394053407
    },
    "val": {
        "f1_weighted": 0.677378017469888,
        "f1_micro": 0.6744897959183673,
        "f1_macro": 0.6632504448030577
    },
    "test": {
        "f1_weighted": 0.692035509952395,
        "f1_micro": 0.686806411837238,
        "f1_macro": 0.6802036882597043
    }
}