{
    "train": {
        "f1_weighted": 0.7823934432780273,
        "f1_micro": 0.7827542904981164,
        "f1_macro": 0.7897201059915288
    },
    "val": {
        "f1_weighted": 0.6455856696967666,
        "f1_micro": 0.6479591836734694,
        "f1_macro": 0.6358823767011321
    },
    "test": {
        "f1_weighted": 0.6681614434118383,
        "f1_micro": 0.6664611590628853,
        "f1_macro": 0.6630274493062912
    }
}