{
    "train": {
        "f1_weighted": 0.8492948329170871,
        "f1_micro": 0.8493093344495605,
        "f1_macro": 0.8480081541147899
    },
    "val": {
        "f1_weighted": 0.6732885101650987,
        "f1_micro": 0.6704081632653062,
        "f1_macro": 0.6768047298285861
    },
    "test": {
        "f1_weighted": 0.6662727601768057,
        "f1_micro": 0.6639950678175093,
        "f1_macro": 0.6571549259974555
    }
}