{
    "train": {
        "f1_weighted": 0.4434823067014505,
        "f1_micro": 0.4962754177571975,
        "f1_macro": 0.3538481418028937,
        "cross_entropy_loss": 1.4114972352981567
    },
    "val": {
        "f1_weighted": 0.37794031430552916,
        "f1_micro": 0.42931547619047616,
        "f1_macro": 0.3067821764700212,
        "cross_entropy_loss": 1.575895071029663
    },
    "test": {
        "f1_weighted": 0.3489883722557029,
        "f1_micro": 0.4118975903614458,
        "f1_macro": 0.2921283607188213,
        "cross_entropy_loss": 1.5992320775985718
    }
}