{
    "train": {
        "f1_weighted": 0.8456302742924691,
        "f1_micro": 0.8461699455839263,
        "f1_macro": 0.8490911359823549,
        "cross_entropy_loss": 0.4237452447414398
    },
    "val": {
        "f1_weighted": 0.639534213340915,
        "f1_micro": 0.6387755102040816,
        "f1_macro": 0.635369167867612,
        "cross_entropy_loss": 0.9395579099655151
    },
    "test": {
        "f1_weighted": 0.6912414081344381,
        "f1_micro": 0.6898890258939581,
        "f1_macro": 0.6838389035542631,
        "cross_entropy_loss": 0.7941614389419556
    }
}