{
    "train": {
        "f1_weighted": 0.7109707723225659,
        "f1_micro": 0.7130598576810381,
        "f1_macro": 0.698255932760561,
        "cross_entropy_loss": 0.7946485877037048
    },
    "val": {
        "f1_weighted": 0.5383436349223671,
        "f1_micro": 0.5275510204081633,
        "f1_macro": 0.5118777240880891,
        "cross_entropy_loss": 1.2582157850265503
    },
    "test": {
        "f1_weighted": 0.5207254867220351,
        "f1_micro": 0.5234278668310728,
        "f1_macro": 0.5002987055378806,
        "cross_entropy_loss": 1.2660127878189087
    }
}