{
    "train": {
        "f1_weighted": 0.7738877381485896,
        "f1_micro": 0.7745918794474675,
        "f1_macro": 0.7754800635884713,
        "cross_entropy_loss": 0.6270291805267334
    },
    "val": {
        "f1_weighted": 0.59739205171572,
        "f1_micro": 0.5948979591836735,
        "f1_macro": 0.5775484539331205,
        "cross_entropy_loss": 1.0436460971832275
    },
    "test": {
        "f1_weighted": 0.5753236784611238,
        "f1_micro": 0.5782983970406905,
        "f1_macro": 0.5534733250564343,
        "cross_entropy_loss": 1.073610544204712
    }
}