{
    "train": {
        "f1_weighted": 0.48733208156263547,
        "f1_micro": 0.517213609824844,
        "f1_macro": 0.4137845067060181
    },
    "val": {
        "f1_weighted": 0.39061484069858554,
        "f1_micro": 0.4255952380952381,
        "f1_macro": 0.3243190751704182
    },
    "test": {
        "f1_weighted": 0.3662991500326056,
        "f1_micro": 0.411144578313253,
        "f1_macro": 0.313406335252396
    }
}