{
    "train": {
        "f1_weighted": 0.5694829609843228,
        "f1_micro": 0.6048922891081135,
        "f1_macro": 0.4956527767091541
    },
    "val": {
        "f1_weighted": 0.39549132305017654,
        "f1_micro": 0.43229166666666663,
        "f1_macro": 0.32844842848083916
    },
    "test": {
        "f1_weighted": 0.3642754853408863,
        "f1_micro": 0.4134036144578313,
        "f1_macro": 0.3054667743453527
    }
}