{
    "train": {
        "f1_weighted": 0.6828245077248524,
        "f1_micro": 0.7052740434332989,
        "f1_macro": 0.491596753923999,
        "cross_entropy_loss": 0.24434012174606323
    },
    "val": {
        "f1_weighted": 0.5731557030113494,
        "f1_micro": 0.6095744680851064,
        "f1_macro": 0.29596346503954035,
        "cross_entropy_loss": 0.22908911108970642
    },
    "test": {
        "f1_weighted": 0.5683692840310509,
        "f1_micro": 0.6009633197480547,
        "f1_macro": 0.35845425483036736,
        "cross_entropy_loss": 0.35833945870399475
    }
}