{
    "train": {
        "f1_weighted": {
            "mean": 0.6828245077248524,
            "std": 0.0
        },
        "f1_micro": {
            "mean": 0.7052740434332989,
            "std": 0.0
        },
        "f1_macro": {
            "mean": 0.491596753923999,
            "std": 0.0
        },
        "cross_entropy_loss": {
            "mean": 0.24434012174606323,
            "std": 0.0
        }
    },
    "val": {
        "f1_weighted": {
            "mean": 0.5731557030113494,
            "std": 0.0
        },
        "f1_micro": {
            "mean": 0.6095744680851064,
            "std": 0.0
        },
        "f1_macro": {
            "mean": 0.29596346503954035,
            "std": 0.0
        },
        "cross_entropy_loss": {
            "mean": 0.22908911108970642,
            "std": 0.0
        }
    },
    "test": {
        "f1_weighted": {
            "mean": 0.5683692840310509,
            "std": 0.0
        },
        "f1_micro": {
            "mean": 0.6009633197480547,
            "std": 0.0
        },
        "f1_macro": {
            "mean": 0.35845425483036736,
            "std": 0.0
        },
        "cross_entropy_loss": {
            "mean": 0.35833945870399475,
            "std": 0.0
        }
    }
}