{
    "train": {
        "f1_weighted": {
            "mean": 0.614147171025066,
            "std": 0.0
        },
        "f1_micro": {
            "mean": 0.6383551114527287,
            "std": 0.0
        },
        "f1_macro": {
            "mean": 0.40334606141964224,
            "std": 0.0
        },
        "cross_entropy_loss": {
            "mean": 0.2747822403907776,
            "std": 0.0
        }
    },
    "val": {
        "f1_weighted": {
            "mean": 0.5399238829314533,
            "std": 0.0
        },
        "f1_micro": {
            "mean": 0.5771587743732591,
            "std": 0.0
        },
        "f1_macro": {
            "mean": 0.2790266308614932,
            "std": 0.0
        },
        "cross_entropy_loss": {
            "mean": 0.23940438032150269,
            "std": 0.0
        }
    },
    "test": {
        "f1_weighted": {
            "mean": 0.514082713188,
            "std": 0.0
        },
        "f1_micro": {
            "mean": 0.5468227424749165,
            "std": 0.0
        },
        "f1_macro": {
            "mean": 0.31400616238230084,
            "std": 0.0
        },
        "cross_entropy_loss": {
            "mean": 0.37883666157722473,
            "std": 0.0
        }
    }
}