{
    "train": {
        "f1_weighted": 0.8609767443294268,
        "f1_micro": 0.8585443988387226,
        "f1_macro": 0.7860045923380686,
        "cross_entropy_loss": 0.6707570552825928
    },
    "val": {
        "f1_weighted": 0.6506838839641552,
        "f1_micro": 0.6465284039675383,
        "f1_macro": 0.5282624007116662,
        "cross_entropy_loss": 1.1572325229644775
    },
    "test": {
        "f1_weighted": 0.6474000263664094,
        "f1_micro": 0.6429118773946361,
        "f1_macro": 0.5023276724775221,
        "cross_entropy_loss": 1.172703504562378
    }
}