{
    "train": {
        "f1_weighted": 0.48026905543147064,
        "f1_micro": 0.5156029796657943,
        "f1_macro": 0.4031408589812732
    },
    "val": {
        "f1_weighted": 0.3954681550116759,
        "f1_micro": 0.43452380952380953,
        "f1_macro": 0.32421102445159383
    },
    "test": {
        "f1_weighted": 0.37027040703950187,
        "f1_micro": 0.42168674698795183,
        "f1_macro": 0.3147618774874879
    }
}