{
    "train": {
        "f1_weighted": 0.5683424423754656,
        "f1_micro": 0.6010670424803705,
        "f1_macro": 0.5026164922420182
    },
    "val": {
        "f1_weighted": 0.4018193496852127,
        "f1_micro": 0.44047619047619047,
        "f1_macro": 0.3309356392783842
    },
    "test": {
        "f1_weighted": 0.3676363593447391,
        "f1_micro": 0.42243975903614456,
        "f1_macro": 0.31339012210083933
    }
}