{
    "train": {
        "f1_weighted": 0.44007302988259844,
        "f1_micro": 0.49083954097040466,
        "f1_macro": 0.3439391383523739,
        "cross_entropy_loss": 1.4313969612121582
    },
    "val": {
        "f1_weighted": 0.37713768796210395,
        "f1_micro": 0.42931547619047616,
        "f1_macro": 0.29668738046736953,
        "cross_entropy_loss": 1.5813944339752197
    },
    "test": {
        "f1_weighted": 0.3500404051467488,
        "f1_micro": 0.41490963855421686,
        "f1_macro": 0.2832987294876929,
        "cross_entropy_loss": 1.636262059211731
    }
}