{
    "train": {
        "f1_weighted": 0.8100064555465779,
        "f1_micro": 0.8114273754709084,
        "f1_macro": 0.8112973766103795,
        "cross_entropy_loss": 0.5084820985794067
    },
    "val": {
        "f1_weighted": 0.6357009752989388,
        "f1_micro": 0.636734693877551,
        "f1_macro": 0.6216120794615294,
        "cross_entropy_loss": 0.8919036388397217
    },
    "test": {
        "f1_weighted": 0.6448466970421127,
        "f1_micro": 0.6516646115906288,
        "f1_macro": 0.6180975404655654,
        "cross_entropy_loss": 0.8565574288368225
    }
}