{
    "train": {
        "f1_weighted": 0.7815127468189486,
        "f1_micro": 0.7874662128341176,
        "f1_macro": 0.6396513671848626,
        "cross_entropy_loss": 0.7785628437995911
    },
    "val": {
        "f1_weighted": 0.6234426485712066,
        "f1_micro": 0.6375112714156899,
        "f1_macro": 0.48186732057469417,
        "cross_entropy_loss": 1.132641315460205
    },
    "test": {
        "f1_weighted": 0.6510006199180695,
        "f1_micro": 0.6601532567049808,
        "f1_macro": 0.48171282996227366,
        "cross_entropy_loss": 1.0675538778305054
    }
}