{
    "train": {
        "f1_weighted": 0.7641615414028398,
        "f1_micro": 0.7680448493342678,
        "f1_macro": 0.63829707647065,
        "cross_entropy_loss": 0.841303825378418
    },
    "val": {
        "f1_weighted": 0.6522675372776564,
        "f1_micro": 0.6609558160504959,
        "f1_macro": 0.5205005578122046,
        "cross_entropy_loss": 1.096865177154541
    },
    "test": {
        "f1_weighted": 0.6638743714940968,
        "f1_micro": 0.6724137931034483,
        "f1_macro": 0.4972866549829022,
        "cross_entropy_loss": 1.0459120273590088
    }
}