{
    "train": {
        "f1_weighted": 0.7764452300613308,
        "f1_micro": 0.7860646711382521,
        "f1_macro": 0.61866111085778,
        "accuracy": 0.7860646711382521
    },
    "val": {
        "f1_weighted": 0.5993802905593384,
        "f1_micro": 0.6203787195671776,
        "f1_macro": 0.4436156082866303,
        "accuracy": 0.6203787195671776
    },
    "test": {
        "f1_weighted": 0.6343808455695509,
        "f1_micro": 0.6478927203065135,
        "f1_macro": 0.4498798363176103,
        "accuracy": 0.6478927203065135
    }
}