{
    "train": {
        "f1_weighted": 0.725701497336444,
        "f1_micro": 0.7396135749324257,
        "f1_macro": 0.5246360166720593,
        "accuracy": 0.7396135749324256
    },
    "val": {
        "f1_weighted": 0.6048121802842202,
        "f1_micro": 0.6257889990982868,
        "f1_macro": 0.4385703155491835,
        "accuracy": 0.6257889990982868
    },
    "test": {
        "f1_weighted": 0.6352301204932722,
        "f1_micro": 0.6486590038314176,
        "f1_macro": 0.4399087799494529,
        "accuracy": 0.6486590038314176
    }
}