{
    "train": {
        "f1_weighted": 0.7173120843233792,
        "f1_micro": 0.7228966094600251,
        "f1_macro": 0.7114714604509339
    },
    "val": {
        "f1_weighted": 0.6023530582331607,
        "f1_micro": 0.6071428571428571,
        "f1_macro": 0.5986015754905752
    },
    "test": {
        "f1_weighted": 0.67006330102254,
        "f1_micro": 0.6812577065351418,
        "f1_macro": 0.6303547845611279
    }
}