{
    "train": {
        "f1_weighted": 0.7134289373401489,
        "f1_micro": 0.7199665131854333,
        "f1_macro": 0.7216373711396294
    },
    "val": {
        "f1_weighted": 0.6248245834888915,
        "f1_micro": 0.6357142857142857,
        "f1_macro": 0.5897649855911477
    },
    "test": {
        "f1_weighted": 0.6503875105101009,
        "f1_micro": 0.657213316892725,
        "f1_macro": 0.6302785379248818
    }
}