{
    "train": {
        "f1_weighted": 0.8048150131483516,
        "f1_micro": 0.8055671829217246,
        "f1_macro": 0.8022642754055997
    },
    "val": {
        "f1_weighted": 0.6241066757152633,
        "f1_micro": 0.6193877551020408,
        "f1_macro": 0.6019179206013674
    },
    "test": {
        "f1_weighted": 0.6791387208693702,
        "f1_micro": 0.6837237977805178,
        "f1_macro": 0.6483780100764067
    }
}