{
    "train": {
        "f1_weighted": 0.8554004649275835,
        "f1_micro": 0.8541230640435329,
        "f1_macro": 0.855315621665591
    },
    "val": {
        "f1_weighted": 0.6551037745460753,
        "f1_micro": 0.6551020408163265,
        "f1_macro": 0.644501259121049
    },
    "test": {
        "f1_weighted": 0.6704034715627044,
        "f1_micro": 0.6646115906288532,
        "f1_macro": 0.6625109696300756
    }
}