{
    "train": {
        "f1_weighted": 0.7112582302346425,
        "f1_micro": 0.7174550020929259,
        "f1_macro": 0.7094690530344185
    },
    "val": {
        "f1_weighted": 0.6507586479258034,
        "f1_micro": 0.6632653061224489,
        "f1_macro": 0.630426117792168
    },
    "test": {
        "f1_weighted": 0.6539535701622663,
        "f1_micro": 0.6633785450061652,
        "f1_macro": 0.6285894112982136
    }
}