{
    "train": {
        "f1_weighted": 0.7484522332048695,
        "f1_micro": 0.7471745500209293,
        "f1_macro": 0.7508096059114906
    },
    "val": {
        "f1_weighted": 0.6565469899549844,
        "f1_micro": 0.6530612244897959,
        "f1_macro": 0.6394897224731535
    },
    "test": {
        "f1_weighted": 0.6697263510883388,
        "f1_micro": 0.6652281134401973,
        "f1_macro": 0.6539507108184289
    }
}