{
    "train": {
        "f1_weighted": 0.8247016712788029,
        "f1_micro": 0.8252406864796987,
        "f1_macro": 0.824715312161239
    },
    "val": {
        "f1_weighted": 0.6625883185150713,
        "f1_micro": 0.6632653061224489,
        "f1_macro": 0.6372667399484664
    },
    "test": {
        "f1_weighted": 0.6623371171488103,
        "f1_micro": 0.6639950678175093,
        "f1_macro": 0.6497511317735977
    }
}