{
    "train": {
        "f1_weighted": 0.868095149036186,
        "f1_micro": 0.8694564020422465,
        "f1_macro": 0.7890611820109735
    },
    "val": {
        "f1_weighted": 0.6497637862872887,
        "f1_micro": 0.6582506762849414,
        "f1_macro": 0.5228745528219407
    },
    "test": {
        "f1_weighted": 0.6609132130314946,
        "f1_micro": 0.6647509578544061,
        "f1_macro": 0.5266899537749233
    }
}