{
    "train": {
        "f1_weighted": 0.813659852892429,
        "f1_micro": 0.8182000200220242,
        "f1_macro": 0.7042460422999797
    },
    "val": {
        "f1_weighted": 0.6490321631970694,
        "f1_micro": 0.6636609558160504,
        "f1_macro": 0.5119973220728758
    },
    "test": {
        "f1_weighted": 0.646839760821264,
        "f1_micro": 0.6551724137931034,
        "f1_macro": 0.4863866213949182
    }
}