{
    "train": {
        "f1_weighted": 0.8282555426772381,
        "f1_micro": 0.831114225648213,
        "f1_macro": 0.7239755175209478
    },
    "val": {
        "f1_weighted": 0.6440833123983569,
        "f1_micro": 0.6537421100090172,
        "f1_macro": 0.5212505369517448
    },
    "test": {
        "f1_weighted": 0.6526346513285551,
        "f1_micro": 0.6574712643678161,
        "f1_macro": 0.4975964349702165
    }
}