{
    "train": {
        "f1_weighted": {
            "mean": 0.8513327135061799,
            "std": 0.0298653527279592
        },
        "f1_micro": {
            "mean": 0.8537791570727802,
            "std": 0.028419188118249537
        },
        "f1_macro": {
            "mean": 0.761502154336364,
            "std": 0.044990326455656704
        }
    },
    "val": {
        "f1_weighted": {
            "mean": 0.6481950217679341,
            "std": 0.0027778871865436665
        },
        "f1_micro": {
            "mean": 0.6580703336339044,
            "std": 0.0036248424242094892
        },
        "f1_macro": {
            "mean": 0.5235416808851122,
            "std": 0.010888384401778027
        }
    },
    "test": {
        "f1_weighted": {
            "mean": 0.6502109565586313,
            "std": 0.006560321071385714
        },
        "f1_micro": {
            "mean": 0.6561685823754788,
            "std": 0.007004686517717343
        },
        "f1_macro": {
            "mean": 0.5012986252210803,
            "std": 0.013556648225560058
        }
    }
}