{
    "train": {
        "f1_weighted": 0.6766572403044685,
        "f1_micro": 0.6858518208455421,
        "f1_macro": 0.6936722979763843,
        "cross_entropy_loss": 0.7423663139343262
    },
    "val": {
        "f1_weighted": 0.6074236575793707,
        "f1_micro": 0.6153061224489796,
        "f1_macro": 0.5832407954037865,
        "cross_entropy_loss": 0.9491322040557861
    },
    "test": {
        "f1_weighted": 0.5991962049711055,
        "f1_micro": 0.6060419235511714,
        "f1_macro": 0.5878994536711721,
        "cross_entropy_loss": 0.942358672618866
    }
}