{
    "train": {
        "f1_weighted": 0.7946633620139221,
        "f1_micro": 0.7963583089158642,
        "f1_macro": 0.7822135334598895,
        "cross_entropy_loss": 0.5676468014717102
    },
    "val": {
        "f1_weighted": 0.5583591096368496,
        "f1_micro": 0.5520408163265306,
        "f1_macro": 0.5369080607997495,
        "cross_entropy_loss": 1.1924551725387573
    },
    "test": {
        "f1_weighted": 0.5606312650264539,
        "f1_micro": 0.564118372379778,
        "f1_macro": 0.5337463865059225,
        "cross_entropy_loss": 1.207783579826355
    }
}