{
    "train": {
        "f1_weighted": 0.733941909917546,
        "f1_micro": 0.7392214315613227,
        "f1_macro": 0.7238507971401876
    },
    "val": {
        "f1_weighted": 0.6191412991652159,
        "f1_micro": 0.6244897959183674,
        "f1_macro": 0.6154265330485253
    },
    "test": {
        "f1_weighted": 0.6690408896749194,
        "f1_micro": 0.6787916152897657,
        "f1_macro": 0.6411715819008545
    }
}