{
    "train": {
        "f1_weighted": 0.7309977145745166,
        "f1_micro": 0.7329426538300545,
        "f1_macro": 0.7324524502232493
    },
    "val": {
        "f1_weighted": 0.6338123098884281,
        "f1_micro": 0.6316326530612245,
        "f1_macro": 0.6053167064875357
    },
    "test": {
        "f1_weighted": 0.6639472648379364,
        "f1_micro": 0.6639950678175093,
        "f1_macro": 0.6300097625685883
    }
}