{
    "train": {
        "f1_weighted": 0.837005564009988,
        "f1_micro": 0.8373796567601507,
        "f1_macro": 0.8340214405536334
    },
    "val": {
        "f1_weighted": 0.6455656051764224,
        "f1_micro": 0.6448979591836734,
        "f1_macro": 0.6222830326506993
    },
    "test": {
        "f1_weighted": 0.6665345026513814,
        "f1_micro": 0.6707768187422934,
        "f1_macro": 0.6459448298019144
    }
}