{
    "train": {
        "f1_weighted": {
            "mean": 0.7839863725434367,
            "std": 0.0589190203931058
        },
        "f1_micro": {
            "mean": 0.7858936793637505,
            "std": 0.05720820697065582
        },
        "f1_macro": {
            "mean": 0.78363184645171,
            "std": 0.06050710828841511
        }
    },
    "val": {
        "f1_weighted": {
            "mean": 0.6365451570420917,
            "std": 0.019439831479093277
        },
        "f1_micro": {
            "mean": 0.6373469387755103,
            "std": 0.017984675785198603
        },
        "f1_macro": {
            "mean": 0.6222399406023211,
            "std": 0.021225347839956988
        }
    },
    "test": {
        "f1_weighted": {
            "mean": 0.6639606588617278,
            "std": 0.006614864862751565
        },
        "f1_micro": {
            "mean": 0.6659679408138102,
            "std": 0.009106190104876311
        },
        "f1_macro": {
            "mean": 0.6421955561848351,
            "std": 0.009963166058689205
        }
    }
}