{
    "train": {
        "f1_weighted": 0.6599204088702189,
        "f1_micro": 0.6686898283800753,
        "f1_macro": 0.6379645230857346,
        "cross_entropy_loss": 0.8807588219642639
    },
    "val": {
        "f1_weighted": 0.5477802360123326,
        "f1_micro": 0.5540816326530612,
        "f1_macro": 0.48552150449068804,
        "cross_entropy_loss": 1.2071434259414673
    },
    "test": {
        "f1_weighted": 0.5123303768740058,
        "f1_micro": 0.5258939580764488,
        "f1_macro": 0.48228953937745384,
        "cross_entropy_loss": 1.262874722480774
    }
}