{
    "train": {
        "f1_weighted": {
            "mean": 0.6599204088702189,
            "std": 0.0
        },
        "f1_micro": {
            "mean": 0.6686898283800753,
            "std": 0.0
        },
        "f1_macro": {
            "mean": 0.6379645230857346,
            "std": 0.0
        },
        "cross_entropy_loss": {
            "mean": 0.8807588219642639,
            "std": 0.0
        }
    },
    "val": {
        "f1_weighted": {
            "mean": 0.5477802360123326,
            "std": 0.0
        },
        "f1_micro": {
            "mean": 0.5540816326530612,
            "std": 0.0
        },
        "f1_macro": {
            "mean": 0.48552150449068804,
            "std": 0.0
        },
        "cross_entropy_loss": {
            "mean": 1.2071434259414673,
            "std": 0.0
        }
    },
    "test": {
        "f1_weighted": {
            "mean": 0.5123303768740058,
            "std": 0.0
        },
        "f1_micro": {
            "mean": 0.5258939580764488,
            "std": 0.0
        },
        "f1_macro": {
            "mean": 0.48228953937745384,
            "std": 0.0
        },
        "cross_entropy_loss": {
            "mean": 1.262874722480774,
            "std": 0.0
        }
    }
}