{
    "train": {
        "f1_weighted": 0.6014129419272304,
        "f1_micro": 0.6113436584344915,
        "f1_macro": 0.593906373181135,
        "cross_entropy_loss": 0.959013819694519
    },
    "val": {
        "f1_weighted": 0.5734180604849469,
        "f1_micro": 0.576530612244898,
        "f1_macro": 0.5357170008728821,
        "cross_entropy_loss": 1.05633544921875
    },
    "test": {
        "f1_weighted": 0.5255818576892484,
        "f1_micro": 0.5345252774352651,
        "f1_macro": 0.49400925430095816,
        "cross_entropy_loss": 1.1296896934509277
    }
}