{
    "train": {
        "f1_weighted": 0.4700556049024948,
        "f1_micro": 0.5101671028790014,
        "f1_macro": 0.3872812065364047,
        "cross_entropy_loss": 1.3994245529174805
    },
    "val": {
        "f1_weighted": 0.3928401117105538,
        "f1_micro": 0.4389880952380953,
        "f1_macro": 0.3174034399820839,
        "cross_entropy_loss": 1.547849416732788
    },
    "test": {
        "f1_weighted": 0.3590134622352753,
        "f1_micro": 0.4134036144578313,
        "f1_macro": 0.29875605902255825,
        "cross_entropy_loss": 1.5900804996490479
    }
}