{
    "train": {
        "f1_weighted": {
            "mean": 0.4700556049024948,
            "std": 0.0
        },
        "f1_micro": {
            "mean": 0.5101671028790014,
            "std": 0.0
        },
        "f1_macro": {
            "mean": 0.3872812065364047,
            "std": 0.0
        },
        "cross_entropy_loss": {
            "mean": 1.3994245529174805,
            "std": 0.0
        }
    },
    "val": {
        "f1_weighted": {
            "mean": 0.3928401117105538,
            "std": 0.0
        },
        "f1_micro": {
            "mean": 0.4389880952380953,
            "std": 0.0
        },
        "f1_macro": {
            "mean": 0.3174034399820839,
            "std": 0.0
        },
        "cross_entropy_loss": {
            "mean": 1.547849416732788,
            "std": 0.0
        }
    },
    "test": {
        "f1_weighted": {
            "mean": 0.3590134622352753,
            "std": 0.0
        },
        "f1_micro": {
            "mean": 0.4134036144578313,
            "std": 0.0
        },
        "f1_macro": {
            "mean": 0.29875605902255825,
            "std": 0.0
        },
        "cross_entropy_loss": {
            "mean": 1.5900804996490479,
            "std": 0.0
        }
    }
}