{
    "train": {
        "f1_weighted": 0.7316957330564616,
        "f1_micro": 0.7304311427375471,
        "f1_macro": 0.7253323114382643,
        "cross_entropy_loss": 0.750231146812439
    },
    "val": {
        "f1_weighted": 0.5461654812713447,
        "f1_micro": 0.5428571428571428,
        "f1_macro": 0.5124121712276487,
        "cross_entropy_loss": 1.1796679496765137
    },
    "test": {
        "f1_weighted": 0.5375361137248689,
        "f1_micro": 0.5363748458692972,
        "f1_macro": 0.5179988176329607,
        "cross_entropy_loss": 1.2279903888702393
    }
}