{
    "train": {
        "f1_weighted": 0.7605905674581345,
        "f1_micro": 0.7628714943491,
        "f1_macro": 0.7604651696736043
    },
    "val": {
        "f1_weighted": 0.6003679273143271,
        "f1_micro": 0.5979591836734693,
        "f1_macro": 0.587902231258019
    },
    "test": {
        "f1_weighted": 0.6786419388872446,
        "f1_micro": 0.6812577065351418,
        "f1_macro": 0.6556434603438475
    }
}