{
    "train": {
        "f1_weighted": 0.7393113098417173,
        "f1_micro": 0.739430724152365,
        "f1_macro": 0.744424400970749
    },
    "val": {
        "f1_weighted": 0.6436182231677738,
        "f1_micro": 0.6418367346938776,
        "f1_macro": 0.6182445276804841
    },
    "test": {
        "f1_weighted": 0.6287319663593474,
        "f1_micro": 0.6294697903822442,
        "f1_macro": 0.5984720021122057
    }
}