{
    "train": {
        "f1_weighted": 0.7121133834897007,
        "f1_micro": 0.7157806613645877,
        "f1_macro": 0.7181848379721992
    },
    "val": {
        "f1_weighted": 0.6279665627052117,
        "f1_micro": 0.6377551020408163,
        "f1_macro": 0.5996165232569814
    },
    "test": {
        "f1_weighted": 0.6271557840342058,
        "f1_micro": 0.6307028360049322,
        "f1_macro": 0.6022625326117163
    }
}