{
    "train": {
        "f1_weighted": 0.7608869742568215,
        "f1_micro": 0.7601506906655503,
        "f1_macro": 0.75824648910625
    },
    "val": {
        "f1_weighted": 0.6079697650982605,
        "f1_micro": 0.6051020408163266,
        "f1_macro": 0.5936505476303154
    },
    "test": {
        "f1_weighted": 0.6856791456316932,
        "f1_micro": 0.6824907521578298,
        "f1_macro": 0.6695498137905939
    }
}