{
    "train": {
        "f1_weighted": {
            "mean": 0.7745373150591565,
            "std": 0.06512338991152286
        },
        "f1_micro": {
            "mean": 0.7755127668480535,
            "std": 0.06418162652105146
        },
        "f1_macro": {
            "mean": 0.7761545942053452,
            "std": 0.0634608925605005
        }
    },
    "val": {
        "f1_weighted": {
            "mean": 0.628976912857028,
            "std": 0.023537611484109697
        },
        "f1_micro": {
            "mean": 0.6287755102040816,
            "std": 0.02372443493520102
        },
        "f1_macro": {
            "mean": 0.6089111019812344,
            "std": 0.020786601388897666
        }
    },
    "test": {
        "f1_weighted": {
            "mean": 0.660734947627043,
            "std": 0.026874972483691733
        },
        "f1_micro": {
            "mean": 0.6609124537607892,
            "std": 0.025179504138917563
        },
        "f1_macro": {
            "mean": 0.6395466991124559,
            "std": 0.03248745819011748
        }
    }
}