{
    "train": {
        "f1_weighted": 0.8145160664891608,
        "f1_micro": 0.8168689828380076,
        "f1_macro": 0.8096016257735648
    },
    "val": {
        "f1_weighted": 0.6362922095395127,
        "f1_micro": 0.6377551020408163,
        "f1_macro": 0.6358784915983429
    },
    "test": {
        "f1_weighted": 0.6487026739745099,
        "f1_micro": 0.6609124537607891,
        "f1_macro": 0.620384320433506
    }
}