{
    "train": {
        "f1_weighted": 0.9170718444427928,
        "f1_micro": 0.9166082690960056,
        "f1_macro": 0.8642281557354613
    },
    "val": {
        "f1_weighted": 0.5847384179588433,
        "f1_micro": 0.5987376014427412,
        "f1_macro": 0.4497312407974294
    },
    "test": {
        "f1_weighted": 0.6222246602224527,
        "f1_micro": 0.6275862068965518,
        "f1_macro": 0.45286376009216756
    }
}