{
    "train": {
        "f1_weighted": 0.850012732283339,
        "f1_micro": 0.8491340474521974,
        "f1_macro": 0.7587500801248092
    },
    "val": {
        "f1_weighted": 0.5942514323754838,
        "f1_micro": 0.6050495942290351,
        "f1_macro": 0.4592398213721292
    },
    "test": {
        "f1_weighted": 0.6174751512786116,
        "f1_micro": 0.6218390804597701,
        "f1_macro": 0.4511560486827134
    }
}