{
    "train": {
        "f1_weighted": 0.9904000932986954,
        "f1_micro": 0.9903894283712084,
        "f1_macro": 0.9875159840146944
    },
    "val": {
        "f1_weighted": 0.6036825402633949,
        "f1_micro": 0.6077547339945897,
        "f1_macro": 0.4961173495524879
    },
    "test": {
        "f1_weighted": 0.6106494666702116,
        "f1_micro": 0.6103448275862069,
        "f1_macro": 0.4475668090672368
    }
}