{
    "train": {
        "f1_weighted": 0.43922442935804107,
        "f1_micro": 0.49345681497886046,
        "f1_macro": 0.3441226903971276,
        "cross_entropy_loss": 1.428242564201355
    },
    "val": {
        "f1_weighted": 0.3729535577018384,
        "f1_micro": 0.42857142857142855,
        "f1_macro": 0.29250356858766374,
        "cross_entropy_loss": 1.588592529296875
    },
    "test": {
        "f1_weighted": 0.34837277922148546,
        "f1_micro": 0.4134036144578313,
        "f1_macro": 0.286141668876862,
        "cross_entropy_loss": 1.6206380128860474
    }
}