{
    "train": {
        "f1_weighted": 0.6731422309574258,
        "f1_micro": 0.6964661127239964,
        "f1_macro": 0.4429825644510838,
        "cross_entropy_loss": 0.94022136926651
    },
    "val": {
        "f1_weighted": 0.5893298459533713,
        "f1_micro": 0.6230838593327321,
        "f1_macro": 0.3889192951345504,
        "cross_entropy_loss": 1.1373404264450073
    },
    "test": {
        "f1_weighted": 0.6276500385162146,
        "f1_micro": 0.6505747126436782,
        "f1_macro": 0.3988821588316752,
        "cross_entropy_loss": 1.044687032699585
    }
}