{
    "train": {
        "f1_weighted": {
            "mean": 0.6670963650719512,
            "std": 0.04487097763278207
        },
        "f1_micro": {
            "mean": 0.6711176224361657,
            "std": 0.041928280083865524
        },
        "f1_macro": {
            "mean": 0.6691315452794525,
            "std": 0.04882026957807153
        },
        "cross_entropy_loss": {
            "mean": 0.8296985387802124,
            "std": 0.09331731299637182
        }
    },
    "val": {
        "f1_weighted": {
            "mean": 0.584234812814665,
            "std": 0.013838222062280924
        },
        "f1_micro": {
            "mean": 0.58,
            "std": 0.01461144679156635
        },
        "f1_macro": {
            "mean": 0.5550389046303337,
            "std": 0.02023568583943519
        },
        "cross_entropy_loss": {
            "mean": 1.0633577823638916,
            "std": 0.008990281833762749
        }
    },
    "test": {
        "f1_weighted": {
            "mean": 0.5668776183556741,
            "std": 0.022712631164785394
        },
        "f1_micro": {
            "mean": 0.569913686806412,
            "std": 0.020029307072469776
        },
        "f1_macro": {
            "mean": 0.5461725607978092,
            "std": 0.028885374649737786
        },
        "cross_entropy_loss": {
            "mean": 1.1117413520812989,
            "std": 0.01066204523075274
        }
    }
}