{
    "train": {
        "f1_weighted": 0.7948535221446329,
        "f1_micro": 0.7934282126412725,
        "f1_macro": 0.7947064628331191
    },
    "val": {
        "f1_weighted": 0.6700192351720161,
        "f1_micro": 0.6653061224489796,
        "f1_macro": 0.6470886281652519
    },
    "test": {
        "f1_weighted": 0.700057573730888,
        "f1_micro": 0.6954377311960542,
        "f1_macro": 0.6889828912663036
    }
}