{
    "train": {
        "f1_weighted": 0.8468979814309167,
        "f1_micro": 0.8470071159480954,
        "f1_macro": 0.8492445380252721
    },
    "val": {
        "f1_weighted": 0.655303515766053,
        "f1_micro": 0.6561224489795918,
        "f1_macro": 0.6426652100637352
    },
    "test": {
        "f1_weighted": 0.6920952029175941,
        "f1_micro": 0.6898890258939581,
        "f1_macro": 0.6874010823065416
    }
}