{
    "train": {
        "f1_weighted": 0.801665049718143,
        "f1_micro": 0.8030556718292172,
        "f1_macro": 0.797156401124728
    },
    "val": {
        "f1_weighted": 0.6524224549021405,
        "f1_micro": 0.6489795918367347,
        "f1_macro": 0.6364591110794579
    },
    "test": {
        "f1_weighted": 0.680783394325553,
        "f1_micro": 0.6855733662145499,
        "f1_macro": 0.6557193877469673
    }
}