{
    "train": {
        "f1_weighted": 0.7156208186510288,
        "f1_micro": 0.7264991490639704,
        "f1_macro": 0.5467183873179912,
        "cross_entropy_loss": 0.9054979085922241
    },
    "val": {
        "f1_weighted": 0.6113815311296323,
        "f1_micro": 0.630297565374211,
        "f1_macro": 0.44431758372911506,
        "cross_entropy_loss": 1.1113965511322021
    },
    "test": {
        "f1_weighted": 0.6437403205160854,
        "f1_micro": 0.6574712643678161,
        "f1_macro": 0.4543078283857623,
        "cross_entropy_loss": 1.0487364530563354
    }
}