{
    "train": {
        "f1_weighted": {
            "mean": 0.7156208186510288,
            "std": 0.0
        },
        "f1_micro": {
            "mean": 0.7264991490639704,
            "std": 0.0
        },
        "f1_macro": {
            "mean": 0.5467183873179912,
            "std": 0.0
        },
        "cross_entropy_loss": {
            "mean": 0.9054979085922241,
            "std": 0.0
        }
    },
    "val": {
        "f1_weighted": {
            "mean": 0.6113815311296323,
            "std": 0.0
        },
        "f1_micro": {
            "mean": 0.630297565374211,
            "std": 0.0
        },
        "f1_macro": {
            "mean": 0.44431758372911506,
            "std": 0.0
        },
        "cross_entropy_loss": {
            "mean": 1.1113965511322021,
            "std": 0.0
        }
    },
    "test": {
        "f1_weighted": {
            "mean": 0.6437403205160854,
            "std": 0.0
        },
        "f1_micro": {
            "mean": 0.6574712643678161,
            "std": 0.0
        },
        "f1_macro": {
            "mean": 0.4543078283857623,
            "std": 0.0
        },
        "cross_entropy_loss": {
            "mean": 1.0487364530563354,
            "std": 0.0
        }
    }
}