{
    "train": {
        "f1_weighted": 0.7921376574330623,
        "f1_micro": 0.7975773350685754,
        "f1_macro": 0.6833950390371758,
        "cross_entropy_loss": 0.7701050639152527
    },
    "val": {
        "f1_weighted": 0.6428182829844512,
        "f1_micro": 0.6591523895401262,
        "f1_macro": 0.5140219819733782,
        "cross_entropy_loss": 1.1304010152816772
    },
    "test": {
        "f1_weighted": 0.6465506248609639,
        "f1_micro": 0.6613026819923372,
        "f1_macro": 0.4900170113289786,
        "cross_entropy_loss": 1.0900704860687256
    }
}