{
    "train": {
        "f1_weighted": {
            "mean": 0.7921376574330623,
            "std": 0.0
        },
        "f1_micro": {
            "mean": 0.7975773350685754,
            "std": 0.0
        },
        "f1_macro": {
            "mean": 0.6833950390371758,
            "std": 0.0
        },
        "cross_entropy_loss": {
            "mean": 0.7701050639152527,
            "std": 0.0
        }
    },
    "val": {
        "f1_weighted": {
            "mean": 0.6428182829844512,
            "std": 0.0
        },
        "f1_micro": {
            "mean": 0.6591523895401262,
            "std": 0.0
        },
        "f1_macro": {
            "mean": 0.5140219819733782,
            "std": 0.0
        },
        "cross_entropy_loss": {
            "mean": 1.1304010152816772,
            "std": 0.0
        }
    },
    "test": {
        "f1_weighted": {
            "mean": 0.6465506248609639,
            "std": 0.0
        },
        "f1_micro": {
            "mean": 0.6613026819923372,
            "std": 0.0
        },
        "f1_macro": {
            "mean": 0.4900170113289786,
            "std": 0.0
        },
        "cross_entropy_loss": {
            "mean": 1.0900704860687256,
            "std": 0.0
        }
    }
}