{
    "train": {
        "f1_weighted": 0.810878710341602,
        "f1_micro": 0.8107994976977815,
        "f1_macro": 0.8131733545412915
    },
    "val": {
        "f1_weighted": 0.665300647925149,
        "f1_micro": 0.6602040816326531,
        "f1_macro": 0.6448924742989184
    },
    "test": {
        "f1_weighted": 0.6675445848538066,
        "f1_micro": 0.6670776818742293,
        "f1_macro": 0.6524569102431799
    }
}