{
    "train": {
        "f1_weighted": 0.8229895973609614,
        "f1_micro": 0.8237756383424026,
        "f1_macro": 0.8286174992540531
    },
    "val": {
        "f1_weighted": 0.6562621163619519,
        "f1_micro": 0.6551020408163265,
        "f1_macro": 0.644270877232955
    },
    "test": {
        "f1_weighted": 0.6745429776353499,
        "f1_micro": 0.6744759556103576,
        "f1_macro": 0.6622923609718873
    }
}