{
    "train": {
        "f1_weighted": 0.86542705920648,
        "f1_micro": 0.8656341565508581,
        "f1_macro": 0.8673848595896473
    },
    "val": {
        "f1_weighted": 0.6348478131335649,
        "f1_micro": 0.6316326530612245,
        "f1_macro": 0.6251077599823
    },
    "test": {
        "f1_weighted": 0.6293095857516201,
        "f1_micro": 0.6344019728729963,
        "f1_macro": 0.6097388783844822
    }
}