{
    "train": {
        "f1_weighted": 0.8955748749045971,
        "f1_micro": 0.8949351192967769,
        "f1_macro": 0.8958496763640982
    },
    "val": {
        "f1_weighted": 0.6652172283681745,
        "f1_micro": 0.6612244897959184,
        "f1_macro": 0.6549990093430186
    },
    "test": {
        "f1_weighted": 0.6683957752613738,
        "f1_micro": 0.6670776818742293,
        "f1_macro": 0.6509069714550488
    }
}