{
    "train": {
        "f1_weighted": {
            "mean": 0.8254781931637638,
            "std": 0.055443459071902096
        },
        "f1_micro": {
            "mean": 0.8264964420259522,
            "std": 0.05370041683291335
        },
        "f1_macro": {
            "mean": 0.8261355483440859,
            "std": 0.058021748725126325
        }
    },
    "val": {
        "f1_weighted": {
            "mean": 0.6462574913852543,
            "std": 0.021409290632811814
        },
        "f1_micro": {
            "mean": 0.6451020408163265,
            "std": 0.01754864720547403
        },
        "f1_macro": {
            "mean": 0.6353078274943115,
            "std": 0.017030329711407742
        }
    },
    "test": {
        "f1_weighted": {
            "mean": 0.6572216438291146,
            "std": 0.016908485126472302
        },
        "f1_micro": {
            "mean": 0.6593094944512947,
            "std": 0.01417519887861891
        },
        "f1_macro": {
            "mean": 0.6393834669200599,
            "std": 0.020131316426480042
        }
    }
}