{
    "train": {
        "f1_weighted": 0.7667777864696871,
        "f1_micro": 0.7693595646714106,
        "f1_macro": 0.772499884889128
    },
    "val": {
        "f1_weighted": 0.6231849755468585,
        "f1_micro": 0.6265306122448979,
        "f1_macro": 0.6002166493405138
    },
    "test": {
        "f1_weighted": 0.6425443830082379,
        "f1_micro": 0.6454993834771886,
        "f1_macro": 0.6229960700963068
    }
}