{
    "train": {
        "f1_weighted": 0.828787325545882,
        "f1_micro": 0.8281707827542905,
        "f1_macro": 0.8302984216171824
    },
    "val": {
        "f1_weighted": 0.6289478663360816,
        "f1_micro": 0.6244897959183674,
        "f1_macro": 0.6191757960563595
    },
    "test": {
        "f1_weighted": 0.6717004639568568,
        "f1_micro": 0.6683107274969173,
        "f1_macro": 0.662065280248168
    }
}