{
    "train": {
        "f1_weighted": 0.7910588474222454,
        "f1_micro": 0.7907074089577228,
        "f1_macro": 0.7933607354956943,
        "cross_entropy_loss": 0.5379945039749146
    },
    "val": {
        "f1_weighted": 0.6563158210631012,
        "f1_micro": 0.6561224489795918,
        "f1_macro": 0.641623914255724,
        "cross_entropy_loss": 0.8931077718734741
    },
    "test": {
        "f1_weighted": 0.692645981692695,
        "f1_micro": 0.6886559802712701,
        "f1_macro": 0.6794470353102774,
        "cross_entropy_loss": 0.8222749829292297
    }
}