{
    "train": {
        "f1_weighted": 0.8013922928860239,
        "f1_micro": 0.8015906236919214,
        "f1_macro": 0.80281811714252,
        "cross_entropy_loss": 0.529532790184021
    },
    "val": {
        "f1_weighted": 0.6492080993193541,
        "f1_micro": 0.65,
        "f1_macro": 0.6388133626068838,
        "cross_entropy_loss": 0.9094828963279724
    },
    "test": {
        "f1_weighted": 0.6807605661789561,
        "f1_micro": 0.6818742293464858,
        "f1_macro": 0.6755912217846514,
        "cross_entropy_loss": 0.8443548083305359
    }
}