{
    "train": {
        "f1_weighted": 0.8014874129423962,
        "f1_micro": 0.8020092088740058,
        "f1_macro": 0.8046431066520481,
        "cross_entropy_loss": 0.5243193507194519
    },
    "val": {
        "f1_weighted": 0.6542420874888153,
        "f1_micro": 0.65,
        "f1_macro": 0.6320745781849926,
        "cross_entropy_loss": 0.9216423630714417
    },
    "test": {
        "f1_weighted": 0.6939667260873362,
        "f1_micro": 0.6948212083847103,
        "f1_macro": 0.6792142861244881,
        "cross_entropy_loss": 0.8130701780319214
    }
}