{
    "train": {
        "f1_weighted": 0.8573212941072017,
        "f1_micro": 0.857262452909167,
        "f1_macro": 0.8571922863678806,
        "cross_entropy_loss": 0.4024907946586609
    },
    "val": {
        "f1_weighted": 0.675157507181472,
        "f1_micro": 0.676530612244898,
        "f1_macro": 0.6653551142115105,
        "cross_entropy_loss": 0.8735127449035645
    },
    "test": {
        "f1_weighted": 0.6588409268358381,
        "f1_micro": 0.657213316892725,
        "f1_macro": 0.6462362441057007,
        "cross_entropy_loss": 0.9238147139549255
    }
}