{
    "train": {
        "f1_weighted": {
            "mean": 0.8122532605808891,
            "std": 0.02332056183960618
        },
        "f1_micro": {
            "mean": 0.812599413980745,
            "std": 0.02327559456746233
        },
        "f1_macro": {
            "mean": 0.8138623244537045,
            "std": 0.022411373000032514
        },
        "cross_entropy_loss": {
            "mean": 0.5005639076232911,
            "std": 0.04997119172351424
        }
    },
    "val": {
        "f1_weighted": {
            "mean": 0.6541248980703362,
            "std": 0.012734208755835133
        },
        "f1_micro": {
            "mean": 0.6538775510204081,
            "std": 0.012978051506599716
        },
        "f1_macro": {
            "mean": 0.6398958097441281,
            "std": 0.014476192020826732
        },
        "cross_entropy_loss": {
            "mean": 0.8979298830032348,
            "std": 0.016440917464126403
        }
    },
    "test": {
        "f1_weighted": {
            "mean": 0.6742121795673875,
            "std": 0.019347017913351732
        },
        "f1_micro": {
            "mean": 0.6748458692971641,
            "std": 0.01724765952188624
        },
        "f1_macro": {
            "mean": 0.6597172655581366,
            "std": 0.02422940184115475
        },
        "cross_entropy_loss": {
            "mean": 0.8520144104957581,
            "std": 0.03907858326608313
        }
    }
}