{
    "train": {
        "f1_weighted": {
            "mean": 0.8100064555465779,
            "std": 0.0
        },
        "f1_micro": {
            "mean": 0.8114273754709084,
            "std": 0.0
        },
        "f1_macro": {
            "mean": 0.8112973766103795,
            "std": 0.0
        },
        "cross_entropy_loss": {
            "mean": 0.5084820985794067,
            "std": 0.0
        }
    },
    "val": {
        "f1_weighted": {
            "mean": 0.6357009752989388,
            "std": 0.0
        },
        "f1_micro": {
            "mean": 0.636734693877551,
            "std": 0.0
        },
        "f1_macro": {
            "mean": 0.6216120794615294,
            "std": 0.0
        },
        "cross_entropy_loss": {
            "mean": 0.8919036388397217,
            "std": 0.0
        }
    },
    "test": {
        "f1_weighted": {
            "mean": 0.6448466970421127,
            "std": 0.0
        },
        "f1_micro": {
            "mean": 0.6516646115906288,
            "std": 0.0
        },
        "f1_macro": {
            "mean": 0.6180975404655654,
            "std": 0.0
        },
        "cross_entropy_loss": {
            "mean": 0.8565574288368225,
            "std": 0.0
        }
    }
}