{
    "train": {
        "f1_weighted": 0.7548855407017913,
        "f1_micro": 0.7553369610715782,
        "f1_macro": 0.7533946271804711,
        "cross_entropy_loss": 0.6554675698280334
    },
    "val": {
        "f1_weighted": 0.568058213440965,
        "f1_micro": 0.5571428571428572,
        "f1_macro": 0.5486606472963926,
        "cross_entropy_loss": 1.1554795503616333
    },
    "test": {
        "f1_weighted": 0.5440775980584484,
        "f1_micro": 0.5462392108508015,
        "f1_macro": 0.5237517812595994,
        "cross_entropy_loss": 1.213585376739502
    }
}