{
    "train": {
        "f1_weighted": 0.7160656269742647,
        "f1_micro": 0.718292172457095,
        "f1_macro": 0.7172024966441618,
        "cross_entropy_loss": 0.7418214678764343
    },
    "val": {
        "f1_weighted": 0.5798148982961516,
        "f1_micro": 0.5795918367346938,
        "f1_macro": 0.5544401524734061,
        "cross_entropy_loss": 1.106151819229126
    },
    "test": {
        "f1_weighted": 0.5438010824430003,
        "f1_micro": 0.5487053020961775,
        "f1_macro": 0.5295291941202556,
        "cross_entropy_loss": 1.220754623413086
    }
}