{
    "train": {
        "f1_weighted": 0.7480873672993696,
        "f1_micro": 0.7505232314776056,
        "f1_macro": 0.7489272121794688,
        "cross_entropy_loss": 0.6632843017578125
    },
    "val": {
        "f1_weighted": 0.5617524364734571,
        "f1_micro": 0.5591836734693878,
        "f1_macro": 0.5418330331418778,
        "cross_entropy_loss": 1.139112114906311
    },
    "test": {
        "f1_weighted": 0.5626190723246408,
        "f1_micro": 0.5678175092478421,
        "f1_macro": 0.546315876257066,
        "cross_entropy_loss": 1.2004026174545288
    }
}