{
    "train": {
        "f1_weighted": 0.679864068044571,
        "f1_micro": 0.6827124319799079,
        "f1_macro": 0.6837424555362913,
        "cross_entropy_loss": 0.8186525702476501
    },
    "val": {
        "f1_weighted": 0.5646592934458693,
        "f1_micro": 0.5622448979591836,
        "f1_macro": 0.5405637461186189,
        "cross_entropy_loss": 1.1184343099594116
    },
    "test": {
        "f1_weighted": 0.5533695989546544,
        "f1_micro": 0.5554870530209618,
        "f1_macro": 0.5361467265941914,
        "cross_entropy_loss": 1.1714123487472534
    }
}