{
    "train": {
        "f1_weighted": 0.7621866204585104,
        "f1_micro": 0.7707478226048654,
        "f1_macro": 0.63452904226964,
        "cross_entropy_loss": 0.8185023069381714
    },
    "val": {
        "f1_weighted": 0.6361401446446554,
        "f1_micro": 0.6555455365193869,
        "f1_macro": 0.5152675425019263,
        "cross_entropy_loss": 1.1072397232055664
    },
    "test": {
        "f1_weighted": 0.6486193873710162,
        "f1_micro": 0.6647509578544061,
        "f1_macro": 0.48664424467169837,
        "cross_entropy_loss": 1.0502837896347046
    }
}