{
    "train": {
        "f1_weighted": 0.7884921894882692,
        "f1_micro": 0.7979777755531084,
        "f1_macro": 0.6517090635146799
    },
    "val": {
        "f1_weighted": 0.6500029633378964,
        "f1_micro": 0.6708746618575293,
        "f1_macro": 0.49957222770741694
    },
    "test": {
        "f1_weighted": 0.6582112671170897,
        "f1_micro": 0.6773946360153257,
        "f1_macro": 0.47010053405073815
    }
}