{
    "train": {
        "f1_weighted": 0.7974381739161136,
        "f1_micro": 0.7968765642206427,
        "f1_macro": 0.6862529012995627
    },
    "val": {
        "f1_weighted": 0.6479449961983051,
        "f1_micro": 0.6501352569882777,
        "f1_macro": 0.5030981143885659
    },
    "test": {
        "f1_weighted": 0.6588878406502842,
        "f1_micro": 0.6597701149425287,
        "f1_macro": 0.4979928433844335
    }
}