{
    "train": {
        "f1_weighted": 0.8348915493309752,
        "f1_micro": 0.8342402678945166,
        "f1_macro": 0.8370596235516663
    },
    "val": {
        "f1_weighted": 0.6514733970183352,
        "f1_micro": 0.6489795918367347,
        "f1_macro": 0.6439673367955366
    },
    "test": {
        "f1_weighted": 0.660882974285474,
        "f1_micro": 0.657213316892725,
        "f1_macro": 0.6454781262348261
    }
}