{
    "train": {
        "f1_weighted": 0.6785853808335605,
        "f1_micro": 0.6825031393888656,
        "f1_macro": 0.6848796951934427,
        "cross_entropy_loss": 0.8314965963363647
    },
    "val": {
        "f1_weighted": 0.551083750681238,
        "f1_micro": 0.5469387755102041,
        "f1_macro": 0.5292777731416505,
        "cross_entropy_loss": 1.1305372714996338
    },
    "test": {
        "f1_weighted": 0.5529859314264849,
        "f1_micro": 0.5561035758323057,
        "f1_macro": 0.5318104952387958,
        "cross_entropy_loss": 1.1538134813308716
    }
}