{
    "train": {
        "f1_weighted": {
            "mean": 0.7061196349556119,
            "std": 0.025708811271649607
        },
        "f1_micro": {
            "mean": 0.7100879028882376,
            "std": 0.02521828952444785
        },
        "f1_macro": {
            "mean": 0.7067990684779983,
            "std": 0.020355107429534842
        },
        "cross_entropy_loss": {
            "mean": 0.7591345906257629,
            "std": 0.059814709915325726
        }
    },
    "val": {
        "f1_weighted": {
            "mean": 0.5611346064687401,
            "std": 0.010588554724733659
        },
        "f1_micro": {
            "mean": 0.5573469387755101,
            "std": 0.012751428042296568
        },
        "f1_macro": {
            "mean": 0.5382281184063531,
            "std": 0.00582243864671131
        },
        "cross_entropy_loss": {
            "mean": 1.1225204467773438,
            "std": 0.015980341317294002
        }
    },
    "test": {
        "f1_weighted": {
            "mean": 0.5508764822135486,
            "std": 0.006142319710938631
        },
        "f1_micro": {
            "mean": 0.5563501849568434,
            "std": 0.007196170881092444
        },
        "f1_macro": {
            "mean": 0.5249441994430075,
            "std": 0.005615556634634482
        },
        "cross_entropy_loss": {
            "mean": 1.1690894842147828,
            "std": 0.020601713214723698
        }
    }
}