{
    "train": {
        "f1_weighted": 0.6626807427122307,
        "f1_micro": 0.6747593135203014,
        "f1_macro": 0.67963804817871
    },
    "val": {
        "f1_weighted": 0.5969907289405264,
        "f1_micro": 0.6071428571428571,
        "f1_macro": 0.5819498903170565
    },
    "test": {
        "f1_weighted": 0.6203111721301157,
        "f1_micro": 0.6276202219482121,
        "f1_macro": 0.5977884927114521
    }
}