{
    "train": {
        "f1_weighted": {
            "mean": 0.7380117465881348,
            "std": 0.10572421647880116
        },
        "f1_micro": {
            "mean": 0.7437840100460443,
            "std": 0.10134650062796069
        },
        "f1_macro": {
            "mean": 0.7445386876661528,
            "std": 0.09773856088678633
        }
    },
    "val": {
        "f1_weighted": {
            "mean": 0.6099937315422982,
            "std": 0.017681686208465212
        },
        "f1_micro": {
            "mean": 0.6138775510204082,
            "std": 0.01512959427987809
        },
        "f1_macro": {
            "mean": 0.5932111707813182,
            "std": 0.01838947233173307
        }
    },
    "test": {
        "f1_weighted": {
            "mean": 0.6319030681953018,
            "std": 0.015359226009445757
        },
        "f1_micro": {
            "mean": 0.6355117139334155,
            "std": 0.014849883321651871
        },
        "f1_macro": {
            "mean": 0.6120579719237498,
            "std": 0.016394636715115485
        }
    }
}