{
    "train": {
        "f1_weighted": 0.7507645708350417,
        "f1_micro": 0.7559648388447048,
        "f1_macro": 0.7484979798466534
    },
    "val": {
        "f1_weighted": 0.6055678474284442,
        "f1_micro": 0.6030612244897959,
        "f1_macro": 0.5886068608391716
    },
    "test": {
        "f1_weighted": 0.6438715848901407,
        "f1_micro": 0.6510480887792849,
        "f1_macro": 0.618827168115809
    }
}