{
    "train": {
        "f1_weighted": 0.7480712761856622,
        "f1_micro": 0.7549183758894935,
        "f1_macro": 0.7600129493885417
    },
    "val": {
        "f1_weighted": 0.5677527405346027,
        "f1_micro": 0.5704081632653061,
        "f1_macro": 0.5696933280924099
    },
    "test": {
        "f1_weighted": 0.6065196447964765,
        "f1_micro": 0.6103575832305795,
        "f1_macro": 0.5933637673715002
    }
}