{
    "train": {
        "f1_weighted": {
            "mean": 0.7284380404075874,
            "std": 0.04373631416402177
        },
        "f1_micro": {
            "mean": 0.7341146923398911,
            "std": 0.041483586649051864
        },
        "f1_macro": {
            "mean": 0.732635625283357,
            "std": 0.04661385799250094
        }
    },
    "val": {
        "f1_weighted": {
            "mean": 0.591949584674715,
            "std": 0.01698907714528948
        },
        "f1_micro": {
            "mean": 0.5910204081632654,
            "std": 0.015331950996728946
        },
        "f1_macro": {
            "mean": 0.5789092537886529,
            "std": 0.014351772088729332
        }
    },
    "test": {
        "f1_weighted": {
            "mean": 0.6146802159143251,
            "std": 0.01640557465310731
        },
        "f1_micro": {
            "mean": 0.6196054254007397,
            "std": 0.017005304077000582
        },
        "f1_macro": {
            "mean": 0.595169814855988,
            "std": 0.015426541234009588
        }
    }
}