{
    "train": {
        "f1_weighted": 0.768919569487704,
        "f1_micro": 0.7712431979907911,
        "f1_macro": 0.7703655223939015
    },
    "val": {
        "f1_weighted": 0.6408478927152973,
        "f1_micro": 0.6408163265306123,
        "f1_macro": 0.6253953777044076
    },
    "test": {
        "f1_weighted": 0.6365616327654373,
        "f1_micro": 0.6424167694204685,
        "f1_macro": 0.6136828437671142
    }
}