{
    "train": {
        "f1_weighted": 0.8467783377625914,
        "f1_micro": 0.8478442863122645,
        "f1_macro": 0.8433816427613502
    },
    "val": {
        "f1_weighted": 0.6444141982706799,
        "f1_micro": 0.6418367346938776,
        "f1_macro": 0.6196294813738695
    },
    "test": {
        "f1_weighted": 0.6544859507977439,
        "f1_micro": 0.659062885326757,
        "f1_macro": 0.6260321336590889
    }
}