{
    "train": {
        "f1_weighted": 0.8411055666239663,
        "f1_micro": 0.8417748011720385,
        "f1_macro": 0.8387650707190376
    },
    "val": {
        "f1_weighted": 0.6136574992684701,
        "f1_micro": 0.6091836734693877,
        "f1_macro": 0.6018360502344712
    },
    "test": {
        "f1_weighted": 0.6246055790696066,
        "f1_micro": 0.6300863131935882,
        "f1_macro": 0.6152512619863394
    }
}