{
    "train": {
        "f1_weighted": {
            "mean": 0.5105330448635198,
            "std": 0.024804454443715193
        },
        "f1_micro": {
            "mean": 0.550493255486209,
            "std": 0.023052416690917694
        },
        "f1_macro": {
            "mean": 0.4375917002031988,
            "std": 0.02859056356111798
        }
    },
    "val": {
        "f1_weighted": {
            "mean": 0.3888644334193547,
            "std": 0.012293137515599038
        },
        "f1_micro": {
            "mean": 0.4352678571428571,
            "std": 0.012827001154470228
        },
        "f1_macro": {
            "mean": 0.31637836643109163,
            "std": 0.013592190565182778
        }
    },
    "test": {
        "f1_weighted": {
            "mean": 0.35809093504454614,
            "std": 0.0072878420948756925
        },
        "f1_micro": {
            "mean": 0.41475903614457826,
            "std": 0.012201583795499451
        },
        "f1_macro": {
            "mean": 0.30034614820813027,
            "std": 0.003764207566865397
        }
    }
}