{
    "train": {
        "f1_weighted": {
            "mean": 0.4974216208045009,
            "std": 0.06175560021691353
        },
        "f1_micro": {
            "mean": 0.5433460841554258,
            "std": 0.04794540565391458
        },
        "f1_macro": {
            "mean": 0.4186982811565988,
            "std": 0.07132668909129138
        }
    },
    "val": {
        "f1_weighted": {
            "mean": 0.38710906695253444,
            "std": 0.016431920782829408
        },
        "f1_micro": {
            "mean": 0.43601190476190477,
            "std": 0.006867845690008528
        },
        "f1_macro": {
            "mean": 0.31495445717320586,
            "std": 0.019484318959631024
        }
    },
    "test": {
        "f1_weighted": {
            "mean": 0.3521954420558513,
            "std": 0.02205455323823346
        },
        "f1_micro": {
            "mean": 0.41310240963855416,
            "std": 0.008006044493977125
        },
        "f1_macro": {
            "mean": 0.29504497363124316,
            "std": 0.025712588077637558
        }
    }
}