{
    "train": {
        "f1_weighted": 0.7638342836253885,
        "f1_micro": 0.766543197517269,
        "f1_macro": 0.6320349667040157
    },
    "val": {
        "f1_weighted": 0.6527491923978029,
        "f1_micro": 0.6591523895401262,
        "f1_macro": 0.5073536294081463
    },
    "test": {
        "f1_weighted": 0.6621343110572816,
        "f1_micro": 0.6662835249042146,
        "f1_macro": 0.4891455563723515
    }
}