{
    "train": {
        "f1_weighted": 0.7551108799019249,
        "f1_micro": 0.762839123035339,
        "f1_macro": 0.618580517236236
    },
    "val": {
        "f1_weighted": 0.6384908771345241,
        "f1_micro": 0.6519386834986475,
        "f1_macro": 0.49401658234992013
    },
    "test": {
        "f1_weighted": 0.649924921973132,
        "f1_micro": 0.6632183908045977,
        "f1_macro": 0.46630777234956966
    }
}