{
    "train": {
        "f1_weighted": 0.7761075478656763,
        "f1_micro": 0.7775553108419261,
        "f1_macro": 0.6444711015698704
    },
    "val": {
        "f1_weighted": 0.6525663462288888,
        "f1_micro": 0.6618575293056808,
        "f1_macro": 0.5153812053245393
    },
    "test": {
        "f1_weighted": 0.6552528638128793,
        "f1_micro": 0.6578544061302682,
        "f1_macro": 0.4941889583273945
    }
}