{
    "train": {
        "f1_weighted": 0.8251335664969249,
        "f1_micro": 0.8250313938886562,
        "f1_macro": 0.8265164092547126
    },
    "val": {
        "f1_weighted": 0.6363296463938668,
        "f1_micro": 0.6357142857142857,
        "f1_macro": 0.6221450581064042
    },
    "test": {
        "f1_weighted": 0.6716841300564989,
        "f1_micro": 0.6732429099876696,
        "f1_macro": 0.6470582174650789
    }
}