{
    "train": {
        "f1_weighted": 0.8474631668776418,
        "f1_micro": 0.8509836751778987,
        "f1_macro": 0.8351284572720887
    },
    "val": {
        "f1_weighted": 0.6567480413829222,
        "f1_micro": 0.6581632653061225,
        "f1_macro": 0.6375217649476409
    },
    "test": {
        "f1_weighted": 0.6843933050605006,
        "f1_micro": 0.6954377311960542,
        "f1_macro": 0.657735291343049
    }
}