{
    "train": {
        "f1_weighted": 0.8073027173277971,
        "f1_micro": 0.8080786940142318,
        "f1_macro": 0.8091488409004947
    },
    "val": {
        "f1_weighted": 0.6390031782860883,
        "f1_micro": 0.639795918367347,
        "f1_macro": 0.618612994214918
    },
    "test": {
        "f1_weighted": 0.6741863219297239,
        "f1_micro": 0.6769420468557337,
        "f1_macro": 0.6593666048496326
    }
}