{
    "train": {
        "f1_weighted": 0.7346227112614758,
        "f1_micro": 0.7323147760569276,
        "f1_macro": 0.7331740515903644
    },
    "val": {
        "f1_weighted": 0.6491241081445047,
        "f1_micro": 0.6438775510204081,
        "f1_macro": 0.6357317451145977
    },
    "test": {
        "f1_weighted": 0.66110612679845,
        "f1_micro": 0.6553637484586929,
        "f1_macro": 0.6485457228844661
    }
}