{
    "train": {
        "f1_weighted": 0.7317671676511162,
        "accuracy": 0.7453198518370208
    },
    "val": {
        "f1_weighted": 0.5924060674814408,
        "accuracy": 0.6167718665464382
    },
    "test": {
        "f1_weighted": 0.6369137656897178,
        "accuracy": 0.6547892720306513
    }
}