{
    "train": {
        "f1_weighted": 0.7948036346702354,
        "f1_micro": 0.8023826208829713,
        "f1_macro": 0.6912315471505527,
        "cross_entropy_loss": 0.7520795464515686
    },
    "val": {
        "f1_weighted": 0.6636447282551817,
        "f1_micro": 0.6825969341749324,
        "f1_macro": 0.5606212266566538,
        "cross_entropy_loss": 1.1004078388214111
    },
    "test": {
        "f1_weighted": 0.6480650547034418,
        "f1_micro": 0.6689655172413793,
        "f1_macro": 0.4871374387919261,
        "cross_entropy_loss": 1.0711727142333984
    }
}