{
    "train": {
        "f1_weighted": 0.776098850063467,
        "f1_micro": 0.7878666533186505,
        "f1_macro": 0.6479460185945294,
        "cross_entropy_loss": 0.7786872386932373
    },
    "val": {
        "f1_weighted": 0.6321597168926227,
        "f1_micro": 0.6582506762849414,
        "f1_macro": 0.48195831510868203,
        "cross_entropy_loss": 1.1195144653320312
    },
    "test": {
        "f1_weighted": 0.6458896432143484,
        "f1_micro": 0.6693486590038314,
        "f1_macro": 0.47223427871704,
        "cross_entropy_loss": 1.0566432476043701
    }
}