{
    "train": {
        "f1_weighted": 0.7957498824894057,
        "f1_micro": 0.7992792071278406,
        "f1_macro": 0.6942194462722756,
        "cross_entropy_loss": 0.782237708568573
    },
    "val": {
        "f1_weighted": 0.6464594664207031,
        "f1_micro": 0.6609558160504959,
        "f1_macro": 0.519348958338589,
        "cross_entropy_loss": 1.0825138092041016
    },
    "test": {
        "f1_weighted": 0.6493562418525665,
        "f1_micro": 0.6624521072796935,
        "f1_macro": 0.486927925993141,
        "cross_entropy_loss": 1.0390009880065918
    }
}