{
    "train": {
        "f1_weighted": 0.6494057946911814,
        "f1_micro": 0.6619924654667225,
        "f1_macro": 0.6585657941110046
    },
    "val": {
        "f1_weighted": 0.5914360869642822,
        "f1_micro": 0.6030612244897959,
        "f1_macro": 0.5769403857722902
    },
    "test": {
        "f1_weighted": 0.6068437397580607,
        "f1_micro": 0.6159062885326757,
        "f1_macro": 0.5835605148837141
    }
}