{
    "train": {
        "f1_weighted": 0.9011048138833742,
        "f1_micro": 0.9016324822101298,
        "f1_macro": 0.897907137742694
    },
    "val": {
        "f1_weighted": 0.6299789189067071,
        "f1_micro": 0.6285714285714286,
        "f1_macro": 0.6030947250747262
    },
    "test": {
        "f1_weighted": 0.6409554482290778,
        "f1_micro": 0.6454993834771886,
        "f1_macro": 0.6170000271299412
    }
}