{
    "train": {
        "f1_weighted": {
            "mean": 0.43254514447222914,
            "std": 0.02962309310908172
        },
        "f1_micro": {
            "mean": 0.4857056573384336,
            "std": 0.023820094953238138
        },
        "f1_macro": {
            "mean": 0.33995191980868833,
            "std": 0.033946559202108144
        },
        "cross_entropy_loss": {
            "mean": 1.4464561462402343,
            "std": 0.05490428877152367
        }
    },
    "val": {
        "f1_weighted": {
            "mean": 0.3753405432122707,
            "std": 0.008479635716552926
        },
        "f1_micro": {
            "mean": 0.43125,
            "std": 0.006957541504500572
        },
        "f1_macro": {
            "mean": 0.2968351715234415,
            "std": 0.013051663085354926
        },
        "cross_entropy_loss": {
            "mean": 1.588977003097534,
            "std": 0.007863408682091268
        }
    },
    "test": {
        "f1_weighted": {
            "mean": 0.344142542250789,
            "std": 0.007571032319108943
        },
        "f1_micro": {
            "mean": 0.4085843373493976,
            "std": 0.004632095331093286
        },
        "f1_macro": {
            "mean": 0.2809491027989228,
            "std": 0.009605548307545573
        },
        "cross_entropy_loss": {
            "mean": 1.6218703985214233,
            "std": 0.004234405138160756
        }
    }
}