{
    "train": {
        "f1_weighted": 0.7334475693398161,
        "f1_micro": 0.7381749686061113,
        "f1_macro": 0.7341814229813176
    },
    "val": {
        "f1_weighted": 0.5928083727963261,
        "f1_micro": 0.5938775510204082,
        "f1_macro": 0.5845685365089374
    },
    "test": {
        "f1_weighted": 0.632426627723799,
        "f1_micro": 0.6399506781750924,
        "f1_macro": 0.6061344439505092
    }
}