{
    "train": {
        "f1_weighted": {
            "mean": 0.7820863854544218,
            "std": 0.07517675884261546
        },
        "f1_micro": {
            "mean": 0.7843030556718292,
            "std": 0.07394939594447618
        },
        "f1_macro": {
            "mean": 0.7824890859287199,
            "std": 0.07079110422799025
        }
    },
    "val": {
        "f1_weighted": {
            "mean": 0.626023554343998,
            "std": 0.025480860214711028
        },
        "f1_micro": {
            "mean": 0.6259183673469387,
            "std": 0.0243670392760805
        },
        "f1_macro": {
            "mean": 0.6067029575108227,
            "std": 0.023688501136051383
        }
    },
    "test": {
        "f1_weighted": {
            "mean": 0.6480336980397642,
            "std": 0.021049912778715013
        },
        "f1_micro": {
            "mean": 0.6543773119605425,
            "std": 0.021806438854760343
        },
        "f1_macro": {
            "mean": 0.6236088266149975,
            "std": 0.017948881587452583
        }
    }
}