{
    "train": {
        "f1_weighted": {
            "mean": 0.4894104616433138,
            "std": 0.008707708189854195
        },
        "f1_micro": {
            "mean": 0.5328568552446145,
            "std": 0.0038990267490261535
        },
        "f1_macro": {
            "mean": 0.4122191847248601,
            "std": 0.013256373435145886
        }
    },
    "val": {
        "f1_weighted": {
            "mean": 0.38139108623108803,
            "std": 0.0053503256563789715
        },
        "f1_micro": {
            "mean": 0.43050595238095235,
            "std": 0.004064434608258241
        },
        "f1_macro": {
            "mean": 0.30873067761155604,
            "std": 0.00836027888283956
        }
    },
    "test": {
        "f1_weighted": {
            "mean": 0.35517874734709853,
            "std": 0.011476460437135304
        },
        "f1_micro": {
            "mean": 0.41566265060240964,
            "std": 0.005793790380021491
        },
        "f1_macro": {
            "mean": 0.29442912877082844,
            "std": 0.01492501238517222
        }
    }
}