{
    "train": {
        "f1_weighted": 0.9446006115674521,
        "f1_micro": 0.9454981034138551,
        "f1_macro": 0.7925346977130557,
        "cross_entropy_loss": 0.18188199400901794
    },
    "val": {
        "f1_weighted": 0.9123605750528059,
        "f1_micro": 0.9136316337148803,
        "f1_macro": 0.647776819078003,
        "cross_entropy_loss": 0.2783750593662262
    },
    "test": {
        "f1_weighted": 0.8876600167108925,
        "f1_micro": 0.8879492600422833,
        "f1_macro": 0.7169616574432015,
        "cross_entropy_loss": 0.33074504137039185
    }
}