{
    "train": {
        "f1_weighted": 0.9626805997684253,
        "f1_micro": 0.9630664803353963,
        "f1_macro": 0.8737012802542091,
        "cross_entropy_loss": 0.12468820810317993
    },
    "val": {
        "f1_weighted": 0.9112650469340943,
        "f1_micro": 0.9115504682622269,
        "f1_macro": 0.6267000236025613,
        "cross_entropy_loss": 0.28161340951919556
    },
    "test": {
        "f1_weighted": 0.8944699931200509,
        "f1_micro": 0.8957011980267794,
        "f1_macro": 0.7463413428260153,
        "cross_entropy_loss": 0.35841482877731323
    }
}