{
    "train": {
        "f1_weighted": 0.47101476640013396,
        "f1_micro": 0.5266760620092611,
        "f1_macro": 0.3850271948001014
    },
    "val": {
        "f1_weighted": 0.37416431082866985,
        "f1_micro": 0.43229166666666663,
        "f1_macro": 0.29412245668027487
    },
    "test": {
        "f1_weighted": 0.34509596629809663,
        "f1_micro": 0.41716867469879526,
        "f1_macro": 0.28436509263476223
    }
}