{
    "train": {
        "f1_weighted": 0.49469831073417037,
        "f1_micro": 0.5276827058586672,
        "f1_macro": 0.42031781558739106
    },
    "val": {
        "f1_weighted": 0.38041633114756257,
        "f1_micro": 0.4181547619047619,
        "f1_macro": 0.3140599759826722
    },
    "test": {
        "f1_weighted": 0.3547544494878212,
        "f1_micro": 0.4028614457831326,
        "f1_macro": 0.3067044468175718
    }
}