{
    "train": {
        "f1_weighted": 0.7355712995747398,
        "f1_micro": 0.7385935537881958,
        "f1_macro": 0.7307963933913587,
        "cross_entropy_loss": 0.7043185234069824
    },
    "val": {
        "f1_weighted": 0.5566566981228281,
        "f1_micro": 0.5510204081632653,
        "f1_macro": 0.53972912892142,
        "cross_entropy_loss": 1.1247777938842773
    },
    "test": {
        "f1_weighted": 0.5466374274653409,
        "f1_micro": 0.5542540073982737,
        "f1_macro": 0.5171286610114276,
        "cross_entropy_loss": 1.1726452112197876
    }
}