{
    "train": {
        "f1_weighted": 0.5574998818465404,
        "f1_micro": 0.5942218643044092,
        "f1_macro": 0.48803001602075674
    },
    "val": {
        "f1_weighted": 0.38817564164538493,
        "f1_micro": 0.43229166666666663,
        "f1_macro": 0.3151348456520607
    },
    "test": {
        "f1_weighted": 0.373024324279301,
        "f1_micro": 0.4246987951807229,
        "f1_macro": 0.3208725300607655
    }
}