{
    "train": {
        "f1_weighted": 0.4724545001407237,
        "f1_micro": 0.5150996577410912,
        "f1_macro": 0.3952682707223077
    },
    "val": {
        "f1_weighted": 0.3871221002161958,
        "f1_micro": 0.43452380952380953,
        "f1_macro": 0.31461668773617457
    },
    "test": {
        "f1_weighted": 0.3594963764358138,
        "f1_micro": 0.41867469879518066,
        "f1_macro": 0.30015830052893777
    }
}