{
    "train": {
        "f1_weighted": 0.7237326048115041,
        "accuracy": 0.7396135749324256
    },
    "val": {
        "f1_weighted": 0.5935155399901363,
        "accuracy": 0.6194770063119928
    },
    "test": {
        "f1_weighted": 0.640220748611329,
        "accuracy": 0.657088122605364
    }
}