{
    "train": {
        "f1_weighted": {
            "mean": 0.7033329875187875,
            "std": 0.0365870228350126
        },
        "f1_micro": {
            "mean": 0.7217539293222546,
            "std": 0.03308833205567273
        },
        "f1_macro": {
            "mean": 0.5011999266445937,
            "std": 0.05603217374630811
        },
        "accuracy": {
            "mean": 0.7217539293222546,
            "std": 0.03308833205567273
        }
    },
    "val": {
        "f1_weighted": {
            "mean": 0.5883543239871717,
            "std": 0.007426811417628615
        },
        "f1_micro": {
            "mean": 0.618214607754734,
            "std": 0.006810174062578623
        },
        "f1_macro": {
            "mean": 0.40506092714952213,
            "std": 0.018034901593049452
        },
        "accuracy": {
            "mean": 0.618214607754734,
            "std": 0.006810174062578623
        }
    },
    "test": {
        "f1_weighted": {
            "mean": 0.6325761642264343,
            "std": 0.004704532310622483
        },
        "f1_micro": {
            "mean": 0.6518773946360152,
            "std": 0.0032383979477571463
        },
        "f1_macro": {
            "mean": 0.4237952299484361,
            "std": 0.017257113653941145
        },
        "accuracy": {
            "mean": 0.6518773946360152,
            "std": 0.0032383979477571463
        }
    }
}