{
    "train": {
        "f1_weighted": {
            "mean": 0.7693671659340676,
            "std": 0.04864617198215644
        },
        "f1_micro": {
            "mean": 0.7708664713269149,
            "std": 0.047064017294028086
        },
        "f1_macro": {
            "mean": 0.7724542712000568,
            "std": 0.04756313006792356
        }
    },
    "val": {
        "f1_weighted": {
            "mean": 0.643200835743755,
            "std": 0.006923916720010535
        },
        "f1_micro": {
            "mean": 0.6434693877551021,
            "std": 0.008672869126888045
        },
        "f1_macro": {
            "mean": 0.6233715874153336,
            "std": 0.008790430639161803
        }
    },
    "test": {
        "f1_weighted": {
            "mean": 0.6686521278734945,
            "std": 0.017103246952114733
        },
        "f1_micro": {
            "mean": 0.6684340320591863,
            "std": 0.018414949151757797
        },
        "f1_macro": {
            "mean": 0.6497602903228382,
            "std": 0.015768989951457046
        }
    }
}