{
    "train": {
        "f1_weighted": 0.724962381896196,
        "f1_micro": 0.737711482630894,
        "f1_macro": 0.5776544505833356,
        "cross_entropy_loss": 0.8710047602653503
    },
    "val": {
        "f1_weighted": 0.6165317668502404,
        "f1_micro": 0.6420198376916141,
        "f1_macro": 0.47058482936682805,
        "cross_entropy_loss": 1.1146996021270752
    },
    "test": {
        "f1_weighted": 0.6529410304566295,
        "f1_micro": 0.671647509578544,
        "f1_macro": 0.4667566069227897,
        "cross_entropy_loss": 1.0287901163101196
    }
}