{
    "train": {
        "f1_weighted": 0.7541850242414089,
        "f1_micro": 0.7601361497647412,
        "f1_macro": 0.614315275049634,
        "cross_entropy_loss": 0.8424257040023804
    },
    "val": {
        "f1_weighted": 0.6200497861367663,
        "f1_micro": 0.6348061316501352,
        "f1_macro": 0.472690490321892,
        "cross_entropy_loss": 1.1402281522750854
    },
    "test": {
        "f1_weighted": 0.6566458797884109,
        "f1_micro": 0.668199233716475,
        "f1_macro": 0.47264093279982394,
        "cross_entropy_loss": 1.051153540611267
    }
}