{
    "train": {
        "f1_weighted": 0.7665963025939105,
        "f1_micro": 0.7793572930223246,
        "f1_macro": 0.6347854160483974,
        "cross_entropy_loss": 0.7976986765861511
    },
    "val": {
        "f1_weighted": 0.6132312941187743,
        "f1_micro": 0.6420198376916141,
        "f1_macro": 0.47467201589593583,
        "cross_entropy_loss": 1.1478803157806396
    },
    "test": {
        "f1_weighted": 0.6401570454598559,
        "f1_micro": 0.6632183908045977,
        "f1_macro": 0.45901439280028716,
        "cross_entropy_loss": 1.080580472946167
    }
}