{
    "train": {
        "f1_weighted": 0.7715469123890457,
        "f1_micro": 0.7731268313101717,
        "f1_macro": 0.777542538685549
    },
    "val": {
        "f1_weighted": 0.615549945210364,
        "f1_micro": 0.6153061224489796,
        "f1_macro": 0.5937638781746936
    },
    "test": {
        "f1_weighted": 0.6494109383679001,
        "f1_micro": 0.654747225647349,
        "f1_macro": 0.6280649165620766
    }
}