{
    "train": {
        "f1_weighted": 0.7486030182432445,
        "f1_micro": 0.7505232314776056,
        "f1_macro": 0.7576953755466967
    },
    "val": {
        "f1_weighted": 0.6090246934123783,
        "f1_micro": 0.6061224489795919,
        "f1_macro": 0.6077013228227756
    },
    "test": {
        "f1_weighted": 0.6515240639089643,
        "f1_micro": 0.6510480887792849,
        "f1_macro": 0.6390290351216423
    }
}