{
    "train": {
        "f1_weighted": {
            "mean": 0.7678940683280951,
            "std": 0.034626584629071505
        },
        "f1_micro": {
            "mean": 0.7691084135621599,
            "std": 0.03431004627700898
        },
        "f1_macro": {
            "mean": 0.7750497889125182,
            "std": 0.032639137668122424
        }
    },
    "val": {
        "f1_weighted": {
            "mean": 0.6216761058426427,
            "std": 0.01845467957362936
        },
        "f1_micro": {
            "mean": 0.6206122448979592,
            "std": 0.018808754951010514
        },
        "f1_macro": {
            "mean": 0.6116571590337705,
            "std": 0.015936559224788066
        }
    },
    "test": {
        "f1_weighted": {
            "mean": 0.6431506138943258,
            "std": 0.01612637723286945
        },
        "f1_micro": {
            "mean": 0.644019728729963,
            "std": 0.017181418937953483
        },
        "f1_macro": {
            "mean": 0.6268320916820482,
            "std": 0.01570035453435608
        }
    }
}