{
    "train": {
        "f1_weighted": 0.6494597405226292,
        "f1_micro": 0.6561322729175387,
        "f1_macro": 0.6552629190319839
    },
    "val": {
        "f1_weighted": 0.5950310170910394,
        "f1_micro": 0.5928571428571429,
        "f1_macro": 0.574037383696852
    },
    "test": {
        "f1_weighted": 0.6162591871646087,
        "f1_micro": 0.6196054254007398,
        "f1_macro": 0.5931032236213786
    }
}