{
    "train": {
        "f1_weighted": 0.6600253487758417,
        "f1_micro": 0.6672247802427794,
        "f1_macro": 0.6634199061133795
    },
    "val": {
        "f1_weighted": 0.583236756371291,
        "f1_micro": 0.5857142857142857,
        "f1_macro": 0.5697941463527477
    },
    "test": {
        "f1_weighted": 0.6155658237634202,
        "f1_micro": 0.6214549938347719,
        "f1_macro": 0.5882699831324373
    }
}