{
    "train": {
        "f1_weighted": 0.8013404378253292,
        "f1_micro": 0.801481629792772,
        "f1_macro": 0.6913676801835129
    },
    "val": {
        "f1_weighted": 0.64896162748952,
        "f1_micro": 0.6537421100090172,
        "f1_macro": 0.5227299989245273
    },
    "test": {
        "f1_weighted": 0.659839580055195,
        "f1_micro": 0.6647509578544061,
        "f1_macro": 0.5079446064729428
    }
}