{
    "train": {
        "f1_weighted": 0.8018344535873138,
        "f1_micro": 0.8044849334267694,
        "f1_macro": 0.6974832038431821
    },
    "val": {
        "f1_weighted": 0.6508620499653902,
        "f1_micro": 0.6618575293056808,
        "f1_macro": 0.5192467682080978
    },
    "test": {
        "f1_weighted": 0.6601262521817247,
        "f1_micro": 0.6655172413793103,
        "f1_macro": 0.4957382755382997
    }
}