{
    "train": {
        "f1_weighted": 0.6725689733191423,
        "f1_micro": 0.6743215802104486,
        "f1_macro": 0.5662141686917931,
        "cross_entropy_loss": 0.2527155876159668
    },
    "val": {
        "f1_weighted": 0.5841201272569084,
        "f1_micro": 0.6010303377218088,
        "f1_macro": 0.37239447425644423,
        "cross_entropy_loss": 0.2253507375717163
    },
    "test": {
        "f1_weighted": 0.5681370512650458,
        "f1_micro": 0.5754414125200642,
        "f1_macro": 0.4234406423827379,
        "cross_entropy_loss": 0.36615508794784546
    }
}