{
    "train": {
        "f1_weighted": 0.4995033937858037,
        "f1_micro": 0.5105331716300588,
        "f1_macro": 0.3205142718003628,
        "cross_entropy_loss": 0.3205353319644928
    },
    "val": {
        "f1_weighted": 0.4665745759774675,
        "f1_micro": 0.4801097393689986,
        "f1_macro": 0.2389002196341193,
        "cross_entropy_loss": 0.23257093131542206
    },
    "test": {
        "f1_weighted": 0.44555274639369535,
        "f1_micro": 0.4586977648202138,
        "f1_macro": 0.27455475810738966,
        "cross_entropy_loss": 0.3713151216506958
    }
}