{
    "train": {
        "f1_weighted": 0.8349984825111754,
        "f1_micro": 0.8346588530766009,
        "f1_macro": 0.8325313050514129,
        "cross_entropy_loss": 0.42027220129966736
    },
    "val": {
        "f1_weighted": 0.5982715036695265,
        "f1_micro": 0.5959183673469388,
        "f1_macro": 0.5908332717860697,
        "cross_entropy_loss": 0.9863227605819702
    },
    "test": {
        "f1_weighted": 0.6487971901409509,
        "f1_micro": 0.6485819975339088,
        "f1_macro": 0.6324900989287231,
        "cross_entropy_loss": 0.9295976161956787
    }
}