{
    "train": {
        "f1_weighted": {
            "mean": 0.8349984825111754,
            "std": 0.0
        },
        "f1_micro": {
            "mean": 0.8346588530766009,
            "std": 0.0
        },
        "f1_macro": {
            "mean": 0.8325313050514129,
            "std": 0.0
        },
        "cross_entropy_loss": {
            "mean": 0.42027220129966736,
            "std": 0.0
        }
    },
    "val": {
        "f1_weighted": {
            "mean": 0.5982715036695265,
            "std": 0.0
        },
        "f1_micro": {
            "mean": 0.5959183673469388,
            "std": 0.0
        },
        "f1_macro": {
            "mean": 0.5908332717860697,
            "std": 0.0
        },
        "cross_entropy_loss": {
            "mean": 0.9863227605819702,
            "std": 0.0
        }
    },
    "test": {
        "f1_weighted": {
            "mean": 0.6487971901409509,
            "std": 0.0
        },
        "f1_micro": {
            "mean": 0.6485819975339088,
            "std": 0.0
        },
        "f1_macro": {
            "mean": 0.6324900989287231,
            "std": 0.0
        },
        "cross_entropy_loss": {
            "mean": 0.9295976161956787,
            "std": 0.0
        }
    }
}