{
    "train": {
        "f1_weighted": 0.7413613709143548,
        "f1_micro": 0.7421515278359146,
        "f1_macro": 0.7485929956483915
    },
    "val": {
        "f1_weighted": 0.6378151225163589,
        "f1_micro": 0.6469387755102041,
        "f1_macro": 0.6067789580619899
    },
    "test": {
        "f1_weighted": 0.6259260490973106,
        "f1_micro": 0.6307028360049322,
        "f1_macro": 0.6124735842326285
    }
}