{
    "train": {
        "f1_weighted": 0.7586930028792427,
        "f1_micro": 0.7599413980745081,
        "f1_macro": 0.7636720183788664
    },
    "val": {
        "f1_weighted": 0.6271848036589612,
        "f1_micro": 0.6234693877551021,
        "f1_macro": 0.6129865750515359
    },
    "test": {
        "f1_weighted": 0.6435473401719908,
        "f1_micro": 0.6448828606658447,
        "f1_macro": 0.6403003753289104
    }
}