{
    "train": {
        "f1_weighted": 0.89842095990784,
        "f1_micro": 0.8985884472920213,
        "f1_macro": 0.8298639946796976
    },
    "val": {
        "f1_weighted": 0.6519685759416006,
        "f1_micro": 0.654643823264202,
        "f1_macro": 0.5439963065459252
    },
    "test": {
        "f1_weighted": 0.6411007378766675,
        "f1_micro": 0.6436781609195402,
        "f1_macro": 0.49515731905523946
    }
}