{
    "train": {
        "f1_weighted": 0.7938080672983188,
        "f1_micro": 0.798268456829788,
        "f1_macro": 0.6686447835149097,
        "cross_entropy_loss": 0.1742807924747467
    },
    "val": {
        "f1_weighted": 0.6006824237754391,
        "f1_micro": 0.6199575371549894,
        "f1_macro": 0.33169747567911423,
        "cross_entropy_loss": 0.23075740039348602
    },
    "test": {
        "f1_weighted": 0.5956135748517988,
        "f1_micro": 0.6050482553823311,
        "f1_macro": 0.4506981257108138,
        "cross_entropy_loss": 0.37658458948135376
    }
}