{
    "train": {
        "f1_weighted": {
            "mean": 0.6783765525854326,
            "std": 0.10250908699963647
        },
        "f1_micro": {
            "mean": 0.6953848738151117,
            "std": 0.09378898594205543
        },
        "f1_macro": {
            "mean": 0.5089895227786537,
            "std": 0.15087841798627033
        },
        "cross_entropy_loss": {
            "mean": 0.23034348711371422,
            "std": 0.05536409408077804
        }
    },
    "val": {
        "f1_weighted": {
            "mean": 0.555415010419479,
            "std": 0.0380598025277764
        },
        "f1_micro": {
            "mean": 0.5801620183770001,
            "std": 0.03867104787417629
        },
        "f1_macro": {
            "mean": 0.29233504810558336,
            "std": 0.05595669418619574
        },
        "cross_entropy_loss": {
            "mean": 0.23083986341953278,
            "std": 0.0031665081392286873
        }
    },
    "test": {
        "f1_weighted": {
            "mean": 0.5356988575806289,
            "std": 0.03985120413906556
        },
        "f1_micro": {
            "mean": 0.5552155624148476,
            "std": 0.03732934299687473
        },
        "f1_macro": {
            "mean": 0.3542534649927349,
            "std": 0.08933773213238597
        },
        "cross_entropy_loss": {
            "mean": 0.3706569969654083,
            "std": 0.009196834831015277
        }
    }
}