{
    "train": {
        "f1_weighted": 0.7418965671008174,
        "f1_micro": 0.757232956251877,
        "f1_macro": 0.5750303223524053,
        "cross_entropy_loss": 0.8180451393127441
    },
    "val": {
        "f1_weighted": 0.6123591392472655,
        "f1_micro": 0.6429215509467989,
        "f1_macro": 0.45009810310887993,
        "cross_entropy_loss": 1.127187728881836
    },
    "test": {
        "f1_weighted": 0.6391814224458291,
        "f1_micro": 0.6582375478927203,
        "f1_macro": 0.4498183654207004,
        "cross_entropy_loss": 1.0687644481658936
    }
}