{
    "train": {
        "f1_weighted": 0.7803327855906126,
        "f1_micro": 0.7880668735609169,
        "f1_macro": 0.6379816603731114
    },
    "val": {
        "f1_weighted": 0.6663229595738474,
        "f1_micro": 0.6825969341749324,
        "f1_macro": 0.5195121706428057
    },
    "test": {
        "f1_weighted": 0.6652341913951563,
        "f1_micro": 0.6796934865900384,
        "f1_macro": 0.4807080289816158
    }
}