{
    "train": {
        "f1_weighted": 0.7464763422587719,
        "f1_micro": 0.7591350485534087,
        "f1_macro": 0.597428631087834
    },
    "val": {
        "f1_weighted": 0.644487330949267,
        "f1_micro": 0.6636609558160504,
        "f1_macro": 0.5088703219989431
    },
    "test": {
        "f1_weighted": 0.6466905277595664,
        "f1_micro": 0.6651340996168582,
        "f1_macro": 0.4640688347438165
    }
}