{
    "train": {
        "f1_weighted": {
            "mean": 0.8970555976533309,
            "std": 0.02134819173592397
        },
        "f1_micro": {
            "mean": 0.8973871258384223,
            "std": 0.0208237715152808
        },
        "f1_macro": {
            "mean": 0.8279279988542625,
            "std": 0.035554626650642844
        }
    },
    "val": {
        "f1_weighted": {
            "mean": 0.6470692191767775,
            "std": 0.0045320392231570404
        },
        "f1_micro": {
            "mean": 0.6517583408476104,
            "std": 0.006099741938787283
        },
        "f1_macro": {
            "mean": 0.5333574688879309,
            "std": 0.01052365556276955
        }
    },
    "test": {
        "f1_weighted": {
            "mean": 0.6457627626057831,
            "std": 0.008036588426144076
        },
        "f1_micro": {
            "mean": 0.6489655172413793,
            "std": 0.011680232315967745
        },
        "f1_macro": {
            "mean": 0.4964035615337649,
            "std": 0.0033000814692510554
        }
    }
}