{
    "train": {
        "f1_weighted": 0.7227388474477763,
        "f1_micro": 0.7283382168271243,
        "f1_macro": 0.7171997691174031,
        "cross_entropy_loss": 0.7028188109397888
    },
    "val": {
        "f1_weighted": 0.6139370457576877,
        "f1_micro": 0.6224489795918368,
        "f1_macro": 0.6100843823267706,
        "cross_entropy_loss": 0.9143509268760681
    },
    "test": {
        "f1_weighted": 0.6680636714301461,
        "f1_micro": 0.6738594327990136,
        "f1_macro": 0.6401541731703868,
        "cross_entropy_loss": 0.8313257694244385
    }
}