{
    "train": {
        "f1_weighted": 0.8405508998642872,
        "f1_micro": 0.8405190456257848,
        "f1_macro": 0.8417883657780671,
        "cross_entropy_loss": 0.4387493133544922
    },
    "val": {
        "f1_weighted": 0.640012700566997,
        "f1_micro": 0.6428571428571429,
        "f1_macro": 0.6233288201669268,
        "cross_entropy_loss": 0.9104137420654297
    },
    "test": {
        "f1_weighted": 0.6815304212714199,
        "f1_micro": 0.6812577065351418,
        "f1_macro": 0.6636028037755602,
        "cross_entropy_loss": 0.8539295792579651
    }
}