{
    "train": {
        "f1_weighted": {
            "mean": 0.8405508998642872,
            "std": 0.0
        },
        "f1_micro": {
            "mean": 0.8405190456257848,
            "std": 0.0
        },
        "f1_macro": {
            "mean": 0.8417883657780671,
            "std": 0.0
        },
        "cross_entropy_loss": {
            "mean": 0.4387493133544922,
            "std": 0.0
        }
    },
    "val": {
        "f1_weighted": {
            "mean": 0.640012700566997,
            "std": 0.0
        },
        "f1_micro": {
            "mean": 0.6428571428571429,
            "std": 0.0
        },
        "f1_macro": {
            "mean": 0.6233288201669268,
            "std": 0.0
        },
        "cross_entropy_loss": {
            "mean": 0.9104137420654297,
            "std": 0.0
        }
    },
    "test": {
        "f1_weighted": {
            "mean": 0.6815304212714199,
            "std": 0.0
        },
        "f1_micro": {
            "mean": 0.6812577065351418,
            "std": 0.0
        },
        "f1_macro": {
            "mean": 0.6636028037755602,
            "std": 0.0
        },
        "cross_entropy_loss": {
            "mean": 0.8539295792579651,
            "std": 0.0
        }
    }
}