{
    "train": {
        "f1_weighted": {
            "mean": 0.6881096085116806,
            "std": 0.010887195666943201
        },
        "f1_micro": {
            "mean": 0.7080588647512263,
            "std": 0.009267926622942806
        },
        "f1_macro": {
            "mean": 0.4646430845517503,
            "std": 0.01810402105405535
        },
        "cross_entropy_loss": {
            "mean": 0.9160363435745239,
            "std": 0.023814270196640452
        }
    },
    "val": {
        "f1_weighted": {
            "mean": 0.5870825033496809,
            "std": 0.004324957486017497
        },
        "f1_micro": {
            "mean": 0.6165915238954013,
            "std": 0.004540911924982567
        },
        "f1_macro": {
            "mean": 0.3958631611593397,
            "std": 0.010387480696853033
        },
        "cross_entropy_loss": {
            "mean": 1.142032790184021,
            "std": 0.006077027171434542
        }
    },
    "test": {
        "f1_weighted": {
            "mean": 0.6308883534771722,
            "std": 0.0026375470742204354
        },
        "f1_micro": {
            "mean": 0.6497318007662835,
            "std": 0.0020901427888101193
        },
        "f1_macro": {
            "mean": 0.4103754248743699,
            "std": 0.008129179327154585
        },
        "cross_entropy_loss": {
            "mean": 1.064413356781006,
            "std": 0.011913222481166464
        }
    }
}