{
    "train": {
        "f1_weighted": 0.7407592639862846,
        "f1_micro": 0.7442444537463375,
        "f1_macro": 0.7413855539314808
    },
    "val": {
        "f1_weighted": 0.5928042839271805,
        "f1_micro": 0.5959183673469388,
        "f1_macro": 0.5882838723723388
    },
    "test": {
        "f1_weighted": 0.6500194294048703,
        "f1_micro": 0.654747225647349,
        "f1_macro": 0.6259393300995045
    }
}