{
    "train": {
        "f1_weighted": 0.742558638229166,
        "f1_micro": 0.744035161155295,
        "f1_macro": 0.7496789567674709
    },
    "val": {
        "f1_weighted": 0.6608015886180902,
        "f1_micro": 0.6622448979591836,
        "f1_macro": 0.6327166835347335
    },
    "test": {
        "f1_weighted": 0.639279170597224,
        "f1_micro": 0.6374845869297164,
        "f1_macro": 0.619895269493132
    }
}