{
    "train": {
        "f1_weighted": 0.7372379418837735,
        "f1_micro": 0.7398493093344495,
        "f1_macro": 0.7383451106028621
    },
    "val": {
        "f1_weighted": 0.6295609830071563,
        "f1_micro": 0.6336734693877552,
        "f1_macro": 0.604614639370484
    },
    "test": {
        "f1_weighted": 0.6582336386383644,
        "f1_micro": 0.6627620221948212,
        "f1_macro": 0.6267305260144239
    }
}