{
    "train": {
        "f1_weighted": 0.7614053050157921,
        "f1_micro": 0.7616157388028464,
        "f1_macro": 0.7646678703479625
    },
    "val": {
        "f1_weighted": 0.6299507224020212,
        "f1_micro": 0.6285714285714286,
        "f1_macro": 0.6237984315565784
    },
    "test": {
        "f1_weighted": 0.6633695295864468,
        "f1_micro": 0.6615289765721332,
        "f1_macro": 0.6467322160779473
    }
}