{
    "train": {
        "f1_weighted": 0.8116021118439444,
        "f1_micro": 0.8116366680619506,
        "f1_macro": 0.814120752630432
    },
    "val": {
        "f1_weighted": 0.6553482571856795,
        "f1_micro": 0.6571428571428571,
        "f1_macro": 0.6329332359415772
    },
    "test": {
        "f1_weighted": 0.667295472343381,
        "f1_micro": 0.6670776818742293,
        "f1_macro": 0.665232212169567
    }
}