{
    "train": {
        "f1_weighted": 0.782331424740228,
        "f1_micro": 0.787265992591851,
        "f1_macro": 0.6551052670560693,
        "cross_entropy_loss": 0.7875276803970337
    },
    "val": {
        "f1_weighted": 0.6260652620014037,
        "f1_micro": 0.6384129846708747,
        "f1_macro": 0.5041230453848787,
        "cross_entropy_loss": 1.1243202686309814
    },
    "test": {
        "f1_weighted": 0.6524296470467827,
        "f1_micro": 0.6609195402298851,
        "f1_macro": 0.48343546016265415,
        "cross_entropy_loss": 1.067764163017273
    }
}