{
    "train": {
        "f1_weighted": 0.7533766480524503,
        "f1_micro": 0.7647412153368706,
        "f1_macro": 0.5872836305520429,
        "cross_entropy_loss": 0.8166302442550659
    },
    "val": {
        "f1_weighted": 0.6245179874886571,
        "f1_micro": 0.6456266907123535,
        "f1_macro": 0.4587836568572152,
        "cross_entropy_loss": 1.115640640258789
    },
    "test": {
        "f1_weighted": 0.645746213298821,
        "f1_micro": 0.6590038314176245,
        "f1_macro": 0.46689588218498895,
        "cross_entropy_loss": 1.0495638847351074
    }
}