{
    "train": {
        "f1_weighted": 0.7430131656677968,
        "f1_micro": 0.7425701130179991,
        "f1_macro": 0.7423149173700336
    },
    "val": {
        "f1_weighted": 0.6195636066076543,
        "f1_micro": 0.6193877551020408,
        "f1_macro": 0.6031609247742732
    },
    "test": {
        "f1_weighted": 0.6741014953529162,
        "f1_micro": 0.6701602959309494,
        "f1_macro": 0.6509693438675137
    }
}