{
    "train": {
        "f1_weighted": 0.8041286446462605,
        "f1_micro": 0.8043114273754709,
        "f1_macro": 0.8000909143773581
    },
    "val": {
        "f1_weighted": 0.6546944985465603,
        "f1_micro": 0.6530612244897959,
        "f1_macro": 0.6383611793864633
    },
    "test": {
        "f1_weighted": 0.6384664442087753,
        "f1_micro": 0.6424167694204685,
        "f1_macro": 0.6273418249567477
    }
}