{
    "train": {
        "f1_weighted": 0.71465672929965,
        "f1_micro": 0.7291020122134347,
        "f1_macro": 0.5419292337685006
    },
    "val": {
        "f1_weighted": 0.630031171465076,
        "f1_micro": 0.6528403967538323,
        "f1_macro": 0.4675284952109219
    },
    "test": {
        "f1_weighted": 0.6552231635235303,
        "f1_micro": 0.6731800766283524,
        "f1_macro": 0.46679540942833275
    }
}