{
    "train": {
        "f1_weighted": 0.8266882911990803,
        "f1_micro": 0.8342176394033437,
        "f1_macro": 0.7305695404350319
    },
    "val": {
        "f1_weighted": 0.6425514651089165,
        "f1_micro": 0.6636609558160504,
        "f1_macro": 0.5093264143062567
    },
    "test": {
        "f1_weighted": 0.636915431450714,
        "f1_micro": 0.6609195402298851,
        "f1_macro": 0.46085324020103624
    }
}