{
    "train": {
        "f1_weighted": 0.7623876676321825,
        "f1_micro": 0.766543197517269,
        "f1_macro": 0.6318374371017766
    },
    "val": {
        "f1_weighted": 0.6408268225018303,
        "f1_micro": 0.6537421100090172,
        "f1_macro": 0.4927611981739154
    },
    "test": {
        "f1_weighted": 0.6432740965672655,
        "f1_micro": 0.6505747126436782,
        "f1_macro": 0.48361621661810794
    }
}