{
    "train": {
        "f1_weighted": 0.7888924285245013,
        "f1_micro": 0.7890330682293847,
        "f1_macro": 0.7894630609493287
    },
    "val": {
        "f1_weighted": 0.6680407775025421,
        "f1_micro": 0.6693877551020408,
        "f1_macro": 0.6571527214377189
    },
    "test": {
        "f1_weighted": 0.6278124702469644,
        "f1_micro": 0.6319358816276203,
        "f1_macro": 0.6239940165307086
    }
}