{
    "train": {
        "f1_weighted": 0.7127125980038201,
        "f1_micro": 0.7172457095018836,
        "f1_macro": 0.6959937042340472,
        "cross_entropy_loss": 0.756057620048523
    },
    "val": {
        "f1_weighted": 0.618463923526312,
        "f1_micro": 0.6255102040816326,
        "f1_macro": 0.6197897515461327,
        "cross_entropy_loss": 0.9332279562950134
    },
    "test": {
        "f1_weighted": 0.6622500007858072,
        "f1_micro": 0.6720098643649816,
        "f1_macro": 0.6291643644423043,
        "cross_entropy_loss": 0.9077494740486145
    }
}