{
    "train": {
        "f1_weighted": 0.49279591411590107,
        "f1_micro": 0.5446949869136299,
        "f1_macro": 0.40705086937902857,
        "cross_entropy_loss": 1.2935144901275635
    },
    "val": {
        "f1_weighted": 0.36643318293536464,
        "f1_micro": 0.4226190476190476,
        "f1_macro": 0.2967275588490743,
        "cross_entropy_loss": 1.585033655166626
    },
    "test": {
        "f1_weighted": 0.33658701654154016,
        "f1_micro": 0.4036144578313253,
        "f1_macro": 0.269853895107215,
        "cross_entropy_loss": 1.6495945453643799
    }
}