{
    "train": {
        "f1_weighted": {
            "mean": 0.49279591411590107,
            "std": 0.0
        },
        "f1_micro": {
            "mean": 0.5446949869136299,
            "std": 0.0
        },
        "f1_macro": {
            "mean": 0.40705086937902857,
            "std": 0.0
        },
        "cross_entropy_loss": {
            "mean": 1.2935144901275635,
            "std": 0.0
        }
    },
    "val": {
        "f1_weighted": {
            "mean": 0.36643318293536464,
            "std": 0.0
        },
        "f1_micro": {
            "mean": 0.4226190476190476,
            "std": 0.0
        },
        "f1_macro": {
            "mean": 0.2967275588490743,
            "std": 0.0
        },
        "cross_entropy_loss": {
            "mean": 1.585033655166626,
            "std": 0.0
        }
    },
    "test": {
        "f1_weighted": {
            "mean": 0.33658701654154016,
            "std": 0.0
        },
        "f1_micro": {
            "mean": 0.4036144578313253,
            "std": 0.0
        },
        "f1_macro": {
            "mean": 0.269853895107215,
            "std": 0.0
        },
        "cross_entropy_loss": {
            "mean": 1.6495945453643799,
            "std": 0.0
        }
    }
}