{
    "train": {
        "f1_weighted": 0.5232501801367978,
        "f1_micro": 0.543137578356978,
        "f1_macro": 0.3167407388592788,
        "cross_entropy_loss": 0.3233833312988281
    },
    "val": {
        "f1_weighted": 0.530684179598448,
        "f1_micro": 0.5525997581620314,
        "f1_macro": 0.2641035942025921,
        "cross_entropy_loss": 0.2334454208612442
    },
    "test": {
        "f1_weighted": 0.4782142756572488,
        "f1_micro": 0.49822695035461,
        "f1_macro": 0.2689202534786835,
        "cross_entropy_loss": 0.373246967792511
    }
}