{
    "train": {
        "f1_weighted": 0.5928484083773731,
        "f1_micro": 0.6179320318148951,
        "f1_macro": 0.33059794647608914,
        "cross_entropy_loss": 0.3101613521575928
    },
    "val": {
        "f1_weighted": 0.5642146895151043,
        "f1_micro": 0.6012332990750257,
        "f1_macro": 0.2660294043855688,
        "cross_entropy_loss": 0.23988613486289978
    },
    "test": {
        "f1_weighted": 0.5407423683516102,
        "f1_micro": 0.5720912253575569,
        "f1_macro": 0.2854947150674851,
        "cross_entropy_loss": 0.36888793110847473
    }
}