{
    "train": {
        "f1_weighted": {
            "mean": 0.5879664307786355,
            "std": 0.06819435361820125
        },
        "f1_micro": {
            "mean": 0.6033509539280314,
            "std": 0.06639835179769435
        },
        "f1_macro": {
            "mean": 0.40525894906276677,
            "std": 0.10398224033963949
        },
        "cross_entropy_loss": {
            "mean": 0.29178953170776367,
            "std": 0.03243428932009192
        }
    },
    "val": {
        "f1_weighted": {
            "mean": 0.54568642116185,
            "std": 0.04401017437158917
        },
        "f1_micro": {
            "mean": 0.5702929113149364,
            "std": 0.049964890793253
        },
        "f1_macro": {
            "mean": 0.29248450613426236,
            "std": 0.048114584835994255
        },
        "cross_entropy_loss": {
            "mean": 0.23114038705825807,
            "std": 0.005694669723438805
        }
    },
    "test": {
        "f1_weighted": {
            "mean": 0.5148009983538243,
            "std": 0.04551241907337344
        },
        "f1_micro": {
            "mean": 0.5336216547578068,
            "std": 0.04689761443787463
        },
        "f1_macro": {
            "mean": 0.3247662540581723,
            "std": 0.061798891409610035
        },
        "cross_entropy_loss": {
            "mean": 0.3688774347305298,
            "std": 0.0031374662023739663
        }
    }
}