{
    "train": {
        "f1_weighted": 0.6710990142174471,
        "f1_micro": 0.6755964838844705,
        "f1_macro": 0.6755400597447277,
        "cross_entropy_loss": 0.8433811068534851
    },
    "val": {
        "f1_weighted": 0.57270560764041,
        "f1_micro": 0.5724489795918367,
        "f1_macro": 0.5464618014575132,
        "cross_entropy_loss": 1.1040308475494385
    },
    "test": {
        "f1_weighted": 0.5326893828901242,
        "f1_micro": 0.5351418002466092,
        "f1_macro": 0.5137093714316092,
        "cross_entropy_loss": 1.184203863143921
    }
}