{
    "train": {
        "f1_weighted": 0.8980544085106116,
        "f1_micro": 0.8989116785265802,
        "f1_macro": 0.8929970586202297
    },
    "val": {
        "f1_weighted": 0.6442108576924268,
        "f1_micro": 0.6479591836734694,
        "f1_macro": 0.6152499311967244
    },
    "test": {
        "f1_weighted": 0.6846197340333426,
        "f1_micro": 0.6942046855733662,
        "f1_macro": 0.6568006283514541
    }
}