{
    "train": {
        "f1_weighted": 0.7522481305328425,
        "f1_micro": 0.7663429772750027,
        "f1_macro": 0.6120354261061107
    },
    "val": {
        "f1_weighted": 0.6388469537903856,
        "f1_micro": 0.6627592425608656,
        "f1_macro": 0.48435352974810214
    },
    "test": {
        "f1_weighted": 0.6530166238344025,
        "f1_micro": 0.6777777777777778,
        "f1_macro": 0.455912807086669
    }
}