{
    "train": {
        "f1_weighted": 0.7675106841025777,
        "f1_micro": 0.7746521173290619,
        "f1_macro": 0.6278709429953357
    },
    "val": {
        "f1_weighted": 0.6321506562707399,
        "f1_micro": 0.6501352569882777,
        "f1_macro": 0.47526795507913305
    },
    "test": {
        "f1_weighted": 0.6655930575638758,
        "f1_micro": 0.6781609195402298,
        "f1_macro": 0.479641469369634
    }
}