{
    "train": {
        "f1_weighted": 0.8997843402494081,
        "f1_micro": 0.8993302637086648,
        "f1_macro": 0.8994520733039234
    },
    "val": {
        "f1_weighted": 0.6649620859995665,
        "f1_micro": 0.6612244897959184,
        "f1_macro": 0.6451416800803723
    },
    "test": {
        "f1_weighted": 0.6834659032227237,
        "f1_micro": 0.6806411837237978,
        "f1_macro": 0.6718056867039163
    }
}