{
    "train": {
        "f1_weighted": 0.6589934250554901,
        "f1_micro": 0.6695269987442445,
        "f1_macro": 0.6806167532100657,
        "cross_entropy_loss": 0.7675076723098755
    },
    "val": {
        "f1_weighted": 0.5995382362664946,
        "f1_micro": 0.6051020408163266,
        "f1_macro": 0.5741937722149824,
        "cross_entropy_loss": 0.9548183083534241
    },
    "test": {
        "f1_weighted": 0.6094796200068492,
        "f1_micro": 0.6128236744759556,
        "f1_macro": 0.5954318700253115,
        "cross_entropy_loss": 0.9350224733352661
    }
}