{
    "train": {
        "f1_weighted": 0.7378703356500174,
        "f1_micro": 0.7411050648807033,
        "f1_macro": 0.7272841736689509
    },
    "val": {
        "f1_weighted": 0.6297049444988088,
        "f1_micro": 0.6316326530612245,
        "f1_macro": 0.6234889129118095
    },
    "test": {
        "f1_weighted": 0.6714353763343287,
        "f1_micro": 0.6800246609124537,
        "f1_macro": 0.6368207191686116
    }
}