{
    "train": {
        "f1_weighted": {
            "mean": 0.7690613651786888,
            "std": 0.04636090388069434
        },
        "f1_micro": {
            "mean": 0.7707827542904981,
            "std": 0.04464940438703346
        },
        "f1_macro": {
            "mean": 0.7671729219286949,
            "std": 0.048336779650168436
        }
    },
    "val": {
        "f1_weighted": {
            "mean": 0.6524937731395133,
            "std": 0.01223384760940224
        },
        "f1_micro": {
            "mean": 0.6538775510204081,
            "std": 0.011748439154795289
        },
        "f1_macro": {
            "mean": 0.6331180769285609,
            "std": 0.005674850634771784
        }
    },
    "test": {
        "f1_weighted": {
            "mean": 0.6694623818211205,
            "std": 0.01192725637563762
        },
        "f1_micro": {
            "mean": 0.6725030826140567,
            "std": 0.01065282913265359
        },
        "f1_macro": {
            "mean": 0.6463798387456683,
            "std": 0.012212796387953327
        }
    }
}