{
    "train": {
        "f1_weighted": 0.9476914203017045,
        "f1_micro": 0.9487589006455047,
        "f1_macro": 0.8030178672070951,
        "cross_entropy_loss": 0.1712455004453659
    },
    "val": {
        "f1_weighted": 0.9101715368065291,
        "f1_micro": 0.9115504682622269,
        "f1_macro": 0.6703534239650901,
        "cross_entropy_loss": 0.2843177318572998
    },
    "test": {
        "f1_weighted": 0.894191398407001,
        "f1_micro": 0.8957011980267794,
        "f1_macro": 0.7331661474138356,
        "cross_entropy_loss": 0.34510889649391174
    }
}