{
    "train": {
        "f1_weighted": 0.9184599753046693,
        "f1_micro": 0.9240700073201571,
        "f1_macro": 0.6317071348865196,
        "cross_entropy_loss": 0.2369435429573059
    },
    "val": {
        "f1_weighted": 0.9127005705686526,
        "f1_micro": 0.9198751300728408,
        "f1_macro": 0.5686360969878949,
        "cross_entropy_loss": 0.2721255421638489
    },
    "test": {
        "f1_weighted": 0.8694307167787199,
        "f1_micro": 0.8773784355179705,
        "f1_macro": 0.5701008199792769,
        "cross_entropy_loss": 0.36066824197769165
    }
}