{
    "train": {
        "f1_weighted": {
            "mean": 0.9479212325850102,
            "std": 0.01597424053760869
        },
        "f1_micro": {
            "mean": 0.9496506288680375,
            "std": 0.014034584435973415
        },
        "f1_macro": {
            "mean": 0.7990689167611685,
            "std": 0.08757542665558618
        },
        "cross_entropy_loss": {
            "mean": 0.16525005996227266,
            "std": 0.040402123407514264
        }
    },
    "val": {
        "f1_weighted": {
            "mean": 0.9101708419129906,
            "std": 0.0028017885098514193
        },
        "f1_micro": {
            "mean": 0.9117585848074923,
            "std": 0.004986118023188746
        },
        "f1_macro": {
            "mean": 0.6257533662643149,
            "std": 0.03822841858064432
        },
        "cross_entropy_loss": {
            "mean": 0.27679301500320436,
            "std": 0.008348731695974687
        }
    },
    "test": {
        "f1_weighted": {
            "mean": 0.8892337176871061,
            "std": 0.010314354972861145
        },
        "f1_micro": {
            "mean": 0.8914728682170543,
            "std": 0.007471378875658076
        },
        "f1_macro": {
            "mean": 0.7041204925374585,
            "std": 0.06731887438175531
        },
        "cross_entropy_loss": {
            "mean": 0.3449882626533508,
            "std": 0.017781243607066646
        }
    }
}