{
    "train": {
        "f1_weighted": {
            "mean": 0.5748764667313637,
            "std": 0.0
        },
        "f1_micro": {
            "mean": 0.6051942822629354,
            "std": 0.0
        },
        "f1_macro": {
            "mean": 0.5120167377604157,
            "std": 0.0
        },
        "cross_entropy_loss": {
            "mean": 1.1455663442611694,
            "std": 0.0
        }
    },
    "val": {
        "f1_weighted": {
            "mean": 0.39155415139129607,
            "std": 0.0
        },
        "f1_micro": {
            "mean": 0.4360119047619048,
            "std": 0.0
        },
        "f1_macro": {
            "mean": 0.32731795802307684,
            "std": 0.0
        },
        "cross_entropy_loss": {
            "mean": 1.6074297428131104,
            "std": 0.0
        }
    },
    "test": {
        "f1_weighted": {
            "mean": 0.3466009999486984,
            "std": 0.0
        },
        "f1_micro": {
            "mean": 0.39759036144578314,
            "std": 0.0
        },
        "f1_macro": {
            "mean": 0.28760090421218315,
            "std": 0.0
        },
        "cross_entropy_loss": {
            "mean": 1.6757904291152954,
            "std": 0.0
        }
    }
}