{
    "train": {
        "f1_weighted": 0.5375012170062906,
        "f1_micro": 0.5555103700691338,
        "f1_macro": 0.3497435840682188,
        "cross_entropy_loss": 0.3115036189556122
    },
    "val": {
        "f1_weighted": 0.5014478829362006,
        "f1_micro": 0.5165315034310667,
        "f1_macro": 0.2777271885198011,
        "cross_entropy_loss": 0.23129403591156006
    },
    "test": {
        "f1_weighted": 0.4865308531784906,
        "f1_micro": 0.5017421602787456,
        "f1_macro": 0.30470517800787367,
        "cross_entropy_loss": 0.3614956736564636
    }
}