{
    "train": {
        "f1_weighted": 0.625759106974856,
        "f1_micro": 0.6672358115882855,
        "f1_macro": 0.36699622856940955,
        "cross_entropy_loss": 0.25107988715171814
    },
    "val": {
        "f1_weighted": 0.5398304474999908,
        "f1_micro": 0.5977900552486187,
        "f1_macro": 0.20765485299223788,
        "cross_entropy_loss": 0.23511634767055511
    },
    "test": {
        "f1_weighted": 0.5183367154691505,
        "f1_micro": 0.5676328502415459,
        "f1_macro": 0.23316132984613935,
        "cross_entropy_loss": 0.3619289994239807
    }
}