{
    "train": {
        "f1_weighted": 0.713041763856453,
        "f1_micro": 0.7168271243197991,
        "f1_macro": 0.7206734087473116,
        "cross_entropy_loss": 0.7347671389579773
    },
    "val": {
        "f1_weighted": 0.5797894591165063,
        "f1_micro": 0.5755102040816327,
        "f1_macro": 0.5600864102545415,
        "cross_entropy_loss": 1.0826811790466309
    },
    "test": {
        "f1_weighted": 0.6015189644712073,
        "f1_micro": 0.6017262638717632,
        "f1_macro": 0.5856390516051239,
        "cross_entropy_loss": 1.0627955198287964
    }
}