{
    "train": {
        "f1_weighted": {
            "mean": 0.650986015310215,
            "std": 0.0
        },
        "f1_micro": {
            "mean": 0.663876098786103,
            "std": 0.0
        },
        "f1_macro": {
            "mean": 0.6721728031098442,
            "std": 0.0
        },
        "cross_entropy_loss": {
            "mean": 0.8026601076126099,
            "std": 0.0
        }
    },
    "val": {
        "f1_weighted": {
            "mean": 0.59358299728008,
            "std": 0.0
        },
        "f1_micro": {
            "mean": 0.6071428571428571,
            "std": 0.0
        },
        "f1_macro": {
            "mean": 0.5793518541654664,
            "std": 0.0
        },
        "cross_entropy_loss": {
            "mean": 0.9506592750549316,
            "std": 0.0
        }
    },
    "test": {
        "f1_weighted": {
            "mean": 0.5993416784264688,
            "std": 0.0
        },
        "f1_micro": {
            "mean": 0.6091245376078915,
            "std": 0.0
        },
        "f1_macro": {
            "mean": 0.580114886258002,
            "std": 0.0
        },
        "cross_entropy_loss": {
            "mean": 0.910223662853241,
            "std": 0.0
        }
    }
}