{
    "train": {
        "f1_weighted": 0.727511506285775,
        "f1_micro": 0.7306404353285894,
        "f1_macro": 0.713934342402483,
        "cross_entropy_loss": 0.741989016532898
    },
    "val": {
        "f1_weighted": 0.5295738620278391,
        "f1_micro": 0.536734693877551,
        "f1_macro": 0.4836004855014775,
        "cross_entropy_loss": 1.2847481966018677
    },
    "test": {
        "f1_weighted": 0.49951118816443557,
        "f1_micro": 0.5024660912453761,
        "f1_macro": 0.48060877809064456,
        "cross_entropy_loss": 1.3262768983840942
    }
}