{
    "train": {
        "f1_weighted": 0.773662108147338,
        "f1_micro": 0.7748011720385098,
        "f1_macro": 0.764698794688304,
        "cross_entropy_loss": 0.6393132209777832
    },
    "val": {
        "f1_weighted": 0.5492561527181288,
        "f1_micro": 0.5520408163265306,
        "f1_macro": 0.5044556269093268,
        "cross_entropy_loss": 1.225622534751892
    },
    "test": {
        "f1_weighted": 0.512837188479121,
        "f1_micro": 0.5135635018495684,
        "f1_macro": 0.49573233963530977,
        "cross_entropy_loss": 1.3266206979751587
    }
}