{
    "train": {
        "f1_weighted": 0.8361094594272708,
        "f1_micro": 0.8380075345332775,
        "f1_macro": 0.8377129881928488
    },
    "val": {
        "f1_weighted": 0.6515921917608816,
        "f1_micro": 0.6551020408163265,
        "f1_macro": 0.643434694622884
    },
    "test": {
        "f1_weighted": 0.6534945521977619,
        "f1_micro": 0.6584463625154131,
        "f1_macro": 0.6341721516220364
    }
}