{
  "best_metric": 0.4865377393656567,
  "best_model_checkpoint": "results/MELD/roberta-large/SEEDS/2021-05-08-19-57-31-speaker_mode-upper-num_past_utterances-1000-num_future_utterances-1000-batch_size-4-seed-4/checkpoint-2498",
  "epoch": 1.0,
  "global_step": 2498,
  "is_hyper_param_search": false,
  "is_local_process_zero": true,
  "is_world_process_zero": true,
  "log_history": [
    {
      "epoch": 1.0,
      "learning_rate": 3.219408830117109e-06,
      "loss": 1.5296,
      "step": 2498
    },
    {
      "epoch": 1.0,
      "eval_f1_macro": 0.2900101380467209,
      "eval_f1_micro": 0.5653742110009017,
      "eval_f1_weighted": 0.4865377393656567,
      "eval_loss": 1.4120019674301147,
      "eval_runtime": 15.3517,
      "eval_samples_per_second": 72.239,
      "step": 2498
    }
  ],
  "max_steps": 12490,
  "num_train_epochs": 5,
  "total_flos": 6532598486764434.0,
  "trial_name": null,
  "trial_params": null
}
