{
    "train": {
        "f1_weighted": 0.7627663413059261,
        "f1_micro": 0.7779557513264591,
        "f1_macro": 0.6009444416485267,
        "cross_entropy_loss": 0.7832703590393066
    },
    "val": {
        "f1_weighted": 0.5829151544535975,
        "f1_micro": 0.6149684400360685,
        "f1_macro": 0.4215946969437533,
        "cross_entropy_loss": 1.1674089431762695
    },
    "test": {
        "f1_weighted": 0.6325354602695641,
        "f1_micro": 0.6563218390804598,
        "f1_macro": 0.4267321895721872,
        "cross_entropy_loss": 1.0878608226776123
    }
}