{
    "train": {
        "f1_weighted": 0.7566596259225201,
        "f1_micro": 0.7569326258884773,
        "f1_macro": 0.6237953273167917
    },
    "val": {
        "f1_weighted": 0.6436449516738694,
        "f1_micro": 0.648331830477908,
        "f1_macro": 0.497886000844004
    },
    "test": {
        "f1_weighted": 0.6571948143770593,
        "f1_micro": 0.6597701149425287,
        "f1_macro": 0.4960953525537118
    }
}