{
    "train": {
        "f1_weighted": 0.7580741742082222,
        "f1_micro": 0.7688457303033337,
        "f1_macro": 0.6199937462644822
    },
    "val": {
        "f1_weighted": 0.6413545007111354,
        "f1_micro": 0.6609558160504959,
        "f1_macro": 0.5047219933734358
    },
    "test": {
        "f1_weighted": 0.6454161706795761,
        "f1_micro": 0.6639846743295019,
        "f1_macro": 0.4543507041693529
    }
}