{
    "train": {
        "f1_weighted": 0.806623653398908,
        "f1_micro": 0.8161978175993593,
        "f1_macro": 0.6617273821941098,
        "cross_entropy_loss": 0.6752575039863586
    },
    "val": {
        "f1_weighted": 0.6058901840877791,
        "f1_micro": 0.6257889990982868,
        "f1_macro": 0.454765938308269,
        "cross_entropy_loss": 1.1637005805969238
    },
    "test": {
        "f1_weighted": 0.6305127778450328,
        "f1_micro": 0.6486590038314176,
        "f1_macro": 0.43929397395956943,
        "cross_entropy_loss": 1.0948652029037476
    }
}