{
    "train": {
        "f1_weighted": 0.743941925152909,
        "f1_micro": 0.7618380218240064,
        "f1_macro": 0.5438382071918814,
        "cross_entropy_loss": 0.7915405035018921
    },
    "val": {
        "f1_weighted": 0.6133334788118636,
        "f1_micro": 0.6375112714156899,
        "f1_macro": 0.441814809265152,
        "cross_entropy_loss": 1.0854934453964233
    },
    "test": {
        "f1_weighted": 0.6390397418042988,
        "f1_micro": 0.6590038314176245,
        "f1_macro": 0.4445251829655438,
        "cross_entropy_loss": 1.0347175598144531
    }
}