{
    "train": {
        "f1_weighted": 0.6869039384422413,
        "f1_micro": 0.7077785564120532,
        "f1_macro": 0.4672567129330214,
        "cross_entropy_loss": 0.921480119228363
    },
    "val": {
        "f1_weighted": 0.5998636933810801,
        "f1_micro": 0.6275924256086565,
        "f1_macro": 0.4069933011568456,
        "cross_entropy_loss": 1.098798155784607
    },
    "test": {
        "f1_weighted": 0.6269949588606837,
        "f1_micro": 0.6486590038314176,
        "f1_macro": 0.4039253006619353,
        "cross_entropy_loss": 1.043225646018982
    }
}