{
    "train": {
        "f1_weighted": 0.8060899666490686,
        "f1_micro": 0.811192311542697,
        "f1_macro": 0.6603456551954527,
        "cross_entropy_loss": 0.6993798017501831
    },
    "val": {
        "f1_weighted": 0.6137832583436156,
        "f1_micro": 0.6284941388638413,
        "f1_macro": 0.4817770166769054,
        "cross_entropy_loss": 1.161532998085022
    },
    "test": {
        "f1_weighted": 0.6395590278303436,
        "f1_micro": 0.6490421455938697,
        "f1_macro": 0.45873221752164656,
        "cross_entropy_loss": 1.1166903972625732
    }
}