{
    "train": {
        "f1_weighted": {
            "mean": 0.7570912101487888,
            "std": 0.04513175169604399
        },
        "f1_micro": {
            "mean": 0.7708479327259986,
            "std": 0.03982103280331917
        },
        "f1_macro": {
            "mean": 0.5816396559733741,
            "std": 0.07370857302135078
        },
        "cross_entropy_loss": {
            "mean": 0.7811406135559082,
            "std": 0.08838703731188524
        }
    },
    "val": {
        "f1_weighted": {
            "mean": 0.6090459507743209,
            "std": 0.005405088560822593
        },
        "f1_micro": {
            "mean": 0.6324616771866547,
            "std": 0.006616388215633593
        },
        "f1_macro": {
            "mean": 0.4470898337032104,
            "std": 0.024111120813596742
        },
        "cross_entropy_loss": {
            "mean": 1.1273425817489624,
            "std": 0.031802663712210924
        }
    },
    "test": {
        "f1_weighted": {
            "mean": 0.6350575857572376,
            "std": 0.0052685445425984965
        },
        "f1_micro": {
            "mean": 0.65272030651341,
            "std": 0.0048257613774203125
        },
        "f1_macro": {
            "mean": 0.4392590081058791,
            "std": 0.0187984606489473
        },
        "cross_entropy_loss": {
            "mean": 1.0716526508331299,
            "std": 0.030815121103064103
        }
    }
}