{
    "train": {
        "f1_weighted": 0.6702684752885977,
        "f1_micro": 0.681247383842612,
        "f1_macro": 0.6852617607474484,
        "cross_entropy_loss": 0.7772855758666992
    },
    "val": {
        "f1_weighted": 0.5847425253702481,
        "f1_micro": 0.5928571428571429,
        "f1_macro": 0.5593323351874758,
        "cross_entropy_loss": 0.9957766532897949
    },
    "test": {
        "f1_weighted": 0.5871144394449973,
        "f1_micro": 0.591861898890259,
        "f1_macro": 0.570455443622911,
        "cross_entropy_loss": 1.060634732246399
    }
}