{
    "train": {
        "f1_weighted": 0.6884243717672289,
        "f1_micro": 0.6915027208036836,
        "f1_macro": 0.6996433904023314,
        "cross_entropy_loss": 0.7816933393478394
    },
    "val": {
        "f1_weighted": 0.594178260654968,
        "f1_micro": 0.5897959183673469,
        "f1_macro": 0.5770223546739325,
        "cross_entropy_loss": 0.9969269633293152
    },
    "test": {
        "f1_weighted": 0.591453611660911,
        "f1_micro": 0.593094944512947,
        "f1_macro": 0.5757394566635118,
        "cross_entropy_loss": 1.0413355827331543
    }
}