{
    "train": {
        "f1_weighted": 0.4389480587677131,
        "f1_micro": 0.4943627944433259,
        "f1_macro": 0.35610327456161034,
        "cross_entropy_loss": 1.4033223390579224
    },
    "val": {
        "f1_weighted": 0.37087469113104693,
        "f1_micro": 0.43005952380952384,
        "f1_macro": 0.2937744660261484,
        "cross_entropy_loss": 1.5910406112670898
    },
    "test": {
        "f1_weighted": 0.32861702816060223,
        "f1_micro": 0.3938253012048193,
        "f1_macro": 0.2725717699616414,
        "cross_entropy_loss": 1.6327426433563232
    }
}