{
    "train": {
        "f1_weighted": 0.5389249952120054,
        "f1_micro": 0.5671431447553855,
        "f1_macro": 0.4675571894618352,
        "cross_entropy_loss": 1.2590135335922241
    },
    "val": {
        "f1_weighted": 0.3874693254317013,
        "f1_micro": 0.42410714285714285,
        "f1_macro": 0.31669759415966986,
        "cross_entropy_loss": 1.5934789180755615
    },
    "test": {
        "f1_weighted": 0.3548356025638042,
        "f1_micro": 0.3990963855421687,
        "f1_macro": 0.2955800488805447,
        "cross_entropy_loss": 1.6400671005249023
    }
}