{
    "train": {
        "f1_weighted": 0.4674337873540089,
        "f1_micro": 0.5153009865109724,
        "f1_macro": 0.37731151987739864,
        "cross_entropy_loss": 1.3757506608963013
    },
    "val": {
        "f1_weighted": 0.3722176581468547,
        "f1_micro": 0.421875,
        "f1_macro": 0.29721399621458794,
        "cross_entropy_loss": 1.5905863046646118
    },
    "test": {
        "f1_weighted": 0.3385156562999708,
        "f1_micro": 0.3953313253012048,
        "f1_macro": 0.2790155148559542,
        "cross_entropy_loss": 1.6225953102111816
    }
}