{
    "train": {
        "f1_weighted": {
            "mean": 0.7729321252108405,
            "std": 0.08082650211731342
        },
        "f1_micro": {
            "mean": 0.7748848890749268,
            "std": 0.07883111504144394
        },
        "f1_macro": {
            "mean": 0.7788811709424736,
            "std": 0.07366934622190661
        }
    },
    "val": {
        "f1_weighted": {
            "mean": 0.6267590688217372,
            "std": 0.022767563217716058
        },
        "f1_micro": {
            "mean": 0.626734693877551,
            "std": 0.02263742795732581
        },
        "f1_macro": {
            "mean": 0.6064660449501534,
            "std": 0.024761274915139353
        }
    },
    "test": {
        "f1_weighted": {
            "mean": 0.6403615684837063,
            "std": 0.02143923486575175
        },
        "f1_micro": {
            "mean": 0.642046855733662,
            "std": 0.0198616055536735
        },
        "f1_macro": {
            "mean": 0.6258848295162447,
            "std": 0.022527060338857895
        }
    }
}