{
    "train": {
        "f1_weighted": {
            "mean": 0.7127125980038201,
            "std": 0.0
        },
        "f1_micro": {
            "mean": 0.7172457095018836,
            "std": 0.0
        },
        "f1_macro": {
            "mean": 0.6959937042340472,
            "std": 0.0
        },
        "cross_entropy_loss": {
            "mean": 0.7560575604438782,
            "std": 0.0
        }
    },
    "val": {
        "f1_weighted": {
            "mean": 0.618463923526312,
            "std": 0.0
        },
        "f1_micro": {
            "mean": 0.6255102040816326,
            "std": 0.0
        },
        "f1_macro": {
            "mean": 0.6197897515461327,
            "std": 0.0
        },
        "cross_entropy_loss": {
            "mean": 0.9332280158996582,
            "std": 0.0
        }
    },
    "test": {
        "f1_weighted": {
            "mean": 0.6622500007858072,
            "std": 0.0
        },
        "f1_micro": {
            "mean": 0.6720098643649816,
            "std": 0.0
        },
        "f1_macro": {
            "mean": 0.6291643644423043,
            "std": 0.0
        },
        "cross_entropy_loss": {
            "mean": 0.9077494144439697,
            "std": 0.0
        }
    }
}