{
    "train": {
        "f1_weighted": 0.8510203475606017,
        "f1_micro": 0.8521373510861948,
        "f1_macro": 0.7680187415836842
    },
    "val": {
        "f1_weighted": 0.6566146582618275,
        "f1_micro": 0.6672678088367899,
        "f1_macro": 0.5442716598178529
    },
    "test": {
        "f1_weighted": 0.6688465275928762,
        "f1_micro": 0.6789272030651341,
        "f1_macro": 0.5197606622341725
    }
}