{
    "train": {
        "f1_weighted": 0.754069445013759,
        "f1_micro": 0.7642406647312042,
        "f1_macro": 0.6105173357181798
    },
    "val": {
        "f1_weighted": 0.6437835212597325,
        "f1_micro": 0.6600541027953111,
        "f1_macro": 0.5237945083177619
    },
    "test": {
        "f1_weighted": 0.6508610203951923,
        "f1_micro": 0.6701149425287356,
        "f1_macro": 0.46859125994738565
    }
}