{
    "train": {
        "f1_weighted": 0.7740764001908418,
        "f1_micro": 0.7808589448393233,
        "f1_macro": 0.6455745375544965
    },
    "val": {
        "f1_weighted": 0.6371218489243683,
        "f1_micro": 0.6528403967538323,
        "f1_macro": 0.5036955019658254
    },
    "test": {
        "f1_weighted": 0.6576300869364906,
        "f1_micro": 0.6697318007662836,
        "f1_macro": 0.4811680250405847
    }
}