{
    "train": {
        "f1_weighted": 0.7689718482204858,
        "f1_micro": 0.7784392940676164,
        "f1_macro": 0.6500492226426017,
        "cross_entropy_loss": 0.1822235882282257
    },
    "val": {
        "f1_weighted": 0.5545887191014439,
        "f1_micro": 0.5822498586772187,
        "f1_macro": 0.264711793561858,
        "cross_entropy_loss": 0.23286359012126923
    },
    "test": {
        "f1_weighted": 0.5461862226018875,
        "f1_micro": 0.5583067092651757,
        "f1_macro": 0.41972586265000006,
        "cross_entropy_loss": 0.3700743019580841
    }
}