{
    "train": {
        "f1_weighted": {
            "mean": 0.7689718482204858,
            "std": 0.0
        },
        "f1_micro": {
            "mean": 0.7784392940676164,
            "std": 0.0
        },
        "f1_macro": {
            "mean": 0.6500492226426017,
            "std": 0.0
        },
        "cross_entropy_loss": {
            "mean": 0.1822235882282257,
            "std": 0.0
        }
    },
    "val": {
        "f1_weighted": {
            "mean": 0.5545887191014439,
            "std": 0.0
        },
        "f1_micro": {
            "mean": 0.5822498586772187,
            "std": 0.0
        },
        "f1_macro": {
            "mean": 0.264711793561858,
            "std": 0.0
        },
        "cross_entropy_loss": {
            "mean": 0.23286359012126923,
            "std": 0.0
        }
    },
    "test": {
        "f1_weighted": {
            "mean": 0.5461862226018875,
            "std": 0.0
        },
        "f1_micro": {
            "mean": 0.5583067092651757,
            "std": 0.0
        },
        "f1_macro": {
            "mean": 0.41972586265000006,
            "std": 0.0
        },
        "cross_entropy_loss": {
            "mean": 0.3700743019580841,
            "std": 0.0
        }
    }
}