{
    "train": {
        "f1_weighted": 0.7602554615242451,
        "f1_micro": 0.7691460606667334,
        "f1_macro": 0.607411674491256
    },
    "val": {
        "f1_weighted": 0.6334638215808959,
        "f1_micro": 0.6528403967538323,
        "f1_macro": 0.47785769962710345
    },
    "test": {
        "f1_weighted": 0.6559594988975944,
        "f1_micro": 0.6701149425287356,
        "f1_macro": 0.4764121850122432
    }
}