{
    "train": {
        "f1_weighted": 0.6980361792894151,
        "f1_micro": 0.714185604164581,
        "f1_macro": 0.48741946856790114,
        "cross_entropy_loss": 0.9031373262405396
    },
    "val": {
        "f1_weighted": 0.588629101676285,
        "f1_micro": 0.6158701532912534,
        "f1_macro": 0.39993523006519294,
        "cross_entropy_loss": 1.1508466005325317
    },
    "test": {
        "f1_weighted": 0.6329551709326152,
        "f1_micro": 0.6482758620689655,
        "f1_macro": 0.41962245237324447,
        "cross_entropy_loss": 1.0760407447814941
    }
}