{
    "train": {
        "f1_weighted": 0.6820932144074893,
        "f1_micro": 0.7026729402342576,
        "f1_macro": 0.4517313145425387,
        "cross_entropy_loss": 0.9319269061088562
    },
    "val": {
        "f1_weighted": 0.5793608751335254,
        "f1_micro": 0.6095581605049594,
        "f1_macro": 0.38272611271020673,
        "cross_entropy_loss": 1.1357359886169434
    },
    "test": {
        "f1_weighted": 0.6319698131906916,
        "f1_micro": 0.650191570881226,
        "f1_macro": 0.40925881027065536,
        "cross_entropy_loss": 1.058459997177124
    }
}