{
    "train": {
        "f1_weighted": 0.7952803697043165,
        "f1_micro": 0.7971954792800335,
        "f1_macro": 0.8005105022447495
    },
    "val": {
        "f1_weighted": 0.618873836824627,
        "f1_micro": 0.6214285714285714,
        "f1_macro": 0.6083665424392196
    },
    "test": {
        "f1_weighted": 0.6394306139158537,
        "f1_micro": 0.6424167694204685,
        "f1_macro": 0.6182519569470167
    }
}