{
    "train": {
        "f1_weighted": 0.8400934908023785,
        "f1_micro": 0.8407283382168272,
        "f1_macro": 0.843061869751248
    },
    "val": {
        "f1_weighted": 0.6258321515591652,
        "f1_micro": 0.6234693877551021,
        "f1_macro": 0.6363258039548352
    },
    "test": {
        "f1_weighted": 0.6727066272412561,
        "f1_micro": 0.6738594327990136,
        "f1_macro": 0.6627614797025961
    }
}