{
    "train": {
        "f1_weighted": {
            "mean": 0.8169943215744384,
            "std": 0.023366682338688428
        },
        "f1_micro": {
            "mean": 0.8186688991209712,
            "std": 0.022216425791228754
        },
        "f1_macro": {
            "mean": 0.816713844426958,
            "std": 0.02401251674630231
        }
    },
    "val": {
        "f1_weighted": {
            "mean": 0.6392268820442724,
            "std": 0.016724349684730147
        },
        "f1_micro": {
            "mean": 0.6408163265306123,
            "std": 0.017555765851107387
        },
        "f1_macro": {
            "mean": 0.6305242650081235,
            "std": 0.01880353704719876
        }
    },
    "test": {
        "f1_weighted": {
            "mean": 0.665682595540279,
            "std": 0.0160064463353438
        },
        "f1_micro": {
            "mean": 0.6692971639950678,
            "std": 0.01689137492692266
        },
        "f1_macro": {
            "mean": 0.6490902275862328,
            "std": 0.01905737039179956
        }
    }
}