{
    "train": {
        "f1_weighted": 0.5908929867276049,
        "f1_micro": 0.6198912824642642,
        "f1_macro": 0.5327851148934385,
        "cross_entropy_loss": 1.1135691404342651
    },
    "val": {
        "f1_weighted": 0.38302595997355854,
        "f1_micro": 0.42410714285714285,
        "f1_macro": 0.32143929706332613,
        "cross_entropy_loss": 1.5893968343734741
    },
    "test": {
        "f1_weighted": 0.35397052357963665,
        "f1_micro": 0.4058734939759036,
        "f1_macro": 0.2945688492333692,
        "cross_entropy_loss": 1.6482738256454468
    }
}