{
    "train": {
        "f1_weighted": {
            "mean": 0.5908929867276049,
            "std": 0.0
        },
        "f1_micro": {
            "mean": 0.6198912824642642,
            "std": 0.0
        },
        "f1_macro": {
            "mean": 0.5327851148934385,
            "std": 0.0
        },
        "cross_entropy_loss": {
            "mean": 1.1135691404342651,
            "std": 0.0
        }
    },
    "val": {
        "f1_weighted": {
            "mean": 0.38302595997355854,
            "std": 0.0
        },
        "f1_micro": {
            "mean": 0.42410714285714285,
            "std": 0.0
        },
        "f1_macro": {
            "mean": 0.32143929706332613,
            "std": 0.0
        },
        "cross_entropy_loss": {
            "mean": 1.5893968343734741,
            "std": 0.0
        }
    },
    "test": {
        "f1_weighted": {
            "mean": 0.35397052357963665,
            "std": 0.0
        },
        "f1_micro": {
            "mean": 0.4058734939759036,
            "std": 0.0
        },
        "f1_macro": {
            "mean": 0.2945688492333692,
            "std": 0.0
        },
        "cross_entropy_loss": {
            "mean": 1.6482738256454468,
            "std": 0.0
        }
    }
}