{
    "train": {
        "f1_weighted": 0.74468934131592,
        "f1_micro": 0.7490239263189509,
        "f1_macro": 0.5743300910237703,
        "cross_entropy_loss": 0.844394862651825
    },
    "val": {
        "f1_weighted": 0.6057371426736704,
        "f1_micro": 0.612263300270514,
        "f1_macro": 0.46167815120238176,
        "cross_entropy_loss": 1.1417357921600342
    },
    "test": {
        "f1_weighted": 0.6386195571116017,
        "f1_micro": 0.6429118773946361,
        "f1_macro": 0.4547406598485611,
        "cross_entropy_loss": 1.0882458686828613
    }
}