{
    "train": {
        "f1_weighted": {
            "mean": 0.7306264807819978,
            "std": 0.020779065050662977
        },
        "f1_micro": {
            "mean": 0.7452397637401141,
            "std": 0.016684654449223343
        },
        "f1_macro": {
            "mean": 0.5425161318267222,
            "std": 0.042334683232069154
        },
        "cross_entropy_loss": {
            "mean": 0.8372572898864746,
            "std": 0.04079689657839597
        }
    },
    "val": {
        "f1_weighted": {
            "mean": 0.614707858630673,
            "std": 0.005897460301093664
        },
        "f1_micro": {
            "mean": 0.6382326420198378,
            "std": 0.01442064764775747
        },
        "f1_macro": {
            "mean": 0.4435155940328088,
            "std": 0.01674024960307041
        },
        "cross_entropy_loss": {
            "mean": 1.1086583137512207,
            "std": 0.019083269781689286
        }
    },
    "test": {
        "f1_weighted": {
            "mean": 0.6353468800131579,
            "std": 0.003952170159410356
        },
        "f1_micro": {
            "mean": 0.6523371647509579,
            "std": 0.005149516510777447
        },
        "f1_macro": {
            "mean": 0.43292507189631263,
            "std": 0.01805321318709961
        },
        "cross_entropy_loss": {
            "mean": 1.055970811843872,
            "std": 0.018472341486493078
        }
    }
}