{
    "train": {
        "f1_weighted": 0.7203149482862741,
        "f1_micro": 0.725826705734617,
        "f1_macro": 0.7219215869974097,
        "cross_entropy_loss": 0.660277247428894
    },
    "val": {
        "f1_weighted": 0.602528038895092,
        "f1_micro": 0.5979591836734693,
        "f1_macro": 0.5960966250159603,
        "cross_entropy_loss": 0.9797051548957825
    },
    "test": {
        "f1_weighted": 0.6270382659845568,
        "f1_micro": 0.6350184956843403,
        "f1_macro": 0.5964725974349087,
        "cross_entropy_loss": 0.8978003859519958
    }
}