{
    "train": {
        "f1_weighted": 0.6896767093734955,
        "f1_micro": 0.6956885726245291,
        "f1_macro": 0.7048502278934885,
        "cross_entropy_loss": 0.7321289777755737
    },
    "val": {
        "f1_weighted": 0.6393246539871661,
        "f1_micro": 0.6438775510204081,
        "f1_macro": 0.6160059944486989,
        "cross_entropy_loss": 0.8997364044189453
    },
    "test": {
        "f1_weighted": 0.6031209347884696,
        "f1_micro": 0.6097410604192355,
        "f1_macro": 0.5882234931279631,
        "cross_entropy_loss": 0.935917317867279
    }
}