{
    "train": {
        "f1_weighted": 0.679493767849201,
        "f1_micro": 0.6902469652574299,
        "f1_macro": 0.7008877160227805,
        "cross_entropy_loss": 0.7366453409194946
    },
    "val": {
        "f1_weighted": 0.589298378489558,
        "f1_micro": 0.5959183673469388,
        "f1_macro": 0.5647413817926598,
        "cross_entropy_loss": 0.9574632048606873
    },
    "test": {
        "f1_weighted": 0.6061780054802924,
        "f1_micro": 0.6103575832305795,
        "f1_macro": 0.6022759640371204,
        "cross_entropy_loss": 0.9414422512054443
    }
}