{
    "train": {
        "f1_weighted": {
            "mean": 0.6963590378365483,
            "std": 0.02707400077744315
        },
        "f1_micro": {
            "mean": 0.7033486814566764,
            "std": 0.024125762579467965
        },
        "f1_macro": {
            "mean": 0.7084318991317129,
            "std": 0.01829298440406503
        },
        "cross_entropy_loss": {
            "mean": 0.7129736185073853,
            "std": 0.04164874538066093
        }
    },
    "val": {
        "f1_weighted": {
            "mean": 0.6074066739511561,
            "std": 0.016932278934747174
        },
        "f1_micro": {
            "mean": 0.6083673469387755,
            "std": 0.018017068125994462
        },
        "f1_macro": {
            "mean": 0.5889539702944949,
            "std": 0.01794309187326652
        },
        "cross_entropy_loss": {
            "mean": 0.9483277440071106,
            "std": 0.026358170289736967
        }
    },
    "test": {
        "f1_weighted": {
            "mean": 0.6136159553204552,
            "std": 0.009354215841921804
        },
        "f1_micro": {
            "mean": 0.618249075215783,
            "std": 0.0097043118964
        },
        "f1_macro": {
            "mean": 0.5963228053412168,
            "std": 0.00469449981695881
        },
        "cross_entropy_loss": {
            "mean": 0.9292786121368408,
            "std": 0.01589937167472892
        }
    }
}