{
    "train": {
        "f1_weighted": 0.7686453240977276,
        "f1_micro": 0.7756532185403946,
        "f1_macro": 0.650142313086978
    },
    "val": {
        "f1_weighted": 0.6529117131771588,
        "f1_micro": 0.6681695220919748,
        "f1_macro": 0.5285378030704809
    },
    "test": {
        "f1_weighted": 0.658539090355861,
        "f1_micro": 0.6743295019157088,
        "f1_macro": 0.49699709719793767
    }
}