{
    "train": {
        "f1_weighted": 0.8166121552477057,
        "f1_micro": 0.8169986985684252,
        "f1_macro": 0.7209200505763315
    },
    "val": {
        "f1_weighted": 0.6433826868328111,
        "f1_micro": 0.6501352569882777,
        "f1_macro": 0.5117138212543234
    },
    "test": {
        "f1_weighted": 0.6503893345319661,
        "f1_micro": 0.6513409961685823,
        "f1_macro": 0.4931742961659845
    }
}