{
    "train": {
        "f1_weighted": {
            "mean": 0.7726097982459571,
            "std": 0.022825489381677225
        },
        "f1_micro": {
            "mean": 0.7793773150465512,
            "std": 0.01940044263328095
        },
        "f1_macro": {
            "mean": 0.6426641411653542,
            "std": 0.04233659931666241
        }
    },
    "val": {
        "f1_weighted": {
            "mean": 0.6407777318723571,
            "std": 0.007066188246060669
        },
        "f1_micro": {
            "mean": 0.6555455365193869,
            "std": 0.008381569008924996
        },
        "f1_macro": {
            "mean": 0.4973149760290034,
            "std": 0.019742857016542367
        }
    },
    "test": {
        "f1_weighted": {
            "mean": 0.6559798563830279,
            "std": 0.005515303211518138
        },
        "f1_micro": {
            "mean": 0.6679693486590038,
            "std": 0.01106105782422447
        },
        "f1_macro": {
            "mean": 0.47933227712246246,
            "std": 0.014984770790893217
        }
    }
}