{
    "train": {
        "f1_weighted": 0.40597539910802133,
        "f1_micro": 0.4838936984095027,
        "f1_macro": 0.31187473942988797
    },
    "val": {
        "f1_weighted": 0.3618671528107083,
        "f1_micro": 0.4389880952380953,
        "f1_macro": 0.2844121124911982
    },
    "test": {
        "f1_weighted": 0.3113007440302015,
        "f1_micro": 0.401355421686747,
        "f1_macro": 0.248351847593902
    }
}