{
    "train": {
        "f1_weighted": 0.5645957427123768,
        "f1_micro": 0.5994564123213207,
        "f1_macro": 0.49271205712423655
    },
    "val": {
        "f1_weighted": 0.40276000700623643,
        "f1_micro": 0.4427083333333333,
        "f1_macro": 0.3350739672936582
    },
    "test": {
        "f1_weighted": 0.3650306281726563,
        "f1_micro": 0.4088855421686746,
        "f1_macro": 0.31283065195539883
    }
}