{
    "train": {
        "f1_weighted": 0.4679254643951702,
        "f1_micro": 0.516710287900141,
        "f1_macro": 0.3831472580055782
    },
    "val": {
        "f1_weighted": 0.3736306702488387,
        "f1_micro": 0.42336309523809523,
        "f1_macro": 0.3001395423511948
    },
    "test": {
        "f1_weighted": 0.3467390716921577,
        "f1_micro": 0.411144578313253,
        "f1_macro": 0.2858903690185878
    }
}