{
    "train": {
        "f1_weighted": {
            "mean": 0.8285295894985231,
            "std": 0.026518127880709095
        },
        "f1_micro": {
            "mean": 0.8292591042277102,
            "std": 0.026509829402148733
        },
        "f1_macro": {
            "mean": 0.8277496992807303,
            "std": 0.026621464483247186
        },
        "cross_entropy_loss": {
            "mean": 0.45921593308448794,
            "std": 0.06476593255990884
        }
    },
    "val": {
        "f1_weighted": {
            "mean": 0.6447202027708391,
            "std": 0.010630768363237656
        },
        "f1_micro": {
            "mean": 0.643061224489796,
            "std": 0.01127816479971272
        },
        "f1_macro": {
            "mean": 0.6318239447769077,
            "std": 0.010283995377858285
        },
        "cross_entropy_loss": {
            "mean": 0.9342597484588623,
            "std": 0.009309730866518581
        }
    },
    "test": {
        "f1_weighted": {
            "mean": 0.6804375639594789,
            "std": 0.007735875357034872
        },
        "f1_micro": {
            "mean": 0.6821208384710234,
            "std": 0.008286213374308973
        },
        "f1_macro": {
            "mean": 0.665936094512168,
            "std": 0.010754579920162054
        },
        "cross_entropy_loss": {
            "mean": 0.8508342862129211,
            "std": 0.03946180770164539
        }
    }
}