{
    "train": {
        "f1_weighted": 0.46052457745226877,
        "f1_micro": 0.5118783974229918,
        "f1_macro": 0.3745560286999667,
        "cross_entropy_loss": 1.3969500064849854
    },
    "val": {
        "f1_weighted": 0.38867128064393486,
        "f1_micro": 0.44568452380952384,
        "f1_macro": 0.31058241931889763,
        "cross_entropy_loss": 1.547235369682312
    },
    "test": {
        "f1_weighted": 0.34755643877578046,
        "f1_micro": 0.41566265060240964,
        "f1_macro": 0.2843721966104706,
        "cross_entropy_loss": 1.5856661796569824
    }
}