{
    "train": {
        "f1_weighted": 0.7298263024137555,
        "f1_micro": 0.7410151166282911,
        "f1_macro": 0.5628481917376578
    },
    "val": {
        "f1_weighted": 0.6293020659659894,
        "f1_micro": 0.6492335437330928,
        "f1_macro": 0.46319585769403926
    },
    "test": {
        "f1_weighted": 0.6621657246502534,
        "f1_micro": 0.6754789272030651,
        "f1_macro": 0.46982313522281643
    }
}