{
    "train": {
        "f1_weighted": 0.724016236511645,
        "f1_micro": 0.7397136850535591,
        "f1_macro": 0.5564290116869708
    },
    "val": {
        "f1_weighted": 0.6232912661257236,
        "f1_micro": 0.6492335437330928,
        "f1_macro": 0.4590045406875117
    },
    "test": {
        "f1_weighted": 0.6515787172100286,
        "f1_micro": 0.6720306513409962,
        "f1_macro": 0.4505296958612494
    }
}