{
    "train": {
        "f1_weighted": 0.619054707458045,
        "f1_micro": 0.6278777731268314,
        "f1_macro": 0.6126976855634081,
        "cross_entropy_loss": 0.9300187826156616
    },
    "val": {
        "f1_weighted": 0.5575322111467137,
        "f1_micro": 0.5571428571428572,
        "f1_macro": 0.514046922668248,
        "cross_entropy_loss": 1.0783745050430298
    },
    "test": {
        "f1_weighted": 0.5474654721418126,
        "f1_micro": 0.5567200986436498,
        "f1_macro": 0.5160532460900488,
        "cross_entropy_loss": 1.1193666458129883
    }
}