{
    "train": {
        "f1_weighted": 0.7508010708091942,
        "f1_micro": 0.7536626203432397,
        "f1_macro": 0.7530089184150977,
        "cross_entropy_loss": 0.6438135504722595
    },
    "val": {
        "f1_weighted": 0.5831652988692041,
        "f1_micro": 0.5795918367346938,
        "f1_macro": 0.5626455275124224,
        "cross_entropy_loss": 1.0742690563201904
    },
    "test": {
        "f1_weighted": 0.5931748413189809,
        "f1_micro": 0.5974106041923551,
        "f1_macro": 0.5748850594758577,
        "cross_entropy_loss": 1.0988681316375732
    }
}