{
    "train": {
        "f1_weighted": {
            "mean": 0.71117830084142,
            "std": 0.053062092021069825
        },
        "f1_micro": {
            "mean": 0.716450397655923,
            "std": 0.05059747839326518
        },
        "f1_macro": {
            "mean": 0.7150705024564108,
            "std": 0.056798914822663624
        },
        "cross_entropy_loss": {
            "mean": 0.7319130182266236,
            "std": 0.11576827211289463
        }
    },
    "val": {
        "f1_weighted": {
            "mean": 0.5754266371446736,
            "std": 0.009120425049653179
        },
        "f1_micro": {
            "mean": 0.5736734693877551,
            "std": 0.00852269919094737
        },
        "f1_macro": {
            "mean": 0.5506418797825023,
            "std": 0.018497526258754428
        },
        "cross_entropy_loss": {
            "mean": 1.08573637008667,
            "std": 0.010553152041247639
        }
    },
    "test": {
        "f1_weighted": {
            "mean": 0.5864489546453355,
            "std": 0.02419705410616544
        },
        "f1_micro": {
            "mean": 0.5911220715166461,
            "std": 0.021525035550149684
        },
        "f1_macro": {
            "mean": 0.5663736624132234,
            "std": 0.029573627683136906
        },
        "cross_entropy_loss": {
            "mean": 1.101390552520752,
            "std": 0.021530568026790226
        }
    }
}