{
    "train": {
        "f1_weighted": 0.7027521356675152,
        "f1_micro": 0.7059439095856007,
        "f1_macro": 0.7079485044852666,
        "cross_entropy_loss": 0.7949356436729431
    },
    "val": {
        "f1_weighted": 0.5670625846111838,
        "f1_micro": 0.5724489795918367,
        "f1_macro": 0.5337967709174292,
        "cross_entropy_loss": 1.0889785289764404
    },
    "test": {
        "f1_weighted": 0.5492255770868407,
        "f1_micro": 0.5474722564734895,
        "f1_macro": 0.5274579371861143,
        "cross_entropy_loss": 1.182711124420166
    }
}