{
    "train": {
        "f1_weighted": 0.7325207240051774,
        "f1_micro": 0.7373377982419422,
        "f1_macro": 0.7256523519713394
    },
    "val": {
        "f1_weighted": 0.6096596511374318,
        "f1_micro": 0.6173469387755102,
        "f1_macro": 0.6072690166143654
    },
    "test": {
        "f1_weighted": 0.6463152956434226,
        "f1_micro": 0.6535141800246609,
        "f1_macro": 0.6215222135457016
    }
}