{
    "train": {
        "f1_weighted": 0.7372216655723894,
        "f1_micro": 0.7491240364400841,
        "f1_macro": 0.5706637856232765
    },
    "val": {
        "f1_weighted": 0.6431192141587696,
        "f1_micro": 0.6609558160504959,
        "f1_macro": 0.48578512703442794
    },
    "test": {
        "f1_weighted": 0.6591315026870854,
        "f1_micro": 0.6720306513409962,
        "f1_macro": 0.47769407385654705
    }
}