{
    "train": {
        "f1_weighted": 0.7204431596608118,
        "f1_micro": 0.731204324757233,
        "f1_macro": 0.5847405701664329,
        "cross_entropy_loss": 0.9001601934432983
    },
    "val": {
        "f1_weighted": 0.6274886634661612,
        "f1_micro": 0.6474301172227231,
        "f1_macro": 0.502278010414944,
        "cross_entropy_loss": 1.114619493484497
    },
    "test": {
        "f1_weighted": 0.6351252893905984,
        "f1_micro": 0.6540229885057471,
        "f1_macro": 0.45716209485966647,
        "cross_entropy_loss": 1.055569052696228
    }
}