{
    "train": {
        "f1_weighted": {
            "mean": 0.7204431596608118,
            "std": 0.0
        },
        "f1_micro": {
            "mean": 0.731204324757233,
            "std": 0.0
        },
        "f1_macro": {
            "mean": 0.5847405701664329,
            "std": 0.0
        },
        "cross_entropy_loss": {
            "mean": 0.9001601934432983,
            "std": 0.0
        }
    },
    "val": {
        "f1_weighted": {
            "mean": 0.6274886634661612,
            "std": 0.0
        },
        "f1_micro": {
            "mean": 0.6474301172227231,
            "std": 0.0
        },
        "f1_macro": {
            "mean": 0.502278010414944,
            "std": 0.0
        },
        "cross_entropy_loss": {
            "mean": 1.114619493484497,
            "std": 0.0
        }
    },
    "test": {
        "f1_weighted": {
            "mean": 0.6351252893905984,
            "std": 0.0
        },
        "f1_micro": {
            "mean": 0.6540229885057471,
            "std": 0.0
        },
        "f1_macro": {
            "mean": 0.45716209485966647,
            "std": 0.0
        },
        "cross_entropy_loss": {
            "mean": 1.055569052696228,
            "std": 0.0
        }
    }
}