{
    "train": {
        "f1_weighted": 0.7271366694448652,
        "f1_micro": 0.7390129142056262,
        "f1_macro": 0.5544980546208921
    },
    "val": {
        "f1_weighted": 0.6206406952829933,
        "f1_micro": 0.6420198376916141,
        "f1_macro": 0.4419769033322019
    },
    "test": {
        "f1_weighted": 0.6512482878514299,
        "f1_micro": 0.6647509578544061,
        "f1_macro": 0.46240228462541405
    }
}