{
    "train": {
        "f1_weighted": {
            "mean": 0.7791936754143591,
            "std": 0.03910018507509677
        },
        "f1_micro": {
            "mean": 0.7869055961557714,
            "std": 0.035508403754566084
        },
        "f1_macro": {
            "mean": 0.6484449522602341,
            "std": 0.06432713075249673
        }
    },
    "val": {
        "f1_weighted": {
            "mean": 0.6335445488739102,
            "std": 0.006588445818449306
        },
        "f1_micro": {
            "mean": 0.6508566275924256,
            "std": 0.008213018962478396
        },
        "f1_macro": {
            "mean": 0.49239908823047057,
            "std": 0.02862594013346992
        }
    },
    "test": {
        "f1_weighted": {
            "mean": 0.6481093235150002,
            "std": 0.002735452865999847
        },
        "f1_micro": {
            "mean": 0.6607662835249042,
            "std": 0.005592294954948335
        },
        "f1_macro": {
            "mean": 0.4775763946351931,
            "std": 0.01441636925326882
        }
    }
}