{
    "train": {
        "f1_weighted": 0.8371252302656198,
        "f1_micro": 0.8369610715780661,
        "f1_macro": 0.8359559561892219
    },
    "val": {
        "f1_weighted": 0.6508921293206221,
        "f1_micro": 0.6479591836734694,
        "f1_macro": 0.631803751577266
    },
    "test": {
        "f1_weighted": 0.6925852550779108,
        "f1_micro": 0.6905055487053021,
        "f1_macro": 0.6776925693489485
    }
}