{
    "train": {
        "f1_weighted": 0.710126253360429,
        "f1_micro": 0.7159899539556298,
        "f1_macro": 0.7083538200661555
    },
    "val": {
        "f1_weighted": 0.6464251326689414,
        "f1_micro": 0.6540816326530612,
        "f1_macro": 0.6224662435643251
    },
    "test": {
        "f1_weighted": 0.6786538326189148,
        "f1_micro": 0.684956843403206,
        "f1_macro": 0.6443495642471916
    }
}