{
    "train": {
        "f1_weighted": 0.7564691429653516,
        "f1_micro": 0.7565927166178318,
        "f1_macro": 0.7592047744383348
    },
    "val": {
        "f1_weighted": 0.6374987128905407,
        "f1_micro": 0.6336734693877552,
        "f1_macro": 0.6189986686843675
    },
    "test": {
        "f1_weighted": 0.6735597394822523,
        "f1_micro": 0.6707768187422934,
        "f1_macro": 0.6526709863073472
    }
}