{
    "train": {
        "f1_weighted": 0.8137218887105282,
        "f1_micro": 0.8141481791544578,
        "f1_macro": 0.8174473435372677
    },
    "val": {
        "f1_weighted": 0.6484695923385086,
        "f1_micro": 0.6489795918367347,
        "f1_macro": 0.6338433159793665
    },
    "test": {
        "f1_weighted": 0.6516104274141356,
        "f1_micro": 0.654747225647349,
        "f1_macro": 0.6441836776778845
    }
}