{
    "train": {
        "f1_weighted": 0.6880495609814772,
        "f1_micro": 0.6908748430305567,
        "f1_macro": 0.6789828761584928
    },
    "val": {
        "f1_weighted": 0.5488124556793819,
        "f1_micro": 0.5448979591836735,
        "f1_macro": 0.5249202949490255
    },
    "test": {
        "f1_weighted": 0.5254559917131353,
        "f1_micro": 0.530826140567201,
        "f1_macro": 0.5036455463244658
    }
}