{
    "train": {
        "f1_weighted": 0.749489535204873,
        "f1_micro": 0.7603363700070077,
        "f1_macro": 0.6063454049752073,
        "cross_entropy_loss": 0.8187122344970703
    },
    "val": {
        "f1_weighted": 0.6328914992165174,
        "f1_micro": 0.654643823264202,
        "f1_macro": 0.4721769614317045,
        "cross_entropy_loss": 1.0584832429885864
    },
    "test": {
        "f1_weighted": 0.6568272950871166,
        "f1_micro": 0.6735632183908046,
        "f1_macro": 0.4961612938857494,
        "cross_entropy_loss": 1.0079200267791748
    }
}