{
    "train": {
        "f1_weighted": 0.4874083577825667,
        "f1_micro": 0.5329172538755789,
        "f1_macro": 0.4085205109243923
    },
    "val": {
        "f1_weighted": 0.3844381017085241,
        "f1_micro": 0.4330357142857143,
        "f1_macro": 0.31271883644155796
    },
    "test": {
        "f1_weighted": 0.3661894354638419,
        "f1_micro": 0.4254518072289157,
        "f1_macro": 0.30721404100971456
    }
}