{
    "train": {
        "f1_weighted": 0.5030347112629004,
        "f1_micro": 0.5396617676665996,
        "f1_macro": 0.4320579109253986
    },
    "val": {
        "f1_weighted": 0.385854497690739,
        "f1_micro": 0.42931547619047616,
        "f1_macro": 0.3130670814908364
    },
    "test": {
        "f1_weighted": 0.35924765815559245,
        "f1_micro": 0.4134036144578313,
        "f1_macro": 0.30186106014587744
    }
}