{
    "train": {
        "f1_weighted": 0.7348194548129304,
        "f1_micro": 0.7377563834240267,
        "f1_macro": 0.7380819226143829
    },
    "val": {
        "f1_weighted": 0.5712055984450451,
        "f1_micro": 0.5693877551020409,
        "f1_macro": 0.5528936712063874
    },
    "test": {
        "f1_weighted": 0.5743317531236889,
        "f1_micro": 0.5739827373612824,
        "f1_macro": 0.5546195405103259
    }
}