{
    "train": {
        "f1_weighted": 0.7627726000731838,
        "f1_micro": 0.7653830054416074,
        "f1_macro": 0.7682829375973078
    },
    "val": {
        "f1_weighted": 0.6019201348025708,
        "f1_micro": 0.6061224489795919,
        "f1_macro": 0.5785950552886224
    },
    "test": {
        "f1_weighted": 0.6439827253931293,
        "f1_micro": 0.6479654747225647,
        "f1_macro": 0.6216571041691251
    }
}