{
    "train": {
        "f1_weighted": 0.8599244798413848,
        "f1_micro": 0.8591450595655222,
        "f1_macro": 0.7874821077750311,
        "cross_entropy_loss": 0.6424429416656494
    },
    "val": {
        "f1_weighted": 0.6530957017433628,
        "f1_micro": 0.6537421100090172,
        "f1_macro": 0.5267416394230847,
        "cross_entropy_loss": 1.1346081495285034
    },
    "test": {
        "f1_weighted": 0.6436030102917164,
        "f1_micro": 0.6429118773946361,
        "f1_macro": 0.46675645415067246,
        "cross_entropy_loss": 1.1623388528823853
    }
}