{
    "train": {
        "f1_weighted": {
            "mean": 0.8599244798413848,
            "std": 0.0
        },
        "f1_micro": {
            "mean": 0.8591450595655222,
            "std": 0.0
        },
        "f1_macro": {
            "mean": 0.7874821077750311,
            "std": 0.0
        },
        "cross_entropy_loss": {
            "mean": 0.6424429416656494,
            "std": 0.0
        }
    },
    "val": {
        "f1_weighted": {
            "mean": 0.6530957017433628,
            "std": 0.0
        },
        "f1_micro": {
            "mean": 0.6537421100090172,
            "std": 0.0
        },
        "f1_macro": {
            "mean": 0.5267416394230847,
            "std": 0.0
        },
        "cross_entropy_loss": {
            "mean": 1.1346081495285034,
            "std": 0.0
        }
    },
    "test": {
        "f1_weighted": {
            "mean": 0.6436030102917164,
            "std": 0.0
        },
        "f1_micro": {
            "mean": 0.6429118773946361,
            "std": 0.0
        },
        "f1_macro": {
            "mean": 0.46675645415067246,
            "std": 0.0
        },
        "cross_entropy_loss": {
            "mean": 1.1623388528823853,
            "std": 0.0
        }
    }
}