{
    "train": {
        "f1_weighted": 0.6568687438418219,
        "f1_micro": 0.6852537791570728,
        "f1_macro": 0.4247783589446455,
        "cross_entropy_loss": 0.9747889637947083
    },
    "val": {
        "f1_weighted": 0.5826530665230141,
        "f1_micro": 0.6230838593327321,
        "f1_macro": 0.38122006302033384,
        "cross_entropy_loss": 1.1418625116348267
    },
    "test": {
        "f1_weighted": 0.6195665857294007,
        "f1_micro": 0.6486590038314176,
        "f1_macro": 0.38756678259044436,
        "cross_entropy_loss": 1.0575530529022217
    }
}