{
    "train": {
        "f1_weighted": 0.6628560036289338,
        "f1_micro": 0.6796476123736109,
        "f1_macro": 0.43491078038858716,
        "cross_entropy_loss": 0.988771915435791
    },
    "val": {
        "f1_weighted": 0.5880362277525908,
        "f1_micro": 0.6131650135256989,
        "f1_macro": 0.39530643022088024,
        "cross_entropy_loss": 1.1316378116607666
    },
    "test": {
        "f1_weighted": 0.6272156307034826,
        "f1_micro": 0.6432950191570881,
        "f1_macro": 0.4019918343819021,
        "cross_entropy_loss": 1.0672786235809326
    }
}