{
    "train": {
        "f1_weighted": {
            "mean": 0.6808055219622693,
            "std": 0.02010009462039766
        },
        "f1_micro": {
            "mean": 0.702833116428071,
            "std": 0.01865152308943842
        },
        "f1_macro": {
            "mean": 0.45722873468621783,
            "std": 0.03034045419854222
        },
        "cross_entropy_loss": {
            "mean": 0.9297769904136658,
            "std": 0.0456386837055422
        }
    },
    "val": {
        "f1_weighted": {
            "mean": 0.5853856481331684,
            "std": 0.005122195845167977
        },
        "f1_micro": {
            "mean": 0.6173128944995492,
            "std": 0.006467239342485528
        },
        "f1_macro": {
            "mean": 0.3969812235443377,
            "std": 0.014048010368100508
        },
        "cross_entropy_loss": {
            "mean": 1.142929697036743,
            "std": 0.006240873628645737
        }
    },
    "test": {
        "f1_weighted": {
            "mean": 0.6263799467222805,
            "std": 0.004424528551257201
        },
        "f1_micro": {
            "mean": 0.6484291187739464,
            "std": 0.003012966015530661
        },
        "f1_macro": {
            "mean": 0.4052159205947882,
            "std": 0.016202900001800944
        },
        "cross_entropy_loss": {
            "mean": 1.0659725189208984,
            "std": 0.007038025318582376
        }
    }
}