{
    "train": {
        "f1_weighted": 0.6903355302180187,
        "f1_micro": 0.6975722059439096,
        "f1_macro": 0.7018058023815822,
        "cross_entropy_loss": 0.7654848098754883
    },
    "val": {
        "f1_weighted": 0.5906165664561688,
        "f1_micro": 0.5918367346938775,
        "f1_macro": 0.5680560960701698,
        "cross_entropy_loss": 1.0007102489471436
    },
    "test": {
        "f1_weighted": 0.59560862944688,
        "f1_micro": 0.5974106041923551,
        "f1_macro": 0.5799625905963688,
        "cross_entropy_loss": 1.0187817811965942
    }
}