{
    "train": {
        "f1_weighted": 0.7325299678014593,
        "f1_micro": 0.7344077019673504,
        "f1_macro": 0.7414361589681508,
        "cross_entropy_loss": 0.6792186498641968
    },
    "val": {
        "f1_weighted": 0.5633917711460761,
        "f1_micro": 0.5642857142857143,
        "f1_macro": 0.5566135192432237,
        "cross_entropy_loss": 1.0303301811218262
    },
    "test": {
        "f1_weighted": 0.5947782622856976,
        "f1_micro": 0.594944512946979,
        "f1_macro": 0.5816881166398051,
        "cross_entropy_loss": 1.0301653146743774
    }
}