{
    "train": {
        "f1_weighted": {
            "mean": 0.7091542121087775,
            "std": 0.0219791933075637
        },
        "f1_micro": {
            "mean": 0.7134784428631227,
            "std": 0.020232435042622322
        },
        "f1_macro": {
            "mean": 0.7172032086125422,
            "std": 0.021670157065501527
        },
        "cross_entropy_loss": {
            "mean": 0.7240689635276795,
            "std": 0.04582109452796873
        }
    },
    "val": {
        "f1_weighted": {
            "mean": 0.5865496280851102,
            "std": 0.014093177813499459
        },
        "f1_micro": {
            "mean": 0.5853061224489797,
            "std": 0.01438160238975337
        },
        "f1_macro": {
            "mean": 0.5694494815766223,
            "std": 0.007762140784343088
        },
        "cross_entropy_loss": {
            "mean": 1.0262427806854248,
            "std": 0.016541643856260956
        }
    },
    "test": {
        "f1_weighted": {
            "mean": 0.5972527273351627,
            "std": 0.003027510851916825
        },
        "f1_micro": {
            "mean": 0.5988902589395807,
            "std": 0.004063441936691497
        },
        "f1_macro": {
            "mean": 0.580451550174231,
            "std": 0.002305647471901546
        },
        "cross_entropy_loss": {
            "mean": 1.0304923057556152,
            "std": 0.017065341593083903
        }
    }
}