{
    "train": {
        "f1_weighted": 0.7373584096941345,
        "f1_micro": 0.7396400167434072,
        "f1_macro": 0.7415296391894932
    },
    "val": {
        "f1_weighted": 0.6052626062134455,
        "f1_micro": 0.6051020408163266,
        "f1_macro": 0.5864365859468129
    },
    "test": {
        "f1_weighted": 0.6321922799969526,
        "f1_micro": 0.6362515413070283,
        "f1_macro": 0.6025345723815864
    }
}