{
    "train": {
        "f1_weighted": 0.979076828583696,
        "f1_micro": 0.9790769846831515,
        "f1_macro": 0.97046826052645
    },
    "val": {
        "f1_weighted": 0.6008043124107597,
        "f1_micro": 0.6086564472497745,
        "f1_macro": 0.47959887918159827
    },
    "test": {
        "f1_weighted": 0.5966410909906021,
        "f1_micro": 0.6019157088122605,
        "f1_macro": 0.42254316140503967
    }
}