{
    "train": {
        "f1_weighted": 0.8377561552761794,
        "f1_micro": 0.8394233657022725,
        "f1_macro": 0.7245111652319679
    },
    "val": {
        "f1_weighted": 0.5950696123759611,
        "f1_micro": 0.6086564472497745,
        "f1_macro": 0.46774184284427733
    },
    "test": {
        "f1_weighted": 0.6114809979996894,
        "f1_micro": 0.6172413793103448,
        "f1_macro": 0.4297286980830883
    }
}