{
    "train": {
        "f1_weighted": 0.9933905233763253,
        "f1_micro": 0.9933927320052057,
        "f1_macro": 0.9907463733838073
    },
    "val": {
        "f1_weighted": 0.5909699837574467,
        "f1_micro": 0.5987376014427412,
        "f1_macro": 0.4467627073335147
    },
    "test": {
        "f1_weighted": 0.6072112660593549,
        "f1_micro": 0.6103448275862069,
        "f1_macro": 0.44070950160839406
    }
}