{
    "train": {
        "f1_weighted": {
            "mean": 0.9276922254746032,
            "std": 0.07236477689279135
        },
        "f1_micro": {
            "mean": 0.9282410651716889,
            "std": 0.07168705081763795
        },
        "f1_macro": {
            "mean": 0.8836768146424019,
            "std": 0.12003186286922976
        }
    },
    "val": {
        "f1_weighted": {
            "mean": 0.595868876507839,
            "std": 0.003509187923108665
        },
        "f1_micro": {
            "mean": 0.6061316501352569,
            "std": 0.0056858008189123194
        },
        "f1_macro": {
            "mean": 0.46469117259016873,
            "std": 0.010646288251664058
        }
    },
    "test": {
        "f1_weighted": {
            "mean": 0.6062107251705988,
            "std": 0.005172025407682847
        },
        "f1_micro": {
            "mean": 0.6117241379310345,
            "std": 0.005427105351609439
        },
        "f1_macro": {
            "mean": 0.4362391938303154,
            "std": 0.011039974444642593
        }
    }
}