{
    "train": {
        "f1_weighted": 0.48311656868106784,
        "f1_micro": 0.5250654318502114,
        "f1_macro": 0.3971763349392497,
        "cross_entropy_loss": 1.3543314933776855
    },
    "val": {
        "f1_weighted": 0.3834182681505683,
        "f1_micro": 0.4270833333333333,
        "f1_macro": 0.3145931396931512,
        "cross_entropy_loss": 1.5841476917266846
    },
    "test": {
        "f1_weighted": 0.35763019175485905,
        "f1_micro": 0.4126506024096386,
        "f1_macro": 0.2988713178248954,
        "cross_entropy_loss": 1.6161943674087524
    }
}