{
    "train": {
        "f1_weighted": 0.41178910530616597,
        "f1_micro": 0.46668008858465876,
        "f1_macro": 0.31571717116715475,
        "cross_entropy_loss": 1.4934625625610352
    },
    "val": {
        "f1_weighted": 0.37864923183297006,
        "f1_micro": 0.4382440476190476,
        "f1_macro": 0.2906006326599881,
        "cross_entropy_loss": 1.5963724851608276
    },
    "test": {
        "f1_weighted": 0.34708848601148606,
        "f1_micro": 0.4134036144578313,
        "f1_macro": 0.2794798791742895,
        "cross_entropy_loss": 1.6258169412612915
    }
}