{
    "train": {
        "f1_weighted": 0.4060175723268137,
        "f1_micro": 0.46637809542983694,
        "f1_macro": 0.30703051416158383,
        "cross_entropy_loss": 1.487780213356018
    },
    "val": {
        "f1_weighted": 0.3737998129868038,
        "f1_micro": 0.4367559523809524,
        "f1_macro": 0.2898846739741615,
        "cross_entropy_loss": 1.5779263973236084
    },
    "test": {
        "f1_weighted": 0.3375837103945083,
        "f1_micro": 0.41039156626506024,
        "f1_macro": 0.2700032140339546,
        "cross_entropy_loss": 1.625196933746338
    }
}