{
    "train": {
        "f1_weighted": 0.4123238434589322,
        "f1_micro": 0.4685927118985303,
        "f1_macro": 0.31971795770519085,
        "cross_entropy_loss": 1.484829068183899
    },
    "val": {
        "f1_weighted": 0.35963620213494324,
        "f1_micro": 0.41964285714285715,
        "f1_macro": 0.2797374030435239,
        "cross_entropy_loss": 1.5992624759674072
    },
    "test": {
        "f1_weighted": 0.34066009218800286,
        "f1_micro": 0.40512048192771083,
        "f1_macro": 0.27941862371240617,
        "cross_entropy_loss": 1.6249135732650757
    }
}