{
    "train": {
        "f1_weighted": 0.44947863258816595,
        "f1_micro": 0.5018119589289309,
        "f1_macro": 0.3601176210702625,
        "cross_entropy_loss": 1.4118773937225342
    },
    "val": {
        "f1_weighted": 0.3811992009560682,
        "f1_micro": 0.43452380952380953,
        "f1_macro": 0.3093600082463827,
        "cross_entropy_loss": 1.587175965309143
    },
    "test": {
        "f1_weighted": 0.33775023090508877,
        "f1_micro": 0.401355421686747,
        "f1_macro": 0.27697247924906826,
        "cross_entropy_loss": 1.6172301769256592
    }
}