{
    "train": {
        "f1_weighted": 0.6404874030550587,
        "f1_micro": 0.6498534951862704,
        "f1_macro": 0.6495150153273871
    },
    "val": {
        "f1_weighted": 0.591610331884926,
        "f1_micro": 0.5989795918367347,
        "f1_macro": 0.5763339017493001
    },
    "test": {
        "f1_weighted": 0.6176925241013834,
        "f1_micro": 0.6263871763255241,
        "f1_macro": 0.5971473987623265
    }
}