{
    "train": {
        "f1_weighted": 0.8874514140284564,
        "f1_micro": 0.8882377563834241,
        "f1_macro": 0.8792579642451549
    },
    "val": {
        "f1_weighted": 0.6235370824085097,
        "f1_micro": 0.6234693877551021,
        "f1_macro": 0.5997897712827552
    },
    "test": {
        "f1_weighted": 0.6505453710784478,
        "f1_micro": 0.657213316892725,
        "f1_macro": 0.6242114912122271
    }
}