{
    "train": {
        "f1_weighted": 0.8448403802637017,
        "f1_micro": 0.8444956048555882,
        "f1_macro": 0.8467392234810084
    },
    "val": {
        "f1_weighted": 0.6378040512984451,
        "f1_micro": 0.6387755102040816,
        "f1_macro": 0.6263910462900876
    },
    "test": {
        "f1_weighted": 0.6508136335721781,
        "f1_micro": 0.6485819975339088,
        "f1_macro": 0.6382534030759983
    }
}