{
    "train": {
        "f1_weighted": 0.8430982874810171,
        "f1_micro": 0.843658434491419,
        "f1_macro": 0.8451527909382847
    },
    "val": {
        "f1_weighted": 0.6245274797971236,
        "f1_micro": 0.6224489795918368,
        "f1_macro": 0.6198198163889039
    },
    "test": {
        "f1_weighted": 0.6399655079444347,
        "f1_micro": 0.6418002466091245,
        "f1_macro": 0.6230087766533219
    }
}