{
    "train": {
        "f1_weighted": {
            "mean": 0.7754005482431949,
            "std": 0.05609980295834821
        },
        "f1_micro": {
            "mean": 0.777856843867727,
            "std": 0.05358619534932173
        },
        "f1_macro": {
            "mean": 0.7769412296870634,
            "std": 0.054781432622026165
        }
    },
    "val": {
        "f1_weighted": {
            "mean": 0.6291203643789735,
            "std": 0.03342245041437334
        },
        "f1_micro": {
            "mean": 0.6316326530612246,
            "std": 0.03055777466815474
        },
        "f1_macro": {
            "mean": 0.6128477172079501,
            "std": 0.03543611806525094
        }
    },
    "test": {
        "f1_weighted": {
            "mean": 0.6571534252170756,
            "std": 0.015589569348126314
        },
        "f1_micro": {
            "mean": 0.6601726263871763,
            "std": 0.013259684398293538
        },
        "f1_macro": {
            "mean": 0.638165621678281,
            "std": 0.01930417833501716
        }
    }
}