{
    "train": {
        "f1_weighted": 0.7637557906110827,
        "f1_micro": 0.7742516768445291,
        "f1_macro": 0.625285563664924
    },
    "val": {
        "f1_weighted": 0.6426296219181256,
        "f1_micro": 0.6609558160504959,
        "f1_macro": 0.5248143182563035
    },
    "test": {
        "f1_weighted": 0.6500965656114237,
        "f1_micro": 0.6674329501915709,
        "f1_macro": 0.4801870693629833
    }
}