{
    "train": {
        "f1_weighted": 0.7666766885608564,
        "f1_micro": 0.7747522274501952,
        "f1_macro": 0.6256914037361694
    },
    "val": {
        "f1_weighted": 0.6379149208932186,
        "f1_micro": 0.6537421100090172,
        "f1_macro": 0.4929786108809361
    },
    "test": {
        "f1_weighted": 0.6515270012155344,
        "f1_micro": 0.6662835249042146,
        "f1_macro": 0.46032123885758935
    }
}