{
    "train": {
        "f1_weighted": 0.7642157192796618,
        "f1_micro": 0.7689458404244669,
        "f1_macro": 0.6252301516444145
    },
    "val": {
        "f1_weighted": 0.6374469157689727,
        "f1_micro": 0.6492335437330928,
        "f1_macro": 0.5031810233227245
    },
    "test": {
        "f1_weighted": 0.6506911139989678,
        "f1_micro": 0.6578544061302682,
        "f1_macro": 0.4725580124586925
    }
}