{
    "train": {
        "f1_weighted": 0.6679080784480675,
        "f1_micro": 0.669945583926329,
        "f1_macro": 0.6664808549770435
    },
    "val": {
        "f1_weighted": 0.542163967252288,
        "f1_micro": 0.5316326530612245,
        "f1_macro": 0.524337954487293
    },
    "test": {
        "f1_weighted": 0.5545012764719645,
        "f1_micro": 0.5591861898890259,
        "f1_macro": 0.5339388066259101
    }
}