{
    "train": {
        "f1_weighted": 0.7609461580266359,
        "f1_micro": 0.7682450695765342,
        "f1_macro": 0.6310626004826055
    },
    "val": {
        "f1_weighted": 0.6260263590391023,
        "f1_micro": 0.6447249774571686,
        "f1_macro": 0.5086447345779407
    },
    "test": {
        "f1_weighted": 0.6317326162406932,
        "f1_micro": 0.6455938697318008,
        "f1_macro": 0.4734570491470995
    }
}