{
    "train": {
        "f1_weighted": {
            "mean": 0.5720550492284054,
            "std": 0.0
        },
        "f1_micro": {
            "mean": 0.5908574562262525,
            "std": 0.0
        },
        "f1_macro": {
            "mean": 0.41844299898864423,
            "std": 0.0
        },
        "cross_entropy_loss": {
            "mean": 0.3068584203720093,
            "std": 0.0
        }
    },
    "val": {
        "f1_weighted": {
            "mean": 0.5329861778399624,
            "std": 0.0
        },
        "f1_micro": {
            "mean": 0.5654565456545654,
            "std": 0.0
        },
        "f1_macro": {
            "mean": 0.28230753845128137,
            "std": 0.0
        },
        "cross_entropy_loss": {
            "mean": 0.2496655434370041,
            "std": 0.0
        }
    },
    "test": {
        "f1_weighted": {
            "mean": 0.4835543903676069,
            "std": 0.0
        },
        "f1_micro": {
            "mean": 0.505982905982906,
            "std": 0.0
        },
        "f1_macro": {
            "mean": 0.3293716290753698,
            "std": 0.0
        },
        "cross_entropy_loss": {
            "mean": 0.4085181653499603,
            "std": 0.0
        }
    }
}