{
    "train": {
        "f1_weighted": 0.48502858218043104,
        "f1_micro": 0.5136903563519227,
        "f1_macro": 0.4097009323678599
    },
    "val": {
        "f1_weighted": 0.4067791635443912,
        "f1_micro": 0.4330357142857143,
        "f1_macro": 0.34180359755386236
    },
    "test": {
        "f1_weighted": 0.38283884862371964,
        "f1_micro": 0.4246987951807229,
        "f1_macro": 0.3273526379096072
    }
}