{
    "train": {
        "f1_weighted": {
            "mean": 0.49093792583373075,
            "std": 0.04284496164992094
        },
        "f1_micro": {
            "mean": 0.5361385141936783,
            "std": 0.03611526137156863
        },
        "f1_macro": {
            "mean": 0.41152239931814405,
            "std": 0.049521757699334715
        }
    },
    "val": {
        "f1_weighted": {
            "mean": 0.3897446891738078,
            "std": 0.011604114289673584
        },
        "f1_micro": {
            "mean": 0.43809523809523815,
            "std": 0.006051993871328207
        },
        "f1_macro": {
            "mean": 0.3172237926849949,
            "std": 0.01452429325230053
        }
    },
    "test": {
        "f1_weighted": {
            "mean": 0.3616923353218781,
            "std": 0.01862033022138768
        },
        "f1_micro": {
            "mean": 0.42123493975903614,
            "std": 0.004558056009163138
        },
        "f1_macro": {
            "mean": 0.3031709624587168,
            "std": 0.024703457230448166
        }
    }
}