{
    "train": {
        "f1_weighted": 0.8810503595660938,
        "f1_micro": 0.8827710481529683,
        "f1_macro": 0.8011889385097113
    },
    "val": {
        "f1_weighted": 0.63966764056192,
        "f1_micro": 0.6492335437330928,
        "f1_macro": 0.5228909380711008
    },
    "test": {
        "f1_weighted": 0.6563440673628022,
        "f1_micro": 0.6647509578544061,
        "f1_macro": 0.5047629249542653
    }
}