{
    "train": {
        "f1_weighted": 0.867578381416965,
        "f1_micro": 0.8698568425267794,
        "f1_macro": 0.7830874026272615
    },
    "val": {
        "f1_weighted": 0.6442592627635866,
        "f1_micro": 0.654643823264202,
        "f1_macro": 0.5119895419140768
    },
    "test": {
        "f1_weighted": 0.6464896670005983,
        "f1_micro": 0.6551724137931034,
        "f1_macro": 0.4839637992904772
    }
}