{
    "train": {
        "f1_weighted": 0.9095116994050492,
        "f1_micro": 0.9100010011012113,
        "f1_macro": 0.8494117196359919
    },
    "val": {
        "f1_weighted": 0.657287829441337,
        "f1_micro": 0.6636609558160504,
        "f1_macro": 0.553807366201732
    },
    "test": {
        "f1_weighted": 0.6383102467760097,
        "f1_micro": 0.6417624521072797,
        "f1_macro": 0.4878937555673459
    }
}