{
    "train": {
        "f1_weighted": 0.9254622490623857,
        "f1_micro": 0.9258184002402644,
        "f1_macro": 0.8784986751783412
    },
    "val": {
        "f1_weighted": 0.6487123546859473,
        "f1_micro": 0.6537421100090172,
        "f1_macro": 0.5387813550141408
    },
    "test": {
        "f1_weighted": 0.6451935049701323,
        "f1_micro": 0.6490421455938697,
        "f1_macro": 0.49383582215411387
    }
}