{
    "train": {
        "f1_weighted": 0.9235973633288843,
        "f1_micro": 0.9237160876964661,
        "f1_macro": 0.8681197731155983
    },
    "val": {
        "f1_weighted": 0.6519278134051871,
        "f1_micro": 0.6564472497745717,
        "f1_macro": 0.5342160053574488
    },
    "test": {
        "f1_weighted": 0.6452806597400584,
        "f1_micro": 0.6478927203065135,
        "f1_macro": 0.4903421675657933
    }
}