{
    "train": {
        "f1_weighted": 0.8756197581278439,
        "f1_micro": 0.8762638902793073,
        "f1_macro": 0.8012166867661853
    },
    "val": {
        "f1_weighted": 0.6471506602560713,
        "f1_micro": 0.6501352569882777,
        "f1_macro": 0.533759420614263
    },
    "test": {
        "f1_weighted": 0.641818148579639,
        "f1_micro": 0.6448275862068965,
        "f1_macro": 0.49374999659171553
    }
}