{
    "train": {
        "f1_weighted": 0.7235031504630085,
        "f1_micro": 0.7351086194814296,
        "f1_macro": 0.5580104480439337
    },
    "val": {
        "f1_weighted": 0.6178655826396947,
        "f1_micro": 0.6393146979260595,
        "f1_macro": 0.45991284127330323
    },
    "test": {
        "f1_weighted": 0.6507484363441024,
        "f1_micro": 0.6655172413793103,
        "f1_macro": 0.4621452593781914
    }
}