{
    "train": {
        "f1_weighted": 0.7483563686225573,
        "f1_micro": 0.7590349384322755,
        "f1_macro": 0.6088367838657135
    },
    "val": {
        "f1_weighted": 0.6485040159547072,
        "f1_micro": 0.6663660955816051,
        "f1_macro": 0.5030252873166322
    },
    "test": {
        "f1_weighted": 0.6539299487029303,
        "f1_micro": 0.6708812260536399,
        "f1_macro": 0.4760384482081104
    }
}