{
    "train": {
        "f1_weighted": 0.8247476806904379,
        "f1_micro": 0.8292121333466813,
        "f1_macro": 0.7208462255150805
    },
    "val": {
        "f1_weighted": 0.6432431540106408,
        "f1_micro": 0.6564472497745717,
        "f1_macro": 0.5088146981656765
    },
    "test": {
        "f1_weighted": 0.6438365589683966,
        "f1_micro": 0.6555555555555556,
        "f1_macro": 0.46767829221080043
    }
}