{
    "train": {
        "f1_weighted": 0.8197772894887713,
        "f1_micro": 0.8241065171688856,
        "f1_macro": 0.7175289397105562
    },
    "val": {
        "f1_weighted": 0.636905766100619,
        "f1_micro": 0.6492335437330928,
        "f1_macro": 0.5134071707857346
    },
    "test": {
        "f1_weighted": 0.6553317985750035,
        "f1_micro": 0.667816091954023,
        "f1_macro": 0.5090641219182114
    }
}