{
    "train": {
        "f1_weighted": 0.8340969592240303,
        "f1_micro": 0.8352187406146763,
        "f1_macro": 0.740727978176323
    },
    "val": {
        "f1_weighted": 0.643793793550817,
        "f1_micro": 0.6501352569882777,
        "f1_macro": 0.5241943178839924
    },
    "test": {
        "f1_weighted": 0.6478520613965056,
        "f1_micro": 0.6494252873563219,
        "f1_macro": 0.4876272184956721
    }
}