{
    "train": {
        "f1_weighted": 0.707273962455855,
        "f1_micro": 0.7240965061567725,
        "f1_macro": 0.5257795723629848,
        "cross_entropy_loss": 0.9127823710441589
    },
    "val": {
        "f1_weighted": 0.605336940551934,
        "f1_micro": 0.6330027051397655,
        "f1_macro": 0.42872086095384204,
        "cross_entropy_loss": 1.1022663116455078
    },
    "test": {
        "f1_weighted": 0.6511662173633903,
        "f1_micro": 0.6704980842911877,
        "f1_macro": 0.4512109068362466,
        "cross_entropy_loss": 1.0154749155044556
    }
}