{
    "train": {
        "f1_weighted": {
            "mean": 0.707273962455855,
            "std": 0.0
        },
        "f1_micro": {
            "mean": 0.7240965061567725,
            "std": 0.0
        },
        "f1_macro": {
            "mean": 0.5257795723629848,
            "std": 0.0
        },
        "cross_entropy_loss": {
            "mean": 0.9127823710441589,
            "std": 0.0
        }
    },
    "val": {
        "f1_weighted": {
            "mean": 0.605336940551934,
            "std": 0.0
        },
        "f1_micro": {
            "mean": 0.6330027051397655,
            "std": 0.0
        },
        "f1_macro": {
            "mean": 0.42872086095384204,
            "std": 0.0
        },
        "cross_entropy_loss": {
            "mean": 1.1022663116455078,
            "std": 0.0
        }
    },
    "test": {
        "f1_weighted": {
            "mean": 0.6511662173633903,
            "std": 0.0
        },
        "f1_micro": {
            "mean": 0.6704980842911877,
            "std": 0.0
        },
        "f1_macro": {
            "mean": 0.4512109068362466,
            "std": 0.0
        },
        "cross_entropy_loss": {
            "mean": 1.0154749155044556,
            "std": 0.0
        }
    }
}