{
    "train": {
        "f1_weighted": 0.73682792485796,
        "f1_micro": 0.7538292121333465,
        "f1_macro": 0.5375701259202016,
        "cross_entropy_loss": 0.806704044342041
    },
    "val": {
        "f1_weighted": 0.6053853530922463,
        "f1_micro": 0.6339044183949504,
        "f1_macro": 0.4093686474593084,
        "cross_entropy_loss": 1.0956205129623413
    },
    "test": {
        "f1_weighted": 0.6386849785043915,
        "f1_micro": 0.6578544061302682,
        "f1_macro": 0.4277185278105189,
        "cross_entropy_loss": 1.0610510110855103
    }
}