{
    "train": {
        "f1_weighted": 0.6997397475177455,
        "f1_micro": 0.7201922114325757,
        "f1_macro": 0.4703915758467949,
        "cross_entropy_loss": 0.8843591213226318
    },
    "val": {
        "f1_weighted": 0.6099653237539504,
        "f1_micro": 0.6366095581605049,
        "f1_macro": 0.41542365624798544,
        "cross_entropy_loss": 1.0892189741134644
    },
    "test": {
        "f1_weighted": 0.641156295510197,
        "f1_micro": 0.6624521072796935,
        "f1_macro": 0.4126431948849453,
        "cross_entropy_loss": 1.032849907875061
    }
}