{
    "train": {
        "f1_weighted": 0.7879383705789197,
        "f1_micro": 0.7901691861047152,
        "f1_macro": 0.6734218600002662
    },
    "val": {
        "f1_weighted": 0.6406147269874201,
        "f1_micro": 0.6474301172227231,
        "f1_macro": 0.5105394865376021
    },
    "test": {
        "f1_weighted": 0.6431148950468085,
        "f1_micro": 0.6486590038314176,
        "f1_macro": 0.4714138154266743
    }
}