{
    "train": {
        "f1_weighted": {
            "mean": 0.8114105200552431,
            "std": 0.02985038095427303
        },
        "f1_micro": {
            "mean": 0.8131344478926819,
            "std": 0.029401822763132544
        },
        "f1_macro": {
            "mean": 0.7053091698976482,
            "std": 0.041286745525991646
        }
    },
    "val": {
        "f1_weighted": {
            "mean": 0.644862690498359,
            "std": 0.014278411193495242
        },
        "f1_micro": {
            "mean": 0.6528403967538322,
            "std": 0.00945724840550179
        },
        "f1_macro": {
            "mean": 0.5117588914715648,
            "std": 0.034370152226115176
        }
    },
    "test": {
        "f1_weighted": {
            "mean": 0.6503058925849947,
            "std": 0.004692504035931068
        },
        "f1_micro": {
            "mean": 0.6555555555555556,
            "std": 0.00890670694010439
        },
        "f1_macro": {
            "mean": 0.4785307012775009,
            "std": 0.008428820170306758
        }
    }
}