{
    "train": {
        "f1_weighted": 0.9100775815687752,
        "f1_micro": 0.9105015517068775,
        "f1_macro": 0.8516003748684852
    },
    "val": {
        "f1_weighted": 0.649085718806142,
        "f1_micro": 0.654643823264202,
        "f1_macro": 0.533081363137072
    },
    "test": {
        "f1_weighted": 0.6413230744198598,
        "f1_micro": 0.6478927203065135,
        "f1_macro": 0.4896931207792411
    }
}