{
    "train": {
        "f1_weighted": 0.7264410546571829,
        "f1_micro": 0.7413154469916908,
        "f1_macro": 0.5297850977298015,
        "cross_entropy_loss": 0.832202136516571
    },
    "val": {
        "f1_weighted": 0.6066105913243051,
        "f1_micro": 0.6348061316501352,
        "f1_macro": 0.4109257991753736,
        "cross_entropy_loss": 1.084843397140503
    },
    "test": {
        "f1_weighted": 0.6406287907942313,
        "f1_micro": 0.6555555555555556,
        "f1_macro": 0.4373602493549486,
        "cross_entropy_loss": 1.0495409965515137
    }
}