{
    "train": {
        "f1_weighted": 0.7325832614239138,
        "f1_micro": 0.7506256882570826,
        "f1_macro": 0.530540509457194,
        "cross_entropy_loss": 0.8089707493782043
    },
    "val": {
        "f1_weighted": 0.606932544976121,
        "f1_micro": 0.6348061316501352,
        "f1_macro": 0.4326403823730623,
        "cross_entropy_loss": 1.116587519645691
    },
    "test": {
        "f1_weighted": 0.6406967242088673,
        "f1_micro": 0.6597701149425287,
        "f1_macro": 0.42501243287338936,
        "cross_entropy_loss": 1.0400002002716064
    }
}