{
    "train": {
        "f1_weighted": {
            "mean": 0.7192054897739644,
            "std": 0.016392791208949164
        },
        "f1_micro": {
            "mean": 0.7350085093602964,
            "std": 0.01483617133968694
        },
        "f1_macro": {
            "mean": 0.5094826769024109,
            "std": 0.02815176777095316
        },
        "cross_entropy_loss": {
            "mean": 0.8459952473640442,
            "std": 0.03615192113452524
        }
    },
    "val": {
        "f1_weighted": {
            "mean": 0.6097241557881075,
            "std": 0.008740711769571861
        },
        "f1_micro": {
            "mean": 0.6351668169522092,
            "std": 0.007873356159763072
        },
        "f1_macro": {
            "mean": 0.42062408093650205,
            "std": 0.01419131944185898
        },
        "cross_entropy_loss": {
            "mean": 1.0972121715545655,
            "std": 0.014036091269572887
        }
    },
    "test": {
        "f1_weighted": {
            "mean": 0.6429674611805928,
            "std": 0.0021662724797201116
        },
        "f1_micro": {
            "mean": 0.6596168582375479,
            "std": 0.004511321388363217
        },
        "f1_macro": {
            "mean": 0.42850852166088355,
            "std": 0.009319773637833545
        },
        "cross_entropy_loss": {
            "mean": 1.0406416177749633,
            "std": 0.0116717908849183
        }
    }
}