{
    "train": {
        "f1_weighted": 0.7008566729088689,
        "f1_micro": 0.7013394725826706,
        "f1_macro": 0.6967361417886871
    },
    "val": {
        "f1_weighted": 0.5489829269772691,
        "f1_micro": 0.5418367346938775,
        "f1_macro": 0.517835013721616
    },
    "test": {
        "f1_weighted": 0.5341315472571516,
        "f1_micro": 0.5351418002466092,
        "f1_macro": 0.5134723934726074
    }
}