{
    "train": {
        "f1_weighted": {
            "mean": 0.7231661405818457,
            "std": 0.03029090377204782
        },
        "f1_micro": {
            "mean": 0.7251569694432818,
            "std": 0.029783269638636874
        },
        "f1_macro": {
            "mean": 0.7150014697257536,
            "std": 0.03201751967551983
        }
    },
    "val": {
        "f1_weighted": {
            "mean": 0.5489906218485053,
            "std": 0.005115416718854398
        },
        "f1_micro": {
            "mean": 0.5424489795918367,
            "std": 0.005721569701582104
        },
        "f1_macro": {
            "mean": 0.5236278536773312,
            "std": 0.005636849813994313
        }
    },
    "test": {
        "f1_weighted": {
            "mean": 0.5400232292110274,
            "std": 0.011156242752217946
        },
        "f1_micro": {
            "mean": 0.5456226880394575,
            "std": 0.011973882501908936
        },
        "f1_macro": {
            "mean": 0.5169026804847342,
            "std": 0.012910715000457141
        }
    }
}