{
    "train": {
        "f1_weighted": 0.7349433256552576,
        "f1_micro": 0.737965676015069,
        "f1_macro": 0.7431116943145163,
        "cross_entropy_loss": 0.6688435077667236
    },
    "val": {
        "f1_weighted": 0.5941146291616748,
        "f1_micro": 0.5928571428571429,
        "f1_macro": 0.5735158928894217,
        "cross_entropy_loss": 1.0261385440826416
    },
    "test": {
        "f1_weighted": 0.5955523680585367,
        "f1_micro": 0.5955610357583231,
        "f1_macro": 0.5825282807267759,
        "cross_entropy_loss": 1.0495260953903198
    }
}