{
  "best_metric": 0.5954080379824053,
  "best_model_checkpoint": "results/IEMOCAP/roberta-large/SEEDS/2021-05-08-16-15-19-speaker_mode-upper-num_past_utterances-1000-num_future_utterances-1000-batch_size-4-seed-0/checkpoint-2390",
  "epoch": 2.0,
  "global_step": 2390,
  "is_hyper_param_search": false,
  "is_local_process_zero": true,
  "is_world_process_zero": true,
  "log_history": [
    {
      "epoch": 1.0,
      "learning_rate": 4.0856447993325315e-06,
      "loss": 1.3998,
      "step": 1195
    },
    {
      "epoch": 1.0,
      "eval_f1_macro": 0.5243042854740302,
      "eval_f1_micro": 0.5663265306122449,
      "eval_f1_weighted": 0.5630020505260223,
      "eval_loss": 1.0708500146865845,
      "eval_runtime": 28.8347,
      "eval_samples_per_second": 33.987,
      "step": 1195
    },
    {
      "epoch": 2.0,
      "learning_rate": 3.0891670378791636e-06,
      "loss": 0.9944,
      "step": 2390
    },
    {
      "epoch": 2.0,
      "eval_f1_macro": 0.5632130685958886,
      "eval_f1_micro": 0.5969387755102041,
      "eval_f1_weighted": 0.5954080379824053,
      "eval_loss": 1.0549583435058594,
      "eval_runtime": 28.8419,
      "eval_samples_per_second": 33.978,
      "step": 2390
    }
  ],
  "max_steps": 5975,
  "num_train_epochs": 5,
  "total_flos": 4730731704841896.0,
  "trial_name": null,
  "trial_params": null
}
