{
    "train": {
        "f1_weighted": 0.8016823428359037,
        "f1_micro": 0.8047300125575555,
        "f1_macro": 0.80007226824541
    },
    "val": {
        "f1_weighted": 0.6131350964955267,
        "f1_micro": 0.6163265306122448,
        "f1_macro": 0.596222525459446
    },
    "test": {
        "f1_weighted": 0.6648416566366279,
        "f1_micro": 0.6695437731196054,
        "f1_macro": 0.6411083239807627
    }
}