{
    "train": {
        "f1_weighted": 0.7123202873810025,
        "f1_micro": 0.72059439095856,
        "f1_macro": 0.71443842281107
    },
    "val": {
        "f1_weighted": 0.5767852233639758,
        "f1_micro": 0.5826530612244898,
        "f1_macro": 0.5748528745257054
    },
    "test": {
        "f1_weighted": 0.6258461709023976,
        "f1_micro": 0.6356350184956844,
        "f1_macro": 0.5990289844841666
    }
}