{
    "train": {
        "f1_weighted": {
            "mean": 0.7227388474477763,
            "std": 0.0
        },
        "f1_micro": {
            "mean": 0.7283382168271243,
            "std": 0.0
        },
        "f1_macro": {
            "mean": 0.7171997691174031,
            "std": 0.0
        },
        "cross_entropy_loss": {
            "mean": 0.7028188109397888,
            "std": 0.0
        }
    },
    "val": {
        "f1_weighted": {
            "mean": 0.6139370457576877,
            "std": 0.0
        },
        "f1_micro": {
            "mean": 0.6224489795918368,
            "std": 0.0
        },
        "f1_macro": {
            "mean": 0.6100843823267706,
            "std": 0.0
        },
        "cross_entropy_loss": {
            "mean": 0.9143509268760681,
            "std": 0.0
        }
    },
    "test": {
        "f1_weighted": {
            "mean": 0.6680636714301461,
            "std": 0.0
        },
        "f1_micro": {
            "mean": 0.6738594327990136,
            "std": 0.0
        },
        "f1_macro": {
            "mean": 0.6401541731703868,
            "std": 0.0
        },
        "cross_entropy_loss": {
            "mean": 0.8313257694244385,
            "std": 0.0
        }
    }
}