{
    "train": {
        "f1_weighted": 0.739916370052384,
        "f1_micro": 0.7562318550405446,
        "f1_macro": 0.5633121900988941,
        "cross_entropy_loss": 0.814571738243103
    },
    "val": {
        "f1_weighted": 0.6226146196448695,
        "f1_micro": 0.6528403967538323,
        "f1_macro": 0.45043543600820335,
        "cross_entropy_loss": 1.104831337928772
    },
    "test": {
        "f1_weighted": 0.6325596914574181,
        "f1_micro": 0.6544061302681993,
        "f1_macro": 0.4433569529496073,
        "cross_entropy_loss": 1.0547791719436646
    }
}