{
    "train": {
        "f1_weighted": 0.7287276214504781,
        "f1_micro": 0.7337798241942235,
        "f1_macro": 0.7273683226315161
    },
    "val": {
        "f1_weighted": 0.5789281499610853,
        "f1_micro": 0.5785714285714286,
        "f1_macro": 0.5589485234585674
    },
    "test": {
        "f1_weighted": 0.5883116055897929,
        "f1_micro": 0.5967940813810111,
        "f1_macro": 0.5591691677156938
    }
}