{
    "train": {
        "f1_weighted": 0.7449214159084266,
        "f1_micro": 0.747802427794056,
        "f1_macro": 0.7459203244253528
    },
    "val": {
        "f1_weighted": 0.5676100502164542,
        "f1_micro": 0.5642857142857143,
        "f1_macro": 0.544858863843441
    },
    "test": {
        "f1_weighted": 0.5853154107253162,
        "f1_micro": 0.5863131935881628,
        "f1_macro": 0.5618645693047605
    }
}