{
    "train": {
        "f1_weighted": 0.665159933967297,
        "f1_micro": 0.67371285056509,
        "f1_macro": 0.6698221192246949
    },
    "val": {
        "f1_weighted": 0.5949028083669614,
        "f1_micro": 0.6020408163265306,
        "f1_macro": 0.5860444148052601
    },
    "test": {
        "f1_weighted": 0.6277900305917807,
        "f1_micro": 0.6362515413070283,
        "f1_macro": 0.601263237512666
    }
}