{
    "train": {
        "f1_weighted": 0.6516392704986389,
        "f1_micro": 0.6622017580577647,
        "f1_macro": 0.6627233879256207
    },
    "val": {
        "f1_weighted": 0.5945563929019808,
        "f1_micro": 0.5969387755102041,
        "f1_macro": 0.5703930664275172
    },
    "test": {
        "f1_weighted": 0.614963854882077,
        "f1_micro": 0.6226880394574599,
        "f1_macro": 0.5910875665416373
    }
}