{
    "train": {
        "f1_weighted": 0.5413853110003719,
        "f1_micro": 0.5799497697781498,
        "f1_macro": 0.5662663504009268
    },
    "val": {
        "f1_weighted": 0.538831825121272,
        "f1_micro": 0.5755102040816327,
        "f1_macro": 0.5153511849311502
    },
    "test": {
        "f1_weighted": 0.5465257973747698,
        "f1_micro": 0.564118372379778,
        "f1_macro": 0.5267164098259747
    }
}