{
    "train": {
        "f1_weighted": 0.7703208222918567,
        "f1_micro": 0.7724989535370449,
        "f1_macro": 0.7766663358771351
    },
    "val": {
        "f1_weighted": 0.6442609142252861,
        "f1_micro": 0.6469387755102041,
        "f1_macro": 0.6262246352253974
    },
    "test": {
        "f1_weighted": 0.6541865559720486,
        "f1_micro": 0.656596794081381,
        "f1_macro": 0.6410574109121041
    }
}