{
    "train": {
        "f1_weighted": {
            "mean": 0.6770549130535167,
            "std": 0.08276060426365478
        },
        "f1_micro": {
            "mean": 0.6892842193386354,
            "std": 0.07012052714016377
        },
        "f1_macro": {
            "mean": 0.6888403822100505,
            "std": 0.07766972435309415
        }
    },
    "val": {
        "f1_weighted": {
            "mean": 0.5985901615191603,
            "std": 0.03510659174059498
        },
        "f1_micro": {
            "mean": 0.6067346938775511,
            "std": 0.02340808319826883
        },
        "f1_macro": {
            "mean": 0.5816197991551862,
            "std": 0.03830677374757663
        }
    },
    "test": {
        "f1_weighted": {
            "mean": 0.6183279257324912,
            "std": 0.03855641873491274
        },
        "f1_micro": {
            "mean": 0.6260172626387177,
            "std": 0.0331012469627465
        },
        "f1_macro": {
            "mean": 0.5988638661479552,
            "std": 0.040743212276262555
        }
    }
}