{
    "train": {
        "f1_weighted": 0.7427892498386148,
        "f1_micro": 0.7452909167015487,
        "f1_macro": 0.7296944383236695,
        "cross_entropy_loss": 0.7137260437011719
    },
    "val": {
        "f1_weighted": 0.5321428865717,
        "f1_micro": 0.5244897959183673,
        "f1_macro": 0.5026830891482118,
        "cross_entropy_loss": 1.286665916442871
    },
    "test": {
        "f1_weighted": 0.5128534403653568,
        "f1_micro": 0.5197287299630087,
        "f1_macro": 0.48744411025410245,
        "cross_entropy_loss": 1.3019992113113403
    }
}