{
    "train": {
        "f1_weighted": 0.7637694269730708,
        "f1_micro": 0.7655922980326496,
        "f1_macro": 0.7519382482859468,
        "cross_entropy_loss": 0.6779729127883911
    },
    "val": {
        "f1_weighted": 0.5713836348450388,
        "f1_micro": 0.563265306122449,
        "f1_macro": 0.5399041028138687,
        "cross_entropy_loss": 1.215022325515747
    },
    "test": {
        "f1_weighted": 0.536069990881532,
        "f1_micro": 0.5406905055487053,
        "f1_macro": 0.5120048689466793,
        "cross_entropy_loss": 1.3050864934921265
    }
}