{
    "train": {
        "f1_weighted": {
            "mean": 0.7249496205045791,
            "std": 0.032815680741090425
        },
        "f1_micro": {
            "mean": 0.7277940560904144,
            "std": 0.03145705936853258
        },
        "f1_macro": {
            "mean": 0.710960399402079,
            "std": 0.035479207589136766
        },
        "cross_entropy_loss": {
            "mean": 0.7600906133651734,
            "std": 0.06934310182739271
        }
    },
    "val": {
        "f1_weighted": {
            "mean": 0.5421124696674491,
            "std": 0.015015634066524461
        },
        "f1_micro": {
            "mean": 0.5344897959183673,
            "std": 0.014693877551020414
        },
        "f1_macro": {
            "mean": 0.512765110011277,
            "std": 0.014005329833820874
        },
        "cross_entropy_loss": {
            "mean": 1.2515336275100708,
            "std": 0.02382896551171957
        }
    },
    "test": {
        "f1_weighted": {
            "mean": 0.5198716904599707,
            "std": 0.012194443895629141
        },
        "f1_micro": {
            "mean": 0.5256473489519113,
            "std": 0.010625677199906565
        },
        "f1_macro": {
            "mean": 0.4941914105245754,
            "std": 0.015230788609193004
        },
        "cross_entropy_loss": {
            "mean": 1.2911669969558717,
            "std": 0.01466428775756194
        }
    }
}