{
    "train": {
        "f1_weighted": 0.8003058195931958,
        "f1_micro": 0.7988698200083717,
        "f1_macro": 0.7996628705089517
    },
    "val": {
        "f1_weighted": 0.6664569919292341,
        "f1_micro": 0.6632653061224489,
        "f1_macro": 0.6543772680946599
    },
    "test": {
        "f1_weighted": 0.6929295720009846,
        "f1_micro": 0.689272503082614,
        "f1_macro": 0.67556921980482
    }
}