{
    "train": {
        "f1_weighted": 0.7839541911390381,
        "f1_micro": 0.786312264545835,
        "f1_macro": 0.7869592872775647
    },
    "val": {
        "f1_weighted": 0.629394444393443,
        "f1_micro": 0.6336734693877552,
        "f1_macro": 0.6159769154424817
    },
    "test": {
        "f1_weighted": 0.6612188930290126,
        "f1_micro": 0.6658446362515413,
        "f1_macro": 0.635914695005438
    }
}