{
    "train": {
        "f1_weighted": 0.8077594682950413,
        "f1_micro": 0.8078694014231896,
        "f1_macro": 0.8073654489739477
    },
    "val": {
        "f1_weighted": 0.6463975844249661,
        "f1_micro": 0.6448979591836734,
        "f1_macro": 0.6512556513745297
    },
    "test": {
        "f1_weighted": 0.6913393121199932,
        "f1_micro": 0.6917385943279901,
        "f1_macro": 0.672969837634856
    }
}