{
    "train": {
        "f1_weighted": 0.741399871671301,
        "f1_micro": 0.7573330663730103,
        "f1_macro": 0.536824141173838,
        "cross_entropy_loss": 0.8035265803337097
    },
    "val": {
        "f1_weighted": 0.632992981002556,
        "f1_micro": 0.6537421100090172,
        "f1_macro": 0.46790731984767314,
        "cross_entropy_loss": 1.0950747728347778
    },
    "test": {
        "f1_weighted": 0.6481856653926062,
        "f1_micro": 0.6647509578544061,
        "f1_macro": 0.44792724171192544,
        "cross_entropy_loss": 1.0479642152786255
    }
}