{
    "train": {
        "f1_weighted": 0.6572279231514527,
        "f1_micro": 0.6626203432398493,
        "f1_macro": 0.6728392859295038
    },
    "val": {
        "f1_weighted": 0.5923094083100041,
        "f1_micro": 0.5928571428571429,
        "f1_macro": 0.5738478186132773
    },
    "test": {
        "f1_weighted": 0.619430307791086,
        "f1_micro": 0.623921085080148,
        "f1_macro": 0.6008461410376936
    }
}