{
    "train": {
        "f1_weighted": 0.8781212880741843,
        "f1_micro": 0.878401004604437,
        "f1_macro": 0.879123693959187
    },
    "val": {
        "f1_weighted": 0.6327811898801228,
        "f1_micro": 0.6377551020408163,
        "f1_macro": 0.6073348524920797
    },
    "test": {
        "f1_weighted": 0.648547082170815,
        "f1_micro": 0.6516646115906288,
        "f1_macro": 0.6310311823281399
    }
}