{
    "train": {
        "f1_weighted": 0.7256573848874517,
        "f1_micro": 0.7331519464210967,
        "f1_macro": 0.7398695914386758
    },
    "val": {
        "f1_weighted": 0.6117948962862734,
        "f1_micro": 0.6285714285714286,
        "f1_macro": 0.5871420290203323
    },
    "test": {
        "f1_weighted": 0.6236157134201322,
        "f1_micro": 0.6337854500616523,
        "f1_macro": 0.6086729910218501
    }
}