{
    "train": {
        "f1_weighted": 0.6830246679706291,
        "f1_micro": 0.6892005023022185,
        "f1_macro": 0.6910404569532597
    },
    "val": {
        "f1_weighted": 0.622828193986423,
        "f1_micro": 0.6234693877551021,
        "f1_macro": 0.6091424677330782
    },
    "test": {
        "f1_weighted": 0.6232776729464334,
        "f1_micro": 0.6294697903822442,
        "f1_macro": 0.6010398931829628
    }
}