{
    "train": {
        "f1_weighted": 0.6583752503379816,
        "f1_micro": 0.6839523475823406,
        "f1_macro": 0.4312378291603007,
        "accuracy": 0.6839523475823406
    },
    "val": {
        "f1_weighted": 0.5877113818384564,
        "f1_micro": 0.6266907123534716,
        "f1_macro": 0.3858621218780722,
        "accuracy": 0.6266907123534716
    },
    "test": {
        "f1_weighted": 0.6263004107935005,
        "f1_micro": 0.6513409961685823,
        "f1_macro": 0.40161054230127596,
        "accuracy": 0.6513409961685823
    }
}