{
    "train": {
        "f1_weighted": 0.6597385635745848,
        "f1_micro": 0.6798478326158774,
        "f1_macro": 0.43535504388402246,
        "accuracy": 0.6798478326158774
    },
    "val": {
        "f1_weighted": 0.5770901207252154,
        "f1_micro": 0.6068530207394048,
        "f1_macro": 0.38262944594747644,
        "accuracy": 0.6068530207394048
    },
    "test": {
        "f1_weighted": 0.6280040101122741,
        "f1_micro": 0.6475095785440613,
        "f1_macro": 0.404447986642224,
        "accuracy": 0.6475095785440613
    }
}