{
    "train": {
        "f1_weighted": 0.7315051594445304,
        "f1_micro": 0.7350355797404772,
        "f1_macro": 0.7316453560597359
    },
    "val": {
        "f1_weighted": 0.6514323069283396,
        "f1_micro": 0.6561224489795918,
        "f1_macro": 0.6273369424957432
    },
    "test": {
        "f1_weighted": 0.677537407043187,
        "f1_micro": 0.6818742293464858,
        "f1_macro": 0.6513195348902575
    }
}