{
    "train": {
        "f1_weighted": 0.8583472312681822,
        "f1_micro": 0.8601925491837589,
        "f1_macro": 0.8556008480692355
    },
    "val": {
        "f1_weighted": 0.6149197570898749,
        "f1_micro": 0.6142857142857143,
        "f1_macro": 0.5991291828344903
    },
    "test": {
        "f1_weighted": 0.6521470291819745,
        "f1_micro": 0.6639950678175093,
        "f1_macro": 0.623356442896631
    }
}