{
    "train": {
        "f1_weighted": 0.8146784573604323,
        "f1_micro": 0.8145667643365425,
        "f1_macro": 0.8145735209630157
    },
    "val": {
        "f1_weighted": 0.6652192559250036,
        "f1_micro": 0.6704081632653062,
        "f1_macro": 0.6410487068645508
    },
    "test": {
        "f1_weighted": 0.6212775776429907,
        "f1_micro": 0.62577065351418,
        "f1_macro": 0.6195051363410212
    }
}