{
    "train": {
        "f1_weighted": {
            "mean": 0.6664406338661265,
            "std": 0.0
        },
        "f1_micro": {
            "mean": 0.6873294772454436,
            "std": 0.0
        },
        "f1_macro": {
            "mean": 0.4727663424992532,
            "std": 0.0
        },
        "cross_entropy_loss": {
            "mean": 0.24816583096981049,
            "std": 0.0
        }
    },
    "val": {
        "f1_weighted": {
            "mean": 0.5816385579550843,
            "std": 0.0
        },
        "f1_micro": {
            "mean": 0.6182999458581484,
            "std": 0.0
        },
        "f1_macro": {
            "mean": 0.33040097209888186,
            "std": 0.0
        },
        "cross_entropy_loss": {
            "mean": 0.22832415997982025,
            "std": 0.0
        }
    },
    "test": {
        "f1_weighted": {
            "mean": 0.5528238788746428,
            "std": 0.0
        },
        "f1_micro": {
            "mean": 0.5827395091053048,
            "std": 0.0
        },
        "f1_macro": {
            "mean": 0.349349954253176,
            "std": 0.0
        },
        "cross_entropy_loss": {
            "mean": 0.35491180419921875,
            "std": 0.0
        }
    }
}