{
    "train": {
        "f1_weighted": 0.7583755488889742,
        "f1_micro": 0.7713484833316648,
        "f1_macro": 0.6081454713983164
    },
    "val": {
        "f1_weighted": 0.6153653678643752,
        "f1_micro": 0.6411181244364292,
        "f1_macro": 0.4572103288155099
    },
    "test": {
        "f1_weighted": 0.641382000041688,
        "f1_micro": 0.6624521072796935,
        "f1_macro": 0.4553574126692425
    }
}