{
    "train": {
        "f1_weighted": 0.7498964324354176,
        "f1_micro": 0.7648413254580038,
        "f1_macro": 0.5945196797814468
    },
    "val": {
        "f1_weighted": 0.6173411018639997,
        "f1_micro": 0.6429215509467989,
        "f1_macro": 0.4579383141864804
    },
    "test": {
        "f1_weighted": 0.6441459779396774,
        "f1_micro": 0.6674329501915709,
        "f1_macro": 0.4586712492639337
    }
}