{
    "train": {
        "f1_weighted": 0.7297381732988693,
        "f1_micro": 0.7312683131017162,
        "f1_macro": 0.7191295894605833
    },
    "val": {
        "f1_weighted": 0.5462206120148163,
        "f1_micro": 0.536734693877551,
        "f1_macro": 0.5212107514595349
    },
    "test": {
        "f1_weighted": 0.5593194187809253,
        "f1_micro": 0.564118372379778,
        "f1_macro": 0.5387506940863372
    }
}