{
    "train": {
        "f1_weighted": {
            "mean": 0.8173408006530268,
            "std": 0.035311691332649074
        },
        "f1_micro": {
            "mean": 0.8187107576391796,
            "std": 0.034520819194457264
        },
        "f1_macro": {
            "mean": 0.8152994157970832,
            "std": 0.03441153049281696
        }
    },
    "val": {
        "f1_weighted": {
            "mean": 0.6331474857963155,
            "std": 0.010955341155065065
        },
        "f1_micro": {
            "mean": 0.6310204081632652,
            "std": 0.011910397111359097
        },
        "f1_macro": {
            "mean": 0.6139685003812081,
            "std": 0.008285309588394385
        }
    },
    "test": {
        "f1_weighted": {
            "mean": 0.6454298877947814,
            "std": 0.013017403198917933
        },
        "f1_micro": {
            "mean": 0.6499383477188656,
            "std": 0.012240112930928096
        },
        "f1_macro": {
            "mean": 0.6243853050512254,
            "std": 0.008723282261005312
        }
    }
}