{
    "train": {
        "f1_weighted": {
            "mean": 0.749489535204873,
            "std": 0.0
        },
        "f1_micro": {
            "mean": 0.7603363700070077,
            "std": 0.0
        },
        "f1_macro": {
            "mean": 0.6063454049752073,
            "std": 0.0
        },
        "cross_entropy_loss": {
            "mean": 0.8187122344970703,
            "std": 0.0
        }
    },
    "val": {
        "f1_weighted": {
            "mean": 0.6328914992165174,
            "std": 0.0
        },
        "f1_micro": {
            "mean": 0.654643823264202,
            "std": 0.0
        },
        "f1_macro": {
            "mean": 0.4721769614317045,
            "std": 0.0
        },
        "cross_entropy_loss": {
            "mean": 1.0584832429885864,
            "std": 0.0
        }
    },
    "test": {
        "f1_weighted": {
            "mean": 0.6568272950871166,
            "std": 0.0
        },
        "f1_micro": {
            "mean": 0.6735632183908046,
            "std": 0.0
        },
        "f1_macro": {
            "mean": 0.4961612938857494,
            "std": 0.0
        },
        "cross_entropy_loss": {
            "mean": 1.0079200267791748,
            "std": 0.0
        }
    }
}