{
    "train": {
        "f1_weighted": 0.7647054563506134,
        "f1_micro": 0.7686455100610672,
        "f1_macro": 0.6252519658193242
    },
    "val": {
        "f1_weighted": 0.6414760283803722,
        "f1_micro": 0.6510369702434626,
        "f1_macro": 0.49468186843589634
    },
    "test": {
        "f1_weighted": 0.6609231442396457,
        "f1_micro": 0.6674329501915709,
        "f1_macro": 0.47797277977744473
    }
}