{
    "train": {
        "f1_weighted": 0.7575373607197402,
        "f1_micro": 0.764540995094604,
        "f1_macro": 0.6301919531473835
    },
    "val": {
        "f1_weighted": 0.6400990127906192,
        "f1_micro": 0.6555455365193869,
        "f1_macro": 0.507964933054508
    },
    "test": {
        "f1_weighted": 0.6605634514395755,
        "f1_micro": 0.671264367816092,
        "f1_macro": 0.4868437222148264
    }
}