{
    "train": {
        "f1_weighted": 0.7474827294602769,
        "f1_micro": 0.7578336169786766,
        "f1_macro": 0.6103854944140231
    },
    "val": {
        "f1_weighted": 0.6364405998800118,
        "f1_micro": 0.6555455365193869,
        "f1_macro": 0.5020637590379521
    },
    "test": {
        "f1_weighted": 0.6395429891455878,
        "f1_micro": 0.6547892720306513,
        "f1_macro": 0.4619504230785728
    }
}