{
    "train": {
        "f1_weighted": 0.7111016873723768,
        "f1_micro": 0.718292172457095,
        "f1_macro": 0.7150390343039491
    },
    "val": {
        "f1_weighted": 0.6228424006228505,
        "f1_micro": 0.636734693877551,
        "f1_macro": 0.5909956778113221
    },
    "test": {
        "f1_weighted": 0.6623082960522008,
        "f1_micro": 0.6683107274969173,
        "f1_macro": 0.6354350191996739
    }
}