{
    "train": {
        "f1_weighted": 0.8717287650525312,
        "f1_micro": 0.8714943491000419,
        "f1_macro": 0.8734867797034996
    },
    "val": {
        "f1_weighted": 0.6468783521959547,
        "f1_micro": 0.6418367346938776,
        "f1_macro": 0.6319631568473992
    },
    "test": {
        "f1_weighted": 0.6573323628660808,
        "f1_micro": 0.6602959309494452,
        "f1_macro": 0.6389210467879761
    }
}