{
    "train": {
        "f1_weighted": 0.8171731652850065,
        "f1_micro": 0.8174968606111345,
        "f1_macro": 0.8160418592265465
    },
    "val": {
        "f1_weighted": 0.6651232320213728,
        "f1_micro": 0.6683673469387755,
        "f1_macro": 0.6602094196976143
    },
    "test": {
        "f1_weighted": 0.6577859240479277,
        "f1_micro": 0.6596794081381011,
        "f1_macro": 0.6488165351608645
    }
}