{
    "train": {
        "f1_weighted": {
            "mean": 0.7392869596564727,
            "std": 0.07836009532149694
        },
        "f1_micro": {
            "mean": 0.7431561322729175,
            "std": 0.07454594307887112
        },
        "f1_macro": {
            "mean": 0.7260716379392965,
            "std": 0.08675016484052603
        },
        "cross_entropy_loss": {
            "mean": 0.7017701745033265,
            "std": 0.17582624312013653
        }
    },
    "val": {
        "f1_weighted": {
            "mean": 0.5542770211949236,
            "std": 0.02975354178213142
        },
        "f1_micro": {
            "mean": 0.5485714285714286,
            "std": 0.029690896827742525
        },
        "f1_macro": {
            "mean": 0.5260443161051482,
            "std": 0.036309997098360955
        },
        "cross_entropy_loss": {
            "mean": 1.195516324043274,
            "std": 0.030077294985100304
        }
    },
    "test": {
        "f1_weighted": {
            "mean": 0.5367692573030313,
            "std": 0.01711780165161587
        },
        "f1_micro": {
            "mean": 0.5452527743526511,
            "std": 0.013566864284487551
        },
        "f1_macro": {
            "mean": 0.5097320629162552,
            "std": 0.023431473172682706
        },
        "cross_entropy_loss": {
            "mean": 1.2591356754302978,
            "std": 0.03419932908847147
        }
    }
}