{
    "train": {
        "f1_weighted": 0.9893917617963601,
        "f1_micro": 0.9893883271598759,
        "f1_macro": 0.9851108152782055
    },
    "val": {
        "f1_weighted": 0.5962460443749829,
        "f1_micro": 0.6032461677186655,
        "f1_macro": 0.4613894690387665
    },
    "test": {
        "f1_weighted": 0.5926798367279451,
        "f1_micro": 0.5915708812260536,
        "f1_macro": 0.4188760899158596
    }
}