{
    "train": {
        "f1_weighted": 0.992791432178853,
        "f1_micro": 0.9927920712784063,
        "f1_macro": 0.9900206593188138
    },
    "val": {
        "f1_weighted": 0.5939046342085765,
        "f1_micro": 0.6041478809738503,
        "f1_macro": 0.46796680095325977
    },
    "test": {
        "f1_weighted": 0.6153362025032139,
        "f1_micro": 0.6233716475095785,
        "f1_macro": 0.45098753326556545
    }
}