{
    "train": {
        "f1_weighted": 0.7725432945795488,
        "f1_micro": 0.7814596055661227,
        "f1_macro": 0.6190916868767271
    },
    "val": {
        "f1_weighted": 0.6065801483351166,
        "f1_micro": 0.6239855725879171,
        "f1_macro": 0.4444219350719146
    },
    "test": {
        "f1_weighted": 0.6237875748403137,
        "f1_micro": 0.6348659003831417,
        "f1_macro": 0.43326835673509007
    }
}