{
    "train": {
        "f1_weighted": 0.952752563642474,
        "f1_micro": 0.9527480228251076,
        "f1_macro": 0.9248367920906967
    },
    "val": {
        "f1_weighted": 0.6083424924638516,
        "f1_micro": 0.6194770063119928,
        "f1_macro": 0.4784226050080292
    },
    "test": {
        "f1_weighted": 0.6110791304761485,
        "f1_micro": 0.621072796934866,
        "f1_macro": 0.43456651593233925
    }
}