{
    "train": {
        "f1_weighted": 0.9484936349244527,
        "f1_micro": 0.9485433977375113,
        "f1_macro": 0.9181442332432282
    },
    "val": {
        "f1_weighted": 0.591833084705123,
        "f1_micro": 0.6041478809738503,
        "f1_macro": 0.4583127832314907
    },
    "test": {
        "f1_weighted": 0.607906170645698,
        "f1_micro": 0.6183908045977011,
        "f1_macro": 0.4349976026543831
    }
}