{
    "train": {
        "f1_weighted": {
            "mean": 0.9311945374243378,
            "std": 0.08138220750623917
        },
        "f1_micro": {
            "mean": 0.9329862849134049,
            "std": 0.07791124058957831
        },
        "f1_macro": {
            "mean": 0.8874408373615342,
            "std": 0.13741504064237037
        }
    },
    "val": {
        "f1_weighted": {
            "mean": 0.5993812808175301,
            "std": 0.006766470836223687
        },
        "f1_micro": {
            "mean": 0.6110009017132552,
            "std": 0.008882676541767193
        },
        "f1_macro": {
            "mean": 0.4621027186606922,
            "std": 0.011209001698794435
        }
    },
    "test": {
        "f1_weighted": {
            "mean": 0.6101577830386637,
            "std": 0.010237035698054732
        },
        "f1_micro": {
            "mean": 0.6178544061302682,
            "std": 0.014291958110983776
        },
        "f1_macro": {
            "mean": 0.43453921970064746,
            "std": 0.010175525602923308
        }
    }
}