{
    "train": {
        "f1_weighted": 0.7589143969067784,
        "f1_micro": 0.7708479327259986,
        "f1_macro": 0.6076011940235391
    },
    "val": {
        "f1_weighted": 0.6400311123338716,
        "f1_micro": 0.6609558160504959,
        "f1_macro": 0.4945263607680164
    },
    "test": {
        "f1_weighted": 0.6564950789671007,
        "f1_micro": 0.6762452107279694,
        "f1_macro": 0.46478329117978373
    }
}