{
    "train": {
        "f1_weighted": 0.7457663762367389,
        "f1_micro": 0.7504254680148162,
        "f1_macro": 0.5807303306966761
    },
    "val": {
        "f1_weighted": 0.633437613507925,
        "f1_micro": 0.6384129846708747,
        "f1_macro": 0.49158172104557574
    },
    "test": {
        "f1_weighted": 0.6345521177700317,
        "f1_micro": 0.6379310344827587,
        "f1_macro": 0.4565966848057369
    }
}