{
    "train": {
        "f1_weighted": 0.740284691725096,
        "f1_micro": 0.7534287716488137,
        "f1_macro": 0.5888193768256679
    },
    "val": {
        "f1_weighted": 0.6325224747314747,
        "f1_micro": 0.6564472497745717,
        "f1_macro": 0.4799919205182375
    },
    "test": {
        "f1_weighted": 0.6469971641361588,
        "f1_micro": 0.667816091954023,
        "f1_macro": 0.46223570373706374
    }
}