{
    "train": {
        "f1_weighted": {
            "mean": 0.7521686059582224,
            "std": 0.008638418881084922
        },
        "f1_micro": {
            "mean": 0.7606767444188607,
            "std": 0.00812820207239991
        },
        "f1_macro": {
            "mean": 0.6041325259680851,
            "std": 0.016967571320843262
        }
    },
    "val": {
        "f1_weighted": {
            "mean": 0.6346719783024397,
            "std": 0.003609128630498569
        },
        "f1_micro": {
            "mean": 0.6501352569882777,
            "std": 0.007943269809033433
        },
        "f1_macro": {
            "mean": 0.4918285176740877,
            "std": 0.007485887983066755
        }
    },
    "test": {
        "f1_weighted": {
            "mean": 0.6475267978088978,
            "std": 0.0072242287284248995
        },
        "f1_micro": {
            "mean": 0.6604597701149426,
            "std": 0.012818711826100521
        },
        "f1_macro": {
            "mean": 0.46497845161461393,
            "std": 0.005463569634386816
        }
    }
}