{
    "train": {
        "f1_weighted": 0.664076424365201,
        "f1_micro": 0.6676433654248639,
        "f1_macro": 0.6779695465206838
    },
    "val": {
        "f1_weighted": 0.6062546571971649,
        "f1_micro": 0.6061224489795919,
        "f1_macro": 0.5840434238044933
    },
    "test": {
        "f1_weighted": 0.5869473384598602,
        "f1_micro": 0.5924784217016029,
        "f1_macro": 0.5799335389964365
    }
}