{
    "train": {
        "f1_weighted": 0.6697001383891816,
        "f1_micro": 0.6762243616575974,
        "f1_macro": 0.6805592203029193
    },
    "val": {
        "f1_weighted": 0.6050987402771751,
        "f1_micro": 0.6071428571428571,
        "f1_macro": 0.5832646781677163
    },
    "test": {
        "f1_weighted": 0.6090679559768043,
        "f1_micro": 0.6152897657213316,
        "f1_macro": 0.5882336655879244
    }
}