{
    "train": {
        "f1_weighted": 0.8263522242253531,
        "f1_micro": 0.8271243197990791,
        "f1_macro": 0.8240635007782826
    },
    "val": {
        "f1_weighted": 0.6252271064187913,
        "f1_micro": 0.6275510204081632,
        "f1_macro": 0.6079452987309125
    },
    "test": {
        "f1_weighted": 0.649759854333275,
        "f1_micro": 0.6522811344019729,
        "f1_macro": 0.6244141714879027
    }
}