{
    "train": {
        "f1_weighted": {
            "mean": 0.7376718723872993,
            "std": 0.07702659461118157
        },
        "f1_micro": {
            "mean": 0.7412306404353286,
            "std": 0.07526908844031616
        },
        "f1_macro": {
            "mean": 0.7441951113081857,
            "std": 0.07135028258315043
        }
    },
    "val": {
        "f1_weighted": {
            "mean": 0.6182433140088265,
            "std": 0.018484867752863895
        },
        "f1_micro": {
            "mean": 0.6193877551020408,
            "std": 0.020027053755668715
        },
        "f1_macro": {
            "mean": 0.6014240100554676,
            "std": 0.02283884599833099
        }
    },
    "test": {
        "f1_weighted": {
            "mean": 0.6257807571887367,
            "std": 0.025080876393089816
        },
        "f1_micro": {
            "mean": 0.6307028360049322,
            "std": 0.02430069845834777
        },
        "f1_macro": {
            "mean": 0.6072686769502686,
            "std": 0.02065281692148644
        }
    }
}