{
    "train": {
        "f1_weighted": 0.741318260695816,
        "accuracy": 0.7581339473420763
    },
    "val": {
        "f1_weighted": 0.6024540827416651,
        "accuracy": 0.6321009918845807
    },
    "test": {
        "f1_weighted": 0.6296428293888545,
        "accuracy": 0.6509578544061303
    }
}