{
    "train": {
        "f1_weighted": 0.6626302672350703,
        "accuracy": 0.6809490439483432
    },
    "val": {
        "f1_weighted": 0.5701147244711205,
        "accuracy": 0.5969341749323716
    },
    "test": {
        "f1_weighted": 0.6252676076856908,
        "accuracy": 0.6429118773946361
    }
}