{
    "train": {
        "f1_weighted": 0.7290788822569467,
        "accuracy": 0.744218640504555
    },
    "val": {
        "f1_weighted": 0.5954936222144078,
        "accuracy": 0.6176735798016231
    },
    "test": {
        "f1_weighted": 0.6374837225214584,
        "accuracy": 0.6524904214559387
    }
}