{
    "train": {
        "f1_weighted": 0.5720550492284054,
        "f1_micro": 0.5908574562262525,
        "f1_macro": 0.41844299898864423,
        "cross_entropy_loss": 0.3068584203720093
    },
    "val": {
        "f1_weighted": 0.5329861778399624,
        "f1_micro": 0.5654565456545654,
        "f1_macro": 0.28230753845128137,
        "cross_entropy_loss": 0.2496655434370041
    },
    "test": {
        "f1_weighted": 0.4835543903676069,
        "f1_micro": 0.505982905982906,
        "f1_macro": 0.3293716290753698,
        "cross_entropy_loss": 0.4085181653499603
    }
}