{
    "train": {
        "f1_weighted": {
            "mean": 0.6117285261555878,
            "std": 0.0
        },
        "f1_micro": {
            "mean": 0.628694164909908,
            "std": 0.0
        },
        "f1_macro": {
            "mean": 0.46074587684308393,
            "std": 0.0
        },
        "cross_entropy_loss": {
            "mean": 0.26291540265083313,
            "std": 0.0
        }
    },
    "val": {
        "f1_weighted": {
            "mean": 0.5182323439650863,
            "std": 0.0
        },
        "f1_micro": {
            "mean": 0.5481651376146788,
            "std": 0.0
        },
        "f1_macro": {
            "mean": 0.2598873468419437,
            "std": 0.0
        },
        "cross_entropy_loss": {
            "mean": 0.2485237866640091,
            "std": 0.0
        }
    },
    "test": {
        "f1_weighted": {
            "mean": 0.4654396269314319,
            "std": 0.0
        },
        "f1_micro": {
            "mean": 0.48321554770318026,
            "std": 0.0
        },
        "f1_macro": {
            "mean": 0.30727891840700705,
            "std": 0.0
        },
        "cross_entropy_loss": {
            "mean": 0.4111902713775635,
            "std": 0.0
        }
    }
}