{
    "train": {
        "f1_weighted": 0.6683951486261306,
        "f1_micro": 0.675177898702386,
        "f1_macro": 0.6503059554774432
    },
    "val": {
        "f1_weighted": 0.5341093646901878,
        "f1_micro": 0.5316326530612245,
        "f1_macro": 0.5001252117188071
    },
    "test": {
        "f1_weighted": 0.5163889226991437,
        "f1_micro": 0.531442663378545,
        "f1_macro": 0.48818305151652536
    }
}