{
    "train": {
        "f1_weighted": {
            "mean": 0.7251615577577336,
            "std": 0.045646525599564926
        },
        "f1_micro": {
            "mean": 0.7280870657178736,
            "std": 0.043826967986232236
        },
        "f1_macro": {
            "mean": 0.7147928613129407,
            "std": 0.04824005492230209
        }
    },
    "val": {
        "f1_weighted": {
            "mean": 0.549613290568112,
            "std": 0.015469738744835608
        },
        "f1_micro": {
            "mean": 0.5442857142857143,
            "std": 0.01429445796558159
        },
        "f1_macro": {
            "mean": 0.5233982089133693,
            "std": 0.015228850683729584
        }
    },
    "test": {
        "f1_weighted": {
            "mean": 0.5341152908128769,
            "std": 0.015252278995856829
        },
        "f1_micro": {
            "mean": 0.54019728729963,
            "std": 0.014429268257776304
        },
        "f1_macro": {
            "mean": 0.5089399927735855,
            "std": 0.01564030565784439
        }
    }
}