{
    "train": {
        "f1_weighted": 0.508885348672437,
        "f1_micro": 0.5596939802697806,
        "f1_macro": 0.4265691257801857
    },
    "val": {
        "f1_weighted": 0.38911242156224124,
        "f1_micro": 0.44419642857142855,
        "f1_macro": 0.3128516795877113
    },
    "test": {
        "f1_weighted": 0.3636780950024044,
        "f1_micro": 0.4299698795180723,
        "f1_macro": 0.30248036561239283
    }
}