{
    "train": {
        "f1_weighted": 0.5045587841383952,
        "f1_micro": 0.5505335212401852,
        "f1_macro": 0.4267361632705179
    },
    "val": {
        "f1_weighted": 0.38768984207429324,
        "f1_micro": 0.44047619047619047,
        "f1_macro": 0.31297571886372133
    },
    "test": {
        "f1_weighted": 0.3602503547476278,
        "f1_micro": 0.42243975903614456,
        "f1_macro": 0.30168889410054245
    }
}