{
    "train": {
        "f1_weighted": 0.46836018799159074,
        "f1_micro": 0.5063418562512583,
        "f1_macro": 0.3954044885652311
    },
    "val": {
        "f1_weighted": 0.36731330188089373,
        "f1_micro": 0.409970238095238,
        "f1_macro": 0.295976739372979
    },
    "test": {
        "f1_weighted": 0.3437238878266573,
        "f1_micro": 0.3938253012048193,
        "f1_macro": 0.29322147511773805
    }
}