{
    "train": {
        "f1_weighted": 0.5323010340430588,
        "f1_micro": 0.5653311858264546,
        "f1_macro": 0.46681205270418913
    },
    "val": {
        "f1_weighted": 0.395796942884378,
        "f1_micro": 0.4382440476190476,
        "f1_macro": 0.32262746067284154
    },
    "test": {
        "f1_weighted": 0.3605776334403242,
        "f1_micro": 0.411144578313253,
        "f1_macro": 0.3040507719048999
    }
}