{
    "train": {
        "f1_weighted": 0.815723415442981,
        "f1_micro": 0.8193012313544898,
        "f1_macro": 0.7077794829561543
    },
    "val": {
        "f1_weighted": 0.6523578612403699,
        "f1_micro": 0.6654643823264202,
        "f1_macro": 0.5154531552493063
    },
    "test": {
        "f1_weighted": 0.672213273501152,
        "f1_micro": 0.6823754789272031,
        "f1_macro": 0.5122750791109155
    }
}