{
    "train": {
        "f1_weighted": 0.8328281229949427,
        "f1_micro": 0.8345179697667434,
        "f1_macro": 0.7329662659193465
    },
    "val": {
        "f1_weighted": 0.6450124871858671,
        "f1_micro": 0.654643823264202,
        "f1_macro": 0.5112650961315781
    },
    "test": {
        "f1_weighted": 0.64749676180166,
        "f1_micro": 0.6505747126436782,
        "f1_macro": 0.47973402889284644
    }
}