{
    "train": {
        "f1_weighted": {
            "mean": 0.8323546997375154,
            "std": 0.0
        },
        "f1_micro": {
            "mean": 0.8327752197572206,
            "std": 0.0
        },
        "f1_macro": {
            "mean": 0.8309376440072115,
            "std": 0.0
        },
        "cross_entropy_loss": {
            "mean": 0.5062773823738098,
            "std": 0.0
        }
    },
    "val": {
        "f1_weighted": {
            "mean": 0.6104009592802201,
            "std": 0.0
        },
        "f1_micro": {
            "mean": 0.6061224489795919,
            "std": 0.0
        },
        "f1_macro": {
            "mean": 0.5947311686291213,
            "std": 0.0
        },
        "cross_entropy_loss": {
            "mean": 0.9994702935218811,
            "std": 0.0
        }
    },
    "test": {
        "f1_weighted": {
            "mean": 0.6344961744018409,
            "std": 0.0
        },
        "f1_micro": {
            "mean": 0.6350184956843403,
            "std": 0.0
        },
        "f1_macro": {
            "mean": 0.6200295263452795,
            "std": 0.0
        },
        "cross_entropy_loss": {
            "mean": 0.9701521396636963,
            "std": 0.0
        }
    }
}