{
    "train": {
        "f1_weighted": 0.754318174716621,
        "accuracy": 0.7697467213935328
    },
    "val": {
        "f1_weighted": 0.6071825080832804,
        "accuracy": 0.6330027051397655
    },
    "test": {
        "f1_weighted": 0.636499772273584,
        "accuracy": 0.6551724137931034
    }
}