{
    "train": {
        "f1_weighted": 0.7214643584828326,
        "accuracy": 0.738111923115427
    },
    "val": {
        "f1_weighted": 0.5955593752492314,
        "accuracy": 0.6239855725879171
    },
    "test": {
        "f1_weighted": 0.6255778212704661,
        "accuracy": 0.6429118773946361
    }
}