{
    "train": {
        "f1_weighted": 0.7339188621155885,
        "accuracy": 0.7507257983782161
    },
    "val": {
        "f1_weighted": 0.6011251497611183,
        "accuracy": 0.6284941388638413
    },
    "test": {
        "f1_weighted": 0.6390969722432799,
        "accuracy": 0.6601532567049808
    }
}