{
    "train": {
        "f1_weighted": {
            "mean": 0.7423696245425633,
            "std": 0.020445961664432927
        },
        "f1_micro": {
            "mean": 0.7628391230353389,
            "std": 0.023225548102913163
        },
        "f1_macro": {
            "mean": 0.5716485637649196,
            "std": 0.047012547092860346
        },
        "accuracy": {
            "mean": 0.7568525377915707,
            "std": 0.018469099166787933
        }
    },
    "val": {
        "f1_weighted": {
            "mean": 0.6016119007874379,
            "std": 0.004077340571118455
        },
        "f1_micro": {
            "mean": 0.6230838593327321,
            "std": 0.0027051397655545872
        },
        "f1_macro": {
            "mean": 0.4410929619179069,
            "std": 0.0025226463687234024
        },
        "accuracy": {
            "mean": 0.6263300270513976,
            "std": 0.004252416996411754
        }
    },
    "test": {
        "f1_weighted": {
            "mean": 0.6341571063700306,
            "std": 0.00457593508999093
        },
        "f1_micro": {
            "mean": 0.6482758620689655,
            "std": 0.0003831417624520772
        },
        "f1_macro": {
            "mean": 0.4448943081335316,
            "std": 0.0049855281840787136
        },
        "accuracy": {
            "mean": 0.6509578544061303,
            "std": 0.006028854639929762
        }
    }
}