{
    "train": {
        "f1_weighted": 0.7083324437589588,
        "f1_micro": 0.7269996996696366,
        "f1_macro": 0.5218173789121512
    },
    "val": {
        "f1_weighted": 0.6220439090728554,
        "f1_micro": 0.6474301172227231,
        "f1_macro": 0.4583666651352645
    },
    "test": {
        "f1_weighted": 0.6493263274558428,
        "f1_micro": 0.6724137931034483,
        "f1_macro": 0.44828854389694517
    }
}