{
    "train": {
        "f1_weighted": 0.802621709297941,
        "f1_micro": 0.8082891180298328,
        "f1_macro": 0.6899766934341856
    },
    "val": {
        "f1_weighted": 0.6311689153877623,
        "f1_micro": 0.648331830477908,
        "f1_macro": 0.4900101283912477
    },
    "test": {
        "f1_weighted": 0.6404197311235532,
        "f1_micro": 0.6551724137931034,
        "f1_macro": 0.472244059067448
    }
}