{
    "train": {
        "f1_weighted": 0.7029795346842437,
        "f1_micro": 0.7218940834918411,
        "f1_macro": 0.49427792690726674
    },
    "val": {
        "f1_weighted": 0.5996534935780479,
        "f1_micro": 0.6257889990982868,
        "f1_macro": 0.4205740219812362
    },
    "test": {
        "f1_weighted": 0.6450032697646126,
        "f1_micro": 0.664367816091954,
        "f1_macro": 0.43542800214589134
    }
}