{
    "train": {
        "f1_weighted": 0.9628001683594974,
        "f1_micro": 0.9629333865708392,
        "f1_macro": 0.8715866605998605,
        "cross_entropy_loss": 0.12454366683959961
    },
    "val": {
        "f1_weighted": 0.9121846788218133,
        "f1_micro": 0.9105098855359001,
        "f1_macro": 0.6631524071975583,
        "cross_entropy_loss": 0.2628798186779022
    },
    "test": {
        "f1_weighted": 0.8994353848601424,
        "f1_micro": 0.8985200845665962,
        "f1_macro": 0.7500923010071837,
        "cross_entropy_loss": 0.3183513879776001
    }
}