{
    "train": {
        "f1_weighted": 0.9615233032750863,
        "f1_micro": 0.9620017302189392,
        "f1_macro": 0.8661027395570221,
        "cross_entropy_loss": 0.12880200147628784
    },
    "val": {
        "f1_weighted": 0.9048598075998552,
        "f1_micro": 0.9042663891779397,
        "f1_macro": 0.600135362366715,
        "cross_entropy_loss": 0.2795455753803253
    },
    "test": {
        "f1_weighted": 0.8911454346609377,
        "f1_micro": 0.8907681465821001,
        "f1_macro": 0.733310132536483,
        "cross_entropy_loss": 0.36724016070365906
    }
}