{
    "train": {
        "f1_weighted": 0.788961158060238,
        "f1_micro": 0.7937731504655121,
        "f1_macro": 0.6685910362660544
    },
    "val": {
        "f1_weighted": 0.6200827394249191,
        "f1_micro": 0.6375112714156899,
        "f1_macro": 0.44663101079150164
    },
    "test": {
        "f1_weighted": 0.6576755560901939,
        "f1_micro": 0.6701149425287356,
        "f1_macro": 0.48388125255816933
    }
}