{
    "train": {
        "f1_weighted": 0.7668406300681733,
        "f1_micro": 0.7794574031434577,
        "f1_macro": 0.6140064571225731
    },
    "val": {
        "f1_weighted": 0.6333341564375666,
        "f1_micro": 0.6555455365193869,
        "f1_macro": 0.47874275028615204
    },
    "test": {
        "f1_weighted": 0.6588508061102759,
        "f1_micro": 0.6781609195402298,
        "f1_macro": 0.4788574167116269
    }
}