{
    "train": {
        "f1_weighted": 0.7939215909317946,
        "f1_micro": 0.7940734808289118,
        "f1_macro": 0.6851486082557009
    },
    "val": {
        "f1_weighted": 0.6481108574191706,
        "f1_micro": 0.6537421100090172,
        "f1_macro": 0.5086132775610022
    },
    "test": {
        "f1_weighted": 0.6617325926203463,
        "f1_micro": 0.6651340996168582,
        "f1_macro": 0.5084270577403168
    }
}