{
  "best_metric": 0.6359050561677586,
  "best_model_checkpoint": "results/MELD/roberta-large/SEEDS/2021-05-10-09-49-06-speaker_mode-upper-num_past_utterances-0-num_future_utterances-1000-batch_size-4-seed-2/checkpoint-4996",
  "epoch": 2.0,
  "global_step": 4996,
  "is_hyper_param_search": false,
  "is_local_process_zero": true,
  "is_world_process_zero": true,
  "log_history": [
    {
      "epoch": 1.0,
      "learning_rate": 6.93018943030893e-06,
      "loss": 1.4111,
      "step": 2498
    },
    {
      "epoch": 1.0,
      "eval_f1_macro": 0.36310297989757145,
      "eval_f1_micro": 0.5960324616771867,
      "eval_f1_weighted": 0.549636097193585,
      "eval_loss": 1.2296488285064697,
      "eval_runtime": 11.9721,
      "eval_samples_per_second": 92.632,
      "step": 2498
    },
    {
      "epoch": 2.0,
      "learning_rate": 5.222701014022489e-06,
      "loss": 1.0348,
      "step": 4996
    },
    {
      "epoch": 2.0,
      "eval_f1_macro": 0.4889479725114937,
      "eval_f1_micro": 0.6573489630297565,
      "eval_f1_weighted": 0.6359050561677586,
      "eval_loss": 1.1117172241210938,
      "eval_runtime": 11.9607,
      "eval_samples_per_second": 92.72,
      "step": 4996
    }
  ],
  "max_steps": 12490,
  "num_train_epochs": 5,
  "total_flos": 4367130364743006.0,
  "trial_name": null,
  "trial_params": null
}
