{
    "train": {
        "f1_weighted": 0.9404943372509416,
        "f1_micro": 0.9427031343581553,
        "f1_macro": 0.7613008715077445,
        "cross_entropy_loss": 0.19222231209278107
    },
    "val": {
        "f1_weighted": 0.9035629450266476,
        "f1_micro": 0.9042663891779397,
        "f1_macro": 0.64663834378798,
        "cross_entropy_loss": 0.31569704413414
    },
    "test": {
        "f1_weighted": 0.8730776199397953,
        "f1_micro": 0.8773784355179705,
        "f1_macro": 0.6659047844473139,
        "cross_entropy_loss": 0.4080866575241089
    }
}