{
    "train": {
        "f1_weighted": 0.7890821223580087,
        "f1_micro": 0.7888237756383424,
        "f1_macro": 0.7905927667613857,
        "cross_entropy_loss": 0.5610207915306091
    },
    "val": {
        "f1_weighted": 0.6392482109453419,
        "f1_micro": 0.636734693877551,
        "f1_macro": 0.63085092996878,
        "cross_entropy_loss": 0.9392203092575073
    },
    "test": {
        "f1_weighted": 0.6462187056370623,
        "f1_micro": 0.6430332922318126,
        "f1_macro": 0.6383661921955228,
        "cross_entropy_loss": 0.9737354516983032
    }
}