{
    "train": {
        "f1_weighted": 0.44874305774166234,
        "f1_micro": 0.4861083148781961,
        "f1_macro": 0.37212119685138856
    },
    "val": {
        "f1_weighted": 0.3735499920257188,
        "f1_micro": 0.41592261904761907,
        "f1_macro": 0.30659625602664053
    },
    "test": {
        "f1_weighted": 0.34844123248842956,
        "f1_micro": 0.3983433734939759,
        "f1_macro": 0.2888885467252909
    }
}