{
    "train": {
        "f1_weighted": 0.7274199215106992,
        "f1_micro": 0.7329426538300545,
        "f1_macro": 0.726084989916343
    },
    "val": {
        "f1_weighted": 0.6169720070788487,
        "f1_micro": 0.6275510204081632,
        "f1_macro": 0.6071342017023785
    },
    "test": {
        "f1_weighted": 0.6646099909761531,
        "f1_micro": 0.6726263871763255,
        "f1_macro": 0.6338413859727475
    }
}