{
    "train": {
        "f1_weighted": {
            "mean": 0.5067244758756356,
            "std": 0.0
        },
        "f1_micro": {
            "mean": 0.5576806925709684,
            "std": 0.0
        },
        "f1_macro": {
            "mean": 0.42259716358538213,
            "std": 0.0
        },
        "cross_entropy_loss": {
            "mean": 1.2703619003295898,
            "std": 0.0
        }
    },
    "val": {
        "f1_weighted": {
            "mean": 0.3717714318970861,
            "std": 0.0
        },
        "f1_micro": {
            "mean": 0.4270833333333333,
            "std": 0.0
        },
        "f1_macro": {
            "mean": 0.2980792123979389,
            "std": 0.0
        },
        "cross_entropy_loss": {
            "mean": 1.5755826234817505,
            "std": 0.0
        }
    },
    "test": {
        "f1_weighted": {
            "mean": 0.3432040208416957,
            "std": 0.0
        },
        "f1_micro": {
            "mean": 0.40813253012048195,
            "std": 0.0
        },
        "f1_macro": {
            "mean": 0.27861098523950684,
            "std": 0.0
        },
        "cross_entropy_loss": {
            "mean": 1.644102931022644,
            "std": 0.0
        }
    }
}