{
    "train": {
        "f1_weighted": 0.7527090402207193,
        "accuracy": 0.76534187606367
    },
    "val": {
        "f1_weighted": 0.6124598906043567,
        "accuracy": 0.6366095581605049
    },
    "test": {
        "f1_weighted": 0.6388949944135544,
        "accuracy": 0.6559386973180077
    }
}