{
    "train": {
        "f1_weighted": 0.7271721913606186,
        "f1_micro": 0.7443187506256883,
        "f1_macro": 0.5251384731780872,
        "accuracy": 0.7443187506256883
    },
    "val": {
        "f1_weighted": 0.5994370233861985,
        "f1_micro": 0.6257889990982868,
        "f1_macro": 0.4351227716711622,
        "accuracy": 0.6257889990982868
    },
    "test": {
        "f1_weighted": 0.6307508526915899,
        "f1_micro": 0.6471264367816092,
        "f1_macro": 0.42293229563416457,
        "accuracy": 0.6471264367816092
    }
}