{
    "train": {
        "f1_weighted": {
            "mean": 0.7556107095206553,
            "std": 0.01604139445400781
        },
        "accuracy": {
            "mean": 0.7676644308739615,
            "std": 0.014229927435609083
        }
    },
    "val": {
        "f1_weighted": {
            "mean": 0.605192297085418,
            "std": 0.004198159954915645
        },
        "accuracy": {
            "mean": 0.6279531109107304,
            "std": 0.0052763710868630265
        }
    },
    "test": {
        "f1_weighted": {
            "mean": 0.6399998543404861,
            "std": 0.0031143956374008715
        },
        "accuracy": {
            "mean": 0.6544061302681993,
            "std": 0.004520423357472068
        }
    }
}