{
    "train": {
        "f1_weighted": 0.7250011169133267,
        "f1_micro": 0.7270824612808706,
        "f1_macro": 0.7324272681227663,
        "cross_entropy_loss": 0.6916075348854065
    },
    "val": {
        "f1_weighted": 0.6304943641825509,
        "f1_micro": 0.6275510204081632,
        "f1_macro": 0.6173537572153937,
        "cross_entropy_loss": 0.9192839860916138
    },
    "test": {
        "f1_weighted": 0.6216047407383901,
        "f1_micro": 0.6202219482120839,
        "f1_macro": 0.6080003494159495,
        "cross_entropy_loss": 0.9256489276885986
    }
}