{
    "train": {
        "f1_weighted": 0.6973119601205134,
        "f1_micro": 0.7051067392214315,
        "f1_macro": 0.7121242928932521,
        "cross_entropy_loss": 0.7157982587814331
    },
    "val": {
        "f1_weighted": 0.6042108146330204,
        "f1_micro": 0.6061224489795919,
        "f1_macro": 0.5799452243900094,
        "cross_entropy_loss": 0.9469919800758362
    },
    "test": {
        "f1_weighted": 0.6247267807318047,
        "f1_micro": 0.62577065351418,
        "f1_macro": 0.6160285780200841,
        "cross_entropy_loss": 0.9406135678291321
    }
}