{
    "train": {
        "f1_weighted": 0.8313030686973305,
        "f1_micro": 0.8313101716199247,
        "f1_macro": 0.8337029894398488,
        "cross_entropy_loss": 0.46926403045654297
    },
    "val": {
        "f1_weighted": 0.6535175229234576,
        "f1_micro": 0.6489795918367347,
        "f1_macro": 0.6346968132263437,
        "cross_entropy_loss": 0.8969715237617493
    },
    "test": {
        "f1_weighted": 0.6637320752468945,
        "f1_micro": 0.6652281134401973,
        "f1_macro": 0.646266389336776,
        "cross_entropy_loss": 0.8953980803489685
    }
}