{
    "train": {
        "f1_weighted": {
            "mean": 0.8313030686973305,
            "std": 0.0
        },
        "f1_micro": {
            "mean": 0.8313101716199247,
            "std": 0.0
        },
        "f1_macro": {
            "mean": 0.8337029894398488,
            "std": 0.0
        },
        "cross_entropy_loss": {
            "mean": 0.46926403045654297,
            "std": 0.0
        }
    },
    "val": {
        "f1_weighted": {
            "mean": 0.6535175229234576,
            "std": 0.0
        },
        "f1_micro": {
            "mean": 0.6489795918367347,
            "std": 0.0
        },
        "f1_macro": {
            "mean": 0.6346968132263437,
            "std": 0.0
        },
        "cross_entropy_loss": {
            "mean": 0.8969715237617493,
            "std": 0.0
        }
    },
    "test": {
        "f1_weighted": {
            "mean": 0.6637320752468945,
            "std": 0.0
        },
        "f1_micro": {
            "mean": 0.6652281134401973,
            "std": 0.0
        },
        "f1_macro": {
            "mean": 0.646266389336776,
            "std": 0.0
        },
        "cross_entropy_loss": {
            "mean": 0.8953980803489685,
            "std": 0.0
        }
    }
}