{
    "train": {
        "f1_weighted": 0.7535102986483535,
        "f1_micro": 0.765742316548203,
        "f1_macro": 0.6082355031974954
    },
    "val": {
        "f1_weighted": 0.6263872123483689,
        "f1_micro": 0.6501352569882777,
        "f1_macro": 0.47813056134600085
    },
    "test": {
        "f1_weighted": 0.6440137577395286,
        "f1_micro": 0.6616858237547892,
        "f1_macro": 0.4647668314451937
    }
}