{
    "train": {
        "f1_weighted": 0.8113430085955017,
        "f1_micro": 0.8178996896586245,
        "f1_macro": 0.6950145359773144
    },
    "val": {
        "f1_weighted": 0.6304918823020793,
        "f1_micro": 0.648331830477908,
        "f1_macro": 0.49626985354525416
    },
    "test": {
        "f1_weighted": 0.6425176567462296,
        "f1_micro": 0.6578544061302682,
        "f1_macro": 0.47112618601092776
    }
}