{
    "train": {
        "f1_weighted": 0.6943842669587598,
        "f1_micro": 0.7013394725826706,
        "f1_macro": 0.7011997885664524,
        "cross_entropy_loss": 0.786444902420044
    },
    "val": {
        "f1_weighted": 0.582112569246548,
        "f1_micro": 0.5836734693877551,
        "f1_macro": 0.5762989541769693,
        "cross_entropy_loss": 0.9807600975036621
    },
    "test": {
        "f1_weighted": 0.6266441875759596,
        "f1_micro": 0.6325524044389642,
        "f1_macro": 0.6065005957802699,
        "cross_entropy_loss": 0.943981945514679
    }
}