{
    "train": {
        "f1_weighted": {
            "mean": 0.6943842669587598,
            "std": 0.0
        },
        "f1_micro": {
            "mean": 0.7013394725826706,
            "std": 0.0
        },
        "f1_macro": {
            "mean": 0.7011997885664524,
            "std": 0.0
        },
        "cross_entropy_loss": {
            "mean": 0.786444902420044,
            "std": 0.0
        }
    },
    "val": {
        "f1_weighted": {
            "mean": 0.582112569246548,
            "std": 0.0
        },
        "f1_micro": {
            "mean": 0.5836734693877551,
            "std": 0.0
        },
        "f1_macro": {
            "mean": 0.5762989541769693,
            "std": 0.0
        },
        "cross_entropy_loss": {
            "mean": 0.9807600975036621,
            "std": 0.0
        }
    },
    "test": {
        "f1_weighted": {
            "mean": 0.6266441875759596,
            "std": 0.0
        },
        "f1_micro": {
            "mean": 0.6325524044389642,
            "std": 0.0
        },
        "f1_macro": {
            "mean": 0.6065005957802699,
            "std": 0.0
        },
        "cross_entropy_loss": {
            "mean": 0.943981945514679,
            "std": 0.0
        }
    }
}