{
    "train": {
        "f1_weighted": 0.8283226817615823,
        "f1_micro": 0.8314145560116127,
        "f1_macro": 0.7374170732203426,
        "cross_entropy_loss": 0.7082464694976807
    },
    "val": {
        "f1_weighted": 0.6651594811437671,
        "f1_micro": 0.6807935076645627,
        "f1_macro": 0.5488972243813642,
        "cross_entropy_loss": 1.1621898412704468
    },
    "test": {
        "f1_weighted": 0.665946472593783,
        "f1_micro": 0.6816091954022988,
        "f1_macro": 0.5168789209206918,
        "cross_entropy_loss": 1.0959206819534302
    }
}