{
    "train": {
        "f1_weighted": 0.7490699743714343,
        "f1_micro": 0.7577335068575433,
        "f1_macro": 0.6245297987859555,
        "cross_entropy_loss": 0.864674985408783
    },
    "val": {
        "f1_weighted": 0.6331945567074246,
        "f1_micro": 0.6501352569882777,
        "f1_macro": 0.48553340713517246,
        "cross_entropy_loss": 1.080527663230896
    },
    "test": {
        "f1_weighted": 0.6589266077638264,
        "f1_micro": 0.6724137931034483,
        "f1_macro": 0.4969987250129283,
        "cross_entropy_loss": 1.0369654893875122
    }
}