{
    "train": {
        "f1_weighted": {
            "mean": 0.7429639783351816,
            "std": 0.029187677468727954
        },
        "f1_micro": {
            "mean": 0.7455420678107995,
            "std": 0.028029396466666325
        },
        "f1_macro": {
            "mean": 0.7489094818807261,
            "std": 0.027451398415489315
        },
        "cross_entropy_loss": {
            "mean": 0.6620875477790833,
            "std": 0.06408458281369453
        }
    },
    "val": {
        "f1_weighted": {
            "mean": 0.5952114210227435,
            "std": 0.006432206659499862
        },
        "f1_micro": {
            "mean": 0.5977551020408163,
            "std": 0.008173463018163575
        },
        "f1_macro": {
            "mean": 0.568899291265188,
            "std": 0.008266501856341065
        },
        "cross_entropy_loss": {
            "mean": 1.022890853881836,
            "std": 0.015335143180325523
        }
    },
    "test": {
        "f1_weighted": {
            "mean": 0.5804813380857743,
            "std": 0.007813444909033223
        },
        "f1_micro": {
            "mean": 0.5833538840937115,
            "std": 0.007371509335455041
        },
        "f1_macro": {
            "mean": 0.5653159111353377,
            "std": 0.00857392377005513
        },
        "cross_entropy_loss": {
            "mean": 1.1341965675354004,
            "std": 0.023923686067899252
        }
    }
}