{
    "train": {
        "f1_weighted": 0.7314964936423133,
        "f1_micro": 0.736910601661828,
        "f1_macro": 0.5572268620594457
    },
    "val": {
        "f1_weighted": 0.6332499824375074,
        "f1_micro": 0.6420198376916141,
        "f1_macro": 0.48109109898150215
    },
    "test": {
        "f1_weighted": 0.6354702685965797,
        "f1_micro": 0.6386973180076628,
        "f1_macro": 0.44517672312245476
    }
}