{
    "train": {
        "f1_weighted": 0.7085882021516052,
        "f1_micro": 0.7261988187005707,
        "f1_macro": 0.4959669348382226,
        "cross_entropy_loss": 0.8819684982299805
    },
    "val": {
        "f1_weighted": 0.6172721391824219,
        "f1_micro": 0.6411181244364292,
        "f1_macro": 0.4271613442420644,
        "cross_entropy_loss": 1.080267310142517
    },
    "test": {
        "f1_weighted": 0.6434151567741818,
        "f1_micro": 0.6601532567049808,
        "f1_macro": 0.43445627109990564,
        "cross_entropy_loss": 1.0320372581481934
    }
}