{
    "train": {
        "f1_weighted": {
            "mean": 0.7018282867374034,
            "std": 0.02091486777465175
        },
        "f1_micro": {
            "mean": 0.7234157573330664,
            "std": 0.0169491372511166
        },
        "f1_macro": {
            "mean": 0.4834149205598065,
            "std": 0.028850575023581244
        },
        "cross_entropy_loss": {
            "mean": 0.8815630078315735,
            "std": 0.037792640224391015
        }
    },
    "val": {
        "f1_weighted": {
            "mean": 0.6036915298151709,
            "std": 0.00929318562644106
        },
        "f1_micro": {
            "mean": 0.6324616771866547,
            "std": 0.006158114005036579
        },
        "f1_macro": {
            "mean": 0.4106560551389051,
            "std": 0.012971782414091183
        },
        "cross_entropy_loss": {
            "mean": 1.098288106918335,
            "std": 0.016302572020575223
        }
    },
    "test": {
        "f1_weighted": {
            "mean": 0.639568782149943,
            "std": 0.008341462673513848
        },
        "f1_micro": {
            "mean": 0.6623754789272029,
            "std": 0.0039027836255162685
        },
        "f1_macro": {
            "mean": 0.4247191463894242,
            "std": 0.018340301768571078
        },
        "cross_entropy_loss": {
            "mean": 1.0322710275650024,
            "std": 0.008898620680237737
        }
    }
}