{
    "train": {
        "f1_weighted": 0.8103400978651953,
        "f1_micro": 0.8110087902888239,
        "f1_macro": 0.8102764205892005,
        "cross_entropy_loss": 0.5293120741844177
    },
    "val": {
        "f1_weighted": 0.6039007018615512,
        "f1_micro": 0.5989795918367347,
        "f1_macro": 0.5887863887369506,
        "cross_entropy_loss": 1.0467300415039062
    },
    "test": {
        "f1_weighted": 0.6380743396533306,
        "f1_micro": 0.6405672009864365,
        "f1_macro": 0.6172820821356528,
        "cross_entropy_loss": 0.9848796725273132
    }
}