{
    "train": {
        "f1_weighted": {
            "mean": 0.8103400978651953,
            "std": 0.0
        },
        "f1_micro": {
            "mean": 0.8110087902888239,
            "std": 0.0
        },
        "f1_macro": {
            "mean": 0.8102764205892005,
            "std": 0.0
        },
        "cross_entropy_loss": {
            "mean": 0.5293120741844177,
            "std": 0.0
        }
    },
    "val": {
        "f1_weighted": {
            "mean": 0.6039007018615512,
            "std": 0.0
        },
        "f1_micro": {
            "mean": 0.5989795918367347,
            "std": 0.0
        },
        "f1_macro": {
            "mean": 0.5887863887369506,
            "std": 0.0
        },
        "cross_entropy_loss": {
            "mean": 1.0467300415039062,
            "std": 0.0
        }
    },
    "test": {
        "f1_weighted": {
            "mean": 0.6380743396533306,
            "std": 0.0
        },
        "f1_micro": {
            "mean": 0.6405672009864365,
            "std": 0.0
        },
        "f1_macro": {
            "mean": 0.6172820821356528,
            "std": 0.0
        },
        "cross_entropy_loss": {
            "mean": 0.9848796725273132,
            "std": 0.0
        }
    }
}