{
    "train": {
        "f1_weighted": {
            "mean": 0.7587126521917922,
            "std": 0.02774521515325818
        },
        "f1_micro": {
            "mean": 0.7602762662201759,
            "std": 0.02674972200485247
        },
        "f1_macro": {
            "mean": 0.7616396488560417,
            "std": 0.027782578741585642
        }
    },
    "val": {
        "f1_weighted": {
            "mean": 0.6336931670280255,
            "std": 0.024111370963246403
        },
        "f1_micro": {
            "mean": 0.6355102040816327,
            "std": 0.023671709997957563
        },
        "f1_macro": {
            "mean": 0.6164693725551424,
            "std": 0.017456838986228435
        }
    },
    "test": {
        "f1_weighted": {
            "mean": 0.6556394481140573,
            "std": 0.01001588913277479
        },
        "f1_micro": {
            "mean": 0.6567200986436499,
            "std": 0.010400065540793833
        },
        "f1_macro": {
            "mean": 0.636905910770915,
            "std": 0.016805367536361006
        }
    }
}