{
    "train": {
        "f1_weighted": 0.3923242012828367,
        "f1_micro": 0.46668008858465876,
        "f1_macro": 0.2969914570874484
    },
    "val": {
        "f1_weighted": 0.3527397566365151,
        "f1_micro": 0.42633928571428575,
        "f1_macro": 0.2743029046076961
    },
    "test": {
        "f1_weighted": 0.32783059512741514,
        "f1_micro": 0.4096385542168675,
        "f1_macro": 0.26775451150260204
    }
}