{
    "train": {
        "f1_weighted": 0.5523127352463956,
        "f1_micro": 0.585262734044695,
        "f1_macro": 0.48721601602678793
    },
    "val": {
        "f1_weighted": 0.3880917793851443,
        "f1_micro": 0.42931547619047616,
        "f1_macro": 0.31404516719280123
    },
    "test": {
        "f1_weighted": 0.37218543224798506,
        "f1_micro": 0.4246987951807229,
        "f1_macro": 0.31612900436971625
    }
}