{
    "train": {
        "f1_weighted": 0.7024101077396123,
        "f1_micro": 0.7215937531284412,
        "f1_macro": 0.517476878379843
    },
    "val": {
        "f1_weighted": 0.6083266198260514,
        "f1_micro": 0.6384129846708747,
        "f1_macro": 0.4445235099123175
    },
    "test": {
        "f1_weighted": 0.6489503411274131,
        "f1_micro": 0.6720306513409962,
        "f1_macro": 0.445165203981362
    }
}