{
    "train": {
        "f1_weighted": {
            "mean": 0.7734416094328629,
            "std": 0.04020802319256784
        },
        "f1_micro": {
            "mean": 0.7827410151166283,
            "std": 0.034493851292951586
        },
        "f1_macro": {
            "mean": 0.6398920524115663,
            "std": 0.06897256113202803
        }
    },
    "val": {
        "f1_weighted": {
            "mean": 0.6248972148821614,
            "std": 0.008485564418833604
        },
        "f1_micro": {
            "mean": 0.6434625788999099,
            "std": 0.004136102774095445
        },
        "f1_macro": {
            "mean": 0.4844171922000423,
            "std": 0.02283872897914129
        }
    },
    "test": {
        "f1_weighted": {
            "mean": 0.6439612466178469,
            "std": 0.002834097798958762
        },
        "f1_micro": {
            "mean": 0.6589272030651341,
            "std": 0.007246951980099241
        },
        "f1_macro": {
            "mean": 0.46782861772856704,
            "std": 0.014230355350034226
        }
    }
}