{
    "train": {
        "f1_weighted": 0.5866244838921333,
        "f1_micro": 0.6169720153009866,
        "f1_macro": 0.5261659514741522,
        "cross_entropy_loss": 1.1219897270202637
    },
    "val": {
        "f1_weighted": 0.3977996213018263,
        "f1_micro": 0.44047619047619047,
        "f1_macro": 0.33430668200447444,
        "cross_entropy_loss": 1.6016696691513062
    },
    "test": {
        "f1_weighted": 0.3596625260559988,
        "f1_micro": 0.40662650602409633,
        "f1_macro": 0.3071664768210323,
        "cross_entropy_loss": 1.6551374197006226
    }
}