{
    "train": {
        "f1_weighted": {
            "mean": 0.5866244838921333,
            "std": 0.0
        },
        "f1_micro": {
            "mean": 0.6169720153009866,
            "std": 0.0
        },
        "f1_macro": {
            "mean": 0.5261659514741522,
            "std": 0.0
        },
        "cross_entropy_loss": {
            "mean": 1.1219897270202637,
            "std": 0.0
        }
    },
    "val": {
        "f1_weighted": {
            "mean": 0.3977996213018263,
            "std": 0.0
        },
        "f1_micro": {
            "mean": 0.44047619047619047,
            "std": 0.0
        },
        "f1_macro": {
            "mean": 0.33430668200447444,
            "std": 0.0
        },
        "cross_entropy_loss": {
            "mean": 1.6016696691513062,
            "std": 0.0
        }
    },
    "test": {
        "f1_weighted": {
            "mean": 0.3596625260559988,
            "std": 0.0
        },
        "f1_micro": {
            "mean": 0.40662650602409633,
            "std": 0.0
        },
        "f1_macro": {
            "mean": 0.3071664768210323,
            "std": 0.0
        },
        "cross_entropy_loss": {
            "mean": 1.6551374197006226,
            "std": 0.0
        }
    }
}