{
    "train": {
        "f1_weighted": 0.8406707739859088,
        "f1_micro": 0.8441285413955351,
        "f1_macro": 0.7384851161243663,
        "cross_entropy_loss": 0.6492562890052795
    },
    "val": {
        "f1_weighted": 0.6222326851553021,
        "f1_micro": 0.6384129846708747,
        "f1_macro": 0.47572929459281765,
        "cross_entropy_loss": 1.174328327178955
    },
    "test": {
        "f1_weighted": 0.6364089053865569,
        "f1_micro": 0.6463601532567049,
        "f1_macro": 0.44841409290601575,
        "cross_entropy_loss": 1.1280959844589233
    }
}