{
    "train": {
        "f1_weighted": 0.8378653370425789,
        "f1_micro": 0.8381219341275403,
        "f1_macro": 0.7430844318658874,
        "cross_entropy_loss": 0.7022396326065063
    },
    "val": {
        "f1_weighted": 0.6260785240542672,
        "f1_micro": 0.6348061316501352,
        "f1_macro": 0.489539153206647,
        "cross_entropy_loss": 1.1924179792404175
    },
    "test": {
        "f1_weighted": 0.6273910810585817,
        "f1_micro": 0.6318007662835249,
        "f1_macro": 0.4533301534722977,
        "cross_entropy_loss": 1.1845015287399292
    }
}