{
    "train": {
        "f1_weighted": 0.7292316707439911,
        "f1_micro": 0.7506256882570826,
        "f1_macro": 0.5633598010132691,
        "cross_entropy_loss": 0.8252772092819214
    },
    "val": {
        "f1_weighted": 0.6004413369629369,
        "f1_micro": 0.6366095581605049,
        "f1_macro": 0.43977329230813067,
        "cross_entropy_loss": 1.1790385246276855
    },
    "test": {
        "f1_weighted": 0.6058052679629867,
        "f1_micro": 0.6394636015325671,
        "f1_macro": 0.41349404479498103,
        "cross_entropy_loss": 1.1000746488571167
    }
}