{
    "train": {
        "f1_weighted": {
            "mean": 0.802091195381549,
            "std": 0.04701975392097837
        },
        "f1_micro": {
            "mean": 0.8101511662829111,
            "std": 0.03847874685027152
        },
        "f1_macro": {
            "mean": 0.6778442196977096,
            "std": 0.07905000461027582
        },
        "cross_entropy_loss": {
            "mean": 0.7278763771057128,
            "std": 0.0659540929944391
        }
    },
    "val": {
        "f1_weighted": {
            "mean": 0.6066565266117177,
            "std": 0.01579575706208491
        },
        "f1_micro": {
            "mean": 0.6272317403065826,
            "std": 0.01159814982204761
        },
        "f1_macro": {
            "mean": 0.458433105081529,
            "std": 0.024585989128249313
        },
        "cross_entropy_loss": {
            "mean": 1.1930591821670533,
            "std": 0.030632793334854823
        }
    },
    "test": {
        "f1_weighted": {
            "mean": 0.6280483363042483,
            "std": 0.011715586637568725
        },
        "f1_micro": {
            "mean": 0.6425287356321839,
            "std": 0.00829570489055901
        },
        "f1_macro": {
            "mean": 0.4428137510513316,
            "std": 0.02058059113633714
        },
        "cross_entropy_loss": {
            "mean": 1.1333187103271485,
            "std": 0.03712296892957266
        }
    }
}