{
  "best_metric": 0.6012499375415533,
  "best_model_checkpoint": "results/IEMOCAP/roberta-large/SEEDS/2021-05-17-22-02-20-speaker_mode-None-num_past_utterances-1000-num_future_utterances-1000-batch_size-4-seed-3/checkpoint-1195",
  "epoch": 2.0,
  "global_step": 2390,
  "is_hyper_param_search": false,
  "is_local_process_zero": true,
  "is_world_process_zero": true,
  "log_history": [
    {
      "epoch": 1.0,
      "learning_rate": 2.5620645332192405e-06,
      "loss": 1.4633,
      "step": 1195
    },
    {
      "epoch": 1.0,
      "eval_f1_macro": 0.5658421151274292,
      "eval_f1_micro": 0.5989795918367347,
      "eval_f1_weighted": 0.6012499375415533,
      "eval_loss": 1.0465548038482666,
      "eval_runtime": 28.0208,
      "eval_samples_per_second": 34.974,
      "step": 1195
    },
    {
      "epoch": 2.0,
      "learning_rate": 1.9366447397566317e-06,
      "loss": 1.0153,
      "step": 2390
    },
    {
      "epoch": 2.0,
      "eval_f1_macro": 0.5271436510036145,
      "eval_f1_micro": 0.5346938775510204,
      "eval_f1_weighted": 0.5464802066602246,
      "eval_loss": 1.1377562284469604,
      "eval_runtime": 28.0388,
      "eval_samples_per_second": 34.952,
      "step": 2390
    }
  ],
  "max_steps": 5975,
  "num_train_epochs": 5,
  "total_flos": 4704463057957416.0,
  "trial_name": null,
  "trial_params": null
}
