{
    "train": {
        "f1_weighted": 0.7027619408742598,
        "f1_micro": 0.7088740058601926,
        "f1_macro": 0.702550374819101
    },
    "val": {
        "f1_weighted": 0.5719414972895178,
        "f1_micro": 0.5785714285714286,
        "f1_macro": 0.5571762192797656
    },
    "test": {
        "f1_weighted": 0.651575554458277,
        "f1_micro": 0.6627620221948212,
        "f1_macro": 0.6133394278695955
    }
}