{
    "train": {
        "f1_weighted": 0.8147316363887221,
        "f1_micro": 0.814985349518627,
        "f1_macro": 0.8121160924740624
    },
    "val": {
        "f1_weighted": 0.6642792777362367,
        "f1_micro": 0.6632653061224489,
        "f1_macro": 0.6523370512921004
    },
    "test": {
        "f1_weighted": 0.6514838326605841,
        "f1_micro": 0.6541307028360049,
        "f1_macro": 0.6435936718724469
    }
}