{
  "best_metric": 0.6216811169566648,
  "best_model_checkpoint": "results/MELD/roberta-large/SEEDS/2021-05-09-10-34-30-speaker_mode-None-num_past_utterances-0-num_future_utterances-0-batch_size-16-seed-2/checkpoint-1250",
  "epoch": 2.0,
  "global_step": 1250,
  "is_hyper_param_search": false,
  "is_local_process_zero": true,
  "is_world_process_zero": true,
  "log_history": [
    {
      "epoch": 1.0,
      "learning_rate": 8.828624329237281e-06,
      "loss": 1.4355,
      "step": 625
    },
    {
      "epoch": 1.0,
      "eval_f1_macro": 0.3819780457632203,
      "eval_f1_micro": 0.6212804328223624,
      "eval_f1_weighted": 0.5817483403290094,
      "eval_loss": 1.143835425376892,
      "eval_runtime": 2.2039,
      "eval_samples_per_second": 503.202,
      "step": 625
    },
    {
      "epoch": 2.0,
      "learning_rate": 6.707044573221053e-06,
      "loss": 1.057,
      "step": 1250
    },
    {
      "epoch": 2.0,
      "eval_f1_macro": 0.4830107217511766,
      "eval_f1_micro": 0.6447249774571686,
      "eval_f1_weighted": 0.6216811169566648,
      "eval_loss": 1.0678489208221436,
      "eval_runtime": 2.2025,
      "eval_samples_per_second": 503.53,
      "step": 1250
    }
  ],
  "max_steps": 3125,
  "num_train_epochs": 5,
  "total_flos": 696251214583074.0,
  "trial_name": null,
  "trial_params": null
}
