{
    "train": {
        "f1_weighted": {
            "mean": 0.7946633620139221,
            "std": 0.0
        },
        "f1_micro": {
            "mean": 0.7963583089158642,
            "std": 0.0
        },
        "f1_macro": {
            "mean": 0.7822135334598895,
            "std": 0.0
        },
        "cross_entropy_loss": {
            "mean": 0.5676468014717102,
            "std": 0.0
        }
    },
    "val": {
        "f1_weighted": {
            "mean": 0.5583591096368496,
            "std": 0.0
        },
        "f1_micro": {
            "mean": 0.5520408163265306,
            "std": 0.0
        },
        "f1_macro": {
            "mean": 0.5369080607997495,
            "std": 0.0
        },
        "cross_entropy_loss": {
            "mean": 1.1924551725387573,
            "std": 0.0
        }
    },
    "test": {
        "f1_weighted": {
            "mean": 0.5606312650264539,
            "std": 0.0
        },
        "f1_micro": {
            "mean": 0.564118372379778,
            "std": 0.0
        },
        "f1_macro": {
            "mean": 0.5337463865059225,
            "std": 0.0
        },
        "cross_entropy_loss": {
            "mean": 1.207783579826355,
            "std": 0.0
        }
    }
}