{
    "train": {
        "f1_weighted": 0.8120563473068342,
        "f1_micro": 0.8159975973570928,
        "f1_macro": 0.703152878077742
    },
    "val": {
        "f1_weighted": 0.6215977388505753,
        "f1_micro": 0.6339044183949504,
        "f1_macro": 0.49617805294605866
    },
    "test": {
        "f1_weighted": 0.6507440970045426,
        "f1_micro": 0.6586206896551724,
        "f1_macro": 0.4928116298066951
    }
}