{
    "train": {
        "f1_weighted": 0.8107442829122399,
        "f1_micro": 0.8137951746921614,
        "f1_macro": 0.6984091923403332
    },
    "val": {
        "f1_weighted": 0.6398455033869432,
        "f1_micro": 0.6510369702434626,
        "f1_macro": 0.5043118938513411
    },
    "test": {
        "f1_weighted": 0.6510070125886872,
        "f1_micro": 0.6563218390804598,
        "f1_macro": 0.4813504741437417
    }
}