{
    "train": {
        "f1_weighted": {
            "mean": 0.8443764104071013,
            "std": 0.033593946681837246
        },
        "f1_micro": {
            "mean": 0.8472119331264392,
            "std": 0.03213353375180832
        },
        "f1_macro": {
            "mean": 0.754925049889043,
            "std": 0.05344329885783609
        }
    },
    "val": {
        "f1_weighted": {
            "mean": 0.6270140339870122,
            "std": 0.004684086761257873
        },
        "f1_micro": {
            "mean": 0.6375112714156899,
            "std": 0.003421761219298536
        },
        "f1_macro": {
            "mean": 0.5076385525124293,
            "std": 0.006840284178982009
        }
    },
    "test": {
        "f1_weighted": {
            "mean": 0.6458186435444743,
            "std": 0.004963057333518855
        },
        "f1_micro": {
            "mean": 0.6537931034482759,
            "std": 0.0059237235525172825
        },
        "f1_macro": {
            "mean": 0.48900418996485095,
            "std": 0.010601370396763154
        }
    }
}