{
    "train": {
        "f1_weighted": 0.7034194225139069,
        "f1_micro": 0.7213935328861748,
        "f1_macro": 0.5443642893451769,
        "cross_entropy_loss": 0.9254926443099976
    },
    "val": {
        "f1_weighted": 0.6187996979503656,
        "f1_micro": 0.6465284039675383,
        "f1_macro": 0.47631949031627,
        "cross_entropy_loss": 1.1535775661468506
    },
    "test": {
        "f1_weighted": 0.6518937457080324,
        "f1_micro": 0.6766283524904214,
        "f1_macro": 0.4625706578258004,
        "cross_entropy_loss": 1.0599620342254639
    }
}