{
    "train": {
        "f1_weighted": 0.7816711674086596,
        "f1_micro": 0.7891680848933827,
        "f1_macro": 0.6684825962789064,
        "cross_entropy_loss": 0.7893620133399963
    },
    "val": {
        "f1_weighted": 0.6327117461742007,
        "f1_micro": 0.654643823264202,
        "f1_macro": 0.48941386947438886,
        "cross_entropy_loss": 1.1157944202423096
    },
    "test": {
        "f1_weighted": 0.6524204594676073,
        "f1_micro": 0.6735632183908046,
        "f1_macro": 0.4705454097607764,
        "cross_entropy_loss": 1.058915376663208
    }
}