{
    "train": {
        "f1_weighted": 0.42812634970849034,
        "f1_micro": 0.49647674652707874,
        "f1_macro": 0.3352216670768847
    },
    "val": {
        "f1_weighted": 0.37125482170437113,
        "f1_micro": 0.44345238095238093,
        "f1_macro": 0.29628723219313446
    },
    "test": {
        "f1_weighted": 0.3279143252241807,
        "f1_micro": 0.4134036144578313,
        "f1_macro": 0.25738545460987716
    }
}