{
    "train": {
        "f1_weighted": 0.5115803152924682,
        "f1_micro": 0.5612039460438897,
        "f1_macro": 0.42939111040291106
    },
    "val": {
        "f1_weighted": 0.3953917187586958,
        "f1_micro": 0.44717261904761907,
        "f1_macro": 0.3182766002897421
    },
    "test": {
        "f1_weighted": 0.3651878020463754,
        "f1_micro": 0.4246987951807229,
        "f1_macro": 0.3100858891843963
    }
}