{
    "train": {
        "f1_weighted": 0.6868032734209712,
        "f1_micro": 0.7113825207728502,
        "f1_macro": 0.4580986905218984,
        "cross_entropy_loss": 0.9070378541946411
    },
    "val": {
        "f1_weighted": 0.5920072284583895,
        "f1_micro": 0.6266907123534716,
        "f1_macro": 0.3984670695037741,
        "cross_entropy_loss": 1.1455657482147217
    },
    "test": {
        "f1_weighted": 0.6278011450045612,
        "f1_micro": 0.6521072796934866,
        "f1_macro": 0.4067580893877675,
        "cross_entropy_loss": 1.0603798627853394
    }
}