{
    "train": {
        "f1_weighted": 0.7198076150742352,
        "f1_micro": 0.7396135749324257,
        "f1_macro": 0.5235852174586219,
        "cross_entropy_loss": 0.8352214097976685
    },
    "val": {
        "f1_weighted": 0.5933324601792663,
        "f1_micro": 0.6257889990982868,
        "f1_macro": 0.42088128893302307,
        "cross_entropy_loss": 1.1401429176330566
    },
    "test": {
        "f1_weighted": 0.6273796697841969,
        "f1_micro": 0.6486590038314176,
        "f1_macro": 0.4231132750570049,
        "cross_entropy_loss": 1.0907163619995117
    }
}