{
    "train": {
        "f1_weighted": 0.693271651188592,
        "f1_micro": 0.715787366102713,
        "f1_macro": 0.4766931748561484,
        "cross_entropy_loss": 0.8980876803398132
    },
    "val": {
        "f1_weighted": 0.6038588847963657,
        "f1_micro": 0.6321009918845807,
        "f1_macro": 0.4182196543702087,
        "cross_entropy_loss": 1.09928297996521
    },
    "test": {
        "f1_weighted": 0.6356166897835933,
        "f1_micro": 0.660536398467433,
        "f1_macro": 0.4144771075369751,
        "cross_entropy_loss": 1.0458052158355713
    }
}