{
    "train": {
        "f1_weighted": 0.8506230515155374,
        "f1_micro": 0.8509836751778987,
        "f1_macro": 0.8521776985096401
    },
    "val": {
        "f1_weighted": 0.6388577823279612,
        "f1_micro": 0.6326530612244898,
        "f1_macro": 0.6218052570437231
    },
    "test": {
        "f1_weighted": 0.6589119867554768,
        "f1_micro": 0.6584463625154131,
        "f1_macro": 0.6388954747440801
    }
}