{
    "train": {
        "f1_weighted": 0.8293119644533619,
        "f1_micro": 0.8308915864378401,
        "f1_macro": 0.8306699708623912
    },
    "val": {
        "f1_weighted": 0.6478464232010104,
        "f1_micro": 0.6551020408163265,
        "f1_macro": 0.6343439230767988
    },
    "test": {
        "f1_weighted": 0.6387825389577042,
        "f1_micro": 0.6461159062885327,
        "f1_macro": 0.6200474770387295
    }
}