{
    "train": {
        "f1_weighted": 0.7895059389333446,
        "f1_micro": 0.7904981163666807,
        "f1_macro": 0.7976384089343814
    },
    "val": {
        "f1_weighted": 0.5951964074138509,
        "f1_micro": 0.6,
        "f1_macro": 0.5871647556735184
    },
    "test": {
        "f1_weighted": 0.6240150037164415,
        "f1_micro": 0.6226880394574599,
        "f1_macro": 0.6163216984641129
    }
}