{
    "train": {
        "f1_weighted": {
            "mean": 0.7671820598729706,
            "std": 0.044697158694068984
        },
        "f1_micro": {
            "mean": 0.769945583926329,
            "std": 0.042519354513478165
        },
        "f1_macro": {
            "mean": 0.7721000612829979,
            "std": 0.04049228193571503
        }
    },
    "val": {
        "f1_weighted": {
            "mean": 0.6016963711463905,
            "std": 0.03352937009730271
        },
        "f1_micro": {
            "mean": 0.6055102040816326,
            "std": 0.025899880921285666
        },
        "f1_macro": {
            "mean": 0.5961849289541102,
            "std": 0.03167515443510217
        }
    },
    "test": {
        "f1_weighted": {
            "mean": 0.6389824997565731,
            "std": 0.013954158289213016
        },
        "f1_micro": {
            "mean": 0.6435265104808877,
            "std": 0.013865048381623283
        },
        "f1_macro": {
            "mean": 0.6201063775828856,
            "std": 0.020473793491413497
        }
    }
}