{
    "train": {
        "f1_weighted": 0.8094970666572779,
        "f1_micro": 0.810380912515697,
        "f1_macro": 0.8067336866329039
    },
    "val": {
        "f1_weighted": 0.605108807372029,
        "f1_micro": 0.6030612244897959,
        "f1_macro": 0.5827347903262429
    },
    "test": {
        "f1_weighted": 0.6755228296620671,
        "f1_micro": 0.6806411837237978,
        "f1_macro": 0.6482228502842814
    }
}