{
    "train": {
        "f1_weighted": {
            "mean": 0.7941917924026148,
            "std": 0.036449930515799346
        },
        "f1_micro": {
            "mean": 0.7947258267057347,
            "std": 0.03581152189625779
        },
        "f1_macro": {
            "mean": 0.7960582650668113,
            "std": 0.03414495954235484
        }
    },
    "val": {
        "f1_weighted": {
            "mean": 0.6413247221834457,
            "std": 0.031469821133016565
        },
        "f1_micro": {
            "mean": 0.6402040816326531,
            "std": 0.03085347132892123
        },
        "f1_macro": {
            "mean": 0.6290217855211664,
            "std": 0.038620884871330405
        }
    },
    "test": {
        "f1_weighted": {
            "mean": 0.6668369646400117,
            "std": 0.01955882246839997
        },
        "f1_micro": {
            "mean": 0.6668310727496917,
            "std": 0.017510116162627067
        },
        "f1_macro": {
            "mean": 0.6502286972458637,
            "std": 0.02603472202235341
        }
    }
}