{
    "train": {
        "f1_weighted": 0.9734820251099883,
        "f1_micro": 0.9734708178996897,
        "f1_macro": 0.9537460790245477
    },
    "val": {
        "f1_weighted": 0.661391429775408,
        "f1_micro": 0.6654643823264202,
        "f1_macro": 0.5522790155905922
    },
    "test": {
        "f1_weighted": 0.6430828113876342,
        "f1_micro": 0.6448275862068965,
        "f1_macro": 0.4964929812195272
    }
}