{
    "train": {
        "f1_weighted": 0.9283552372784576,
        "f1_micro": 0.9286214836319951,
        "f1_macro": 0.877600637705765
    },
    "val": {
        "f1_weighted": 0.6588406681214124,
        "f1_micro": 0.6654643823264202,
        "f1_macro": 0.5415175010712932
    },
    "test": {
        "f1_weighted": 0.6490953190965592,
        "f1_micro": 0.6540229885057471,
        "f1_macro": 0.5037838579495603
    }
}