{
    "train": {
        "f1_weighted": 0.9714695400478487,
        "f1_micro": 0.9714686154770247,
        "f1_macro": 0.9507202786673824
    },
    "val": {
        "f1_weighted": 0.6584237181577629,
        "f1_micro": 0.6609558160504959,
        "f1_macro": 0.54016084140301
    },
    "test": {
        "f1_weighted": 0.6390168494346029,
        "f1_micro": 0.6402298850574712,
        "f1_macro": 0.49044351413761983
    }
}