{
    "train": {
        "f1_weighted": 0.9176894235838132,
        "f1_micro": 0.9180098107918709,
        "f1_macro": 0.8682469005923455
    },
    "val": {
        "f1_weighted": 0.6683984778294709,
        "f1_micro": 0.6735798016230838,
        "f1_macro": 0.5710877148510534
    },
    "test": {
        "f1_weighted": 0.6488755326707795,
        "f1_micro": 0.6532567049808429,
        "f1_macro": 0.501927870569957
    }
}