{
    "train": {
        "f1_weighted": 0.8868155178650511,
        "f1_micro": 0.8867754529982981,
        "f1_macro": 0.8185213775131607
    },
    "val": {
        "f1_weighted": 0.6619220880056683,
        "f1_micro": 0.6636609558160504,
        "f1_macro": 0.5464796566330099
    },
    "test": {
        "f1_weighted": 0.6464825788674452,
        "f1_micro": 0.6440613026819924,
        "f1_macro": 0.5006630911783787
    }
}