{
    "train": {
        "f1_weighted": {
            "mean": 0.9297174777072682,
            "std": 0.03627495666329781
        },
        "f1_micro": {
            "mean": 0.9295424967464211,
            "std": 0.03645605420792823
        },
        "f1_macro": {
            "mean": 0.884241581639977,
            "std": 0.057914275882426876
        }
    },
    "val": {
        "f1_weighted": {
            "mean": 0.6610863733673527,
            "std": 0.004356024194346619
        },
        "f1_micro": {
            "mean": 0.6640216411181245,
            "std": 0.005662874109326447
        },
        "f1_macro": {
            "mean": 0.5502623719433841,
            "std": 0.011263682628001329
        }
    },
    "test": {
        "f1_weighted": {
            "mean": 0.6451240465371197,
            "std": 0.0036500880546989187
        },
        "f1_micro": {
            "mean": 0.6462068965517241,
            "std": 0.004425909295998046
        },
        "f1_macro": {
            "mean": 0.4996247447552197,
            "std": 0.006016206375922834
        }
    }
}