{
    "train": {
        "f1_weighted": 0.6662550989466929,
        "f1_micro": 0.6768522394307241,
        "f1_macro": 0.6791905755862655
    },
    "val": {
        "f1_weighted": 0.6115172587689809,
        "f1_micro": 0.6224489795918368,
        "f1_macro": 0.5949367183692323
    },
    "test": {
        "f1_weighted": 0.6156090616902936,
        "f1_micro": 0.6226880394574599,
        "f1_macro": 0.5938482379741927
    }
}