{
    "train": {
        "f1_weighted": 0.6659853026947005,
        "f1_micro": 0.6732942653830054,
        "f1_macro": 0.6774855326396714
    },
    "val": {
        "f1_weighted": 0.6056344180275448,
        "f1_micro": 0.6051020408163266,
        "f1_macro": 0.5827801036504704
    },
    "test": {
        "f1_weighted": 0.6151212982193128,
        "f1_micro": 0.6128236744759556,
        "f1_macro": 0.5958144337024397
    }
}