{
    "train": {
        "f1_weighted": 0.7690021080300781,
        "f1_micro": 0.7701967350355797,
        "f1_macro": 0.7751594824210625
    },
    "val": {
        "f1_weighted": 0.6315044251824022,
        "f1_micro": 0.6336734693877552,
        "f1_macro": 0.6154560562310495
    },
    "test": {
        "f1_weighted": 0.6571743949650819,
        "f1_micro": 0.6596794081381011,
        "f1_macro": 0.6423453352448653
    }
}