{
    "train": {
        "f1_weighted": 0.6866485548184366,
        "f1_micro": 0.6864796986186689,
        "f1_macro": 0.695842797113459,
        "cross_entropy_loss": 0.7955834865570068
    },
    "val": {
        "f1_weighted": 0.6028778824461952,
        "f1_micro": 0.6051020408163266,
        "f1_macro": 0.5763699641155348,
        "cross_entropy_loss": 1.0012301206588745
    },
    "test": {
        "f1_weighted": 0.5749102874488242,
        "f1_micro": 0.5733662145499383,
        "f1_macro": 0.5634372006210416,
        "cross_entropy_loss": 1.0878093242645264
    }
}