{
    "train": {
        "f1_weighted": 0.6977589724033101,
        "f1_micro": 0.7017580577647551,
        "f1_macro": 0.7112860541955812,
        "cross_entropy_loss": 0.7289954423904419
    },
    "val": {
        "f1_weighted": 0.6025993217975226,
        "f1_micro": 0.6091836734693877,
        "f1_macro": 0.5749365560815017,
        "cross_entropy_loss": 1.011595606803894
    },
    "test": {
        "f1_weighted": 0.5753135690026375,
        "f1_micro": 0.5813810110974106,
        "f1_macro": 0.565571213994433,
        "cross_entropy_loss": 1.1185252666473389
    }
}