{
    "train": {
        "f1_weighted": 0.7120456634475694,
        "f1_micro": 0.7151527835914608,
        "f1_macro": 0.7282220860955232,
        "cross_entropy_loss": 0.7018928527832031
    },
    "val": {
        "f1_weighted": 0.5724900880954759,
        "f1_micro": 0.5806122448979592,
        "f1_macro": 0.5763344822595645,
        "cross_entropy_loss": 1.0107860565185547
    },
    "test": {
        "f1_weighted": 0.5878391882264852,
        "f1_micro": 0.5881627620221949,
        "f1_macro": 0.5734670053196697,
        "cross_entropy_loss": 1.0571420192718506
    }
}