{
    "train": {
        "f1_weighted": 0.7468496491245122,
        "f1_micro": 0.7505232314776056,
        "f1_macro": 0.7460564154924277,
        "cross_entropy_loss": 0.6767340302467346
    },
    "val": {
        "f1_weighted": 0.6009540472966245,
        "f1_micro": 0.6040816326530613,
        "f1_macro": 0.583335184746446,
        "cross_entropy_loss": 0.9781131148338318
    },
    "test": {
        "f1_weighted": 0.6181389387261869,
        "f1_micro": 0.623921085080148,
        "f1_macro": 0.59398474972502,
        "cross_entropy_loss": 0.9282649755477905
    }
}