{
    "train": {
        "f1_weighted": {
            "mean": 0.7468496491245122,
            "std": 0.0
        },
        "f1_micro": {
            "mean": 0.7505232314776056,
            "std": 0.0
        },
        "f1_macro": {
            "mean": 0.7460564154924277,
            "std": 0.0
        },
        "cross_entropy_loss": {
            "mean": 0.6767340302467346,
            "std": 0.0
        }
    },
    "val": {
        "f1_weighted": {
            "mean": 0.6009540472966245,
            "std": 0.0
        },
        "f1_micro": {
            "mean": 0.6040816326530613,
            "std": 0.0
        },
        "f1_macro": {
            "mean": 0.583335184746446,
            "std": 0.0
        },
        "cross_entropy_loss": {
            "mean": 0.9781131148338318,
            "std": 0.0
        }
    },
    "test": {
        "f1_weighted": {
            "mean": 0.6181389387261869,
            "std": 0.0
        },
        "f1_micro": {
            "mean": 0.623921085080148,
            "std": 0.0
        },
        "f1_macro": {
            "mean": 0.59398474972502,
            "std": 0.0
        },
        "cross_entropy_loss": {
            "mean": 0.9282649755477905,
            "std": 0.0
        }
    }
}