{
    "train": {
        "f1_weighted": 0.7211318170691866,
        "f1_micro": 0.7356091700870958,
        "f1_macro": 0.5544390353497239
    },
    "val": {
        "f1_weighted": 0.6425109581457528,
        "f1_micro": 0.6654643823264202,
        "f1_macro": 0.488993876512311
    },
    "test": {
        "f1_weighted": 0.6600979397778676,
        "f1_micro": 0.6808429118773947,
        "f1_macro": 0.477202754511938
    }
}