{
    "train": {
        "f1_weighted": 0.7241876723292117,
        "f1_micro": 0.725826705734617,
        "f1_macro": 0.7124845770156272
    },
    "val": {
        "f1_weighted": 0.5700200281758371,
        "f1_micro": 0.5612244897959183,
        "f1_macro": 0.5364910510488433
    },
    "test": {
        "f1_weighted": 0.5499279838812643,
        "f1_micro": 0.5567200986436498,
        "f1_macro": 0.5184493368893591
    }
}