{
    "train": {
        "f1_weighted": 0.7776264891692801,
        "f1_micro": 0.7785684386772708,
        "f1_macro": 0.7684775170619642
    },
    "val": {
        "f1_weighted": 0.5600046519924793,
        "f1_micro": 0.5540816326530612,
        "f1_macro": 0.536748636758797
    },
    "test": {
        "f1_weighted": 0.541962341732102,
        "f1_micro": 0.5456226880394575,
        "f1_macro": 0.5200995052910728
    }
}