{
    "train": {
        "f1_weighted": 0.6503078830739879,
        "f1_micro": 0.6594809543742152,
        "f1_macro": 0.6648173300674308
    },
    "val": {
        "f1_weighted": 0.5767335635154536,
        "f1_micro": 0.576530612244898,
        "f1_macro": 0.5485516016919542
    },
    "test": {
        "f1_weighted": 0.6064688233893587,
        "f1_micro": 0.6066584463625154,
        "f1_macro": 0.5838092963001371
    }
}