{
    "train": {
        "f1_weighted": 0.6797174420096285,
        "f1_micro": 0.6833403097530347,
        "f1_macro": 0.6923506363670354
    },
    "val": {
        "f1_weighted": 0.5821277320121427,
        "f1_micro": 0.5785714285714286,
        "f1_macro": 0.5729035679615789
    },
    "test": {
        "f1_weighted": 0.6315377161927883,
        "f1_micro": 0.6307028360049322,
        "f1_macro": 0.6173653269839225
    }
}