{
    "train": {
        "f1_weighted": 0.7621006587397057,
        "f1_micro": 0.764336542486396,
        "f1_macro": 0.7700041315367149
    },
    "val": {
        "f1_weighted": 0.6382072156909449,
        "f1_micro": 0.6438775510204081,
        "f1_macro": 0.614649117351183
    },
    "test": {
        "f1_weighted": 0.6478091921830723,
        "f1_micro": 0.6516646115906288,
        "f1_macro": 0.6360008549249929
    }
}