{
    "train": {
        "f1_weighted": {
            "mean": 0.7738877381485896,
            "std": 0.0
        },
        "f1_micro": {
            "mean": 0.7745918794474675,
            "std": 0.0
        },
        "f1_macro": {
            "mean": 0.7754800635884713,
            "std": 0.0
        },
        "cross_entropy_loss": {
            "mean": 0.6270291805267334,
            "std": 0.0
        }
    },
    "val": {
        "f1_weighted": {
            "mean": 0.59739205171572,
            "std": 0.0
        },
        "f1_micro": {
            "mean": 0.5948979591836735,
            "std": 0.0
        },
        "f1_macro": {
            "mean": 0.5775484539331205,
            "std": 0.0
        },
        "cross_entropy_loss": {
            "mean": 1.0436460971832275,
            "std": 0.0
        }
    },
    "test": {
        "f1_weighted": {
            "mean": 0.5753236784611238,
            "std": 0.0
        },
        "f1_micro": {
            "mean": 0.5782983970406905,
            "std": 0.0
        },
        "f1_macro": {
            "mean": 0.5534733250564343,
            "std": 0.0
        },
        "cross_entropy_loss": {
            "mean": 1.073610544204712,
            "std": 0.0
        }
    }
}