{
    "train": {
        "f1_weighted": 0.7029596612404075,
        "f1_micro": 0.7080368354960235,
        "f1_macro": 0.7079460333813911,
        "cross_entropy_loss": 0.7580735683441162
    },
    "val": {
        "f1_weighted": 0.5572912277787385,
        "f1_micro": 0.5561224489795918,
        "f1_macro": 0.5409509144716259,
        "cross_entropy_loss": 1.0957634449005127
    },
    "test": {
        "f1_weighted": 0.5829036148016117,
        "f1_micro": 0.5869297163995068,
        "f1_macro": 0.5626937239501458,
        "cross_entropy_loss": 1.0916416645050049
    }
}