{
    "train": {
        "f1_weighted": {
            "mean": 0.9266855136458562,
            "std": 0.015301866035189604
        },
        "f1_micro": {
            "mean": 0.9305117455247223,
            "std": 0.012784582720062297
        },
        "f1_macro": {
            "mean": 0.6887729085888132,
            "std": 0.08145665531633967
        },
        "cross_entropy_loss": {
            "mean": 0.22216255366802215,
            "std": 0.033876175190758376
        }
    },
    "val": {
        "f1_weighted": {
            "mean": 0.9015117969523473,
            "std": 0.007409448250461054
        },
        "f1_micro": {
            "mean": 0.9042663891779397,
            "std": 0.006515078394380218
        },
        "f1_macro": {
            "mean": 0.5951135881697623,
            "std": 0.03760245776987935
        },
        "cross_entropy_loss": {
            "mean": 0.3128340125083923,
            "std": 0.009822318648818653
        }
    },
    "test": {
        "f1_weighted": {
            "mean": 0.8628030254881935,
            "std": 0.013176576372607053
        },
        "f1_micro": {
            "mean": 0.8687808315715293,
            "std": 0.010588662421983362
        },
        "f1_macro": {
            "mean": 0.5980767403110301,
            "std": 0.06414442177556882
        },
        "cross_entropy_loss": {
            "mean": 0.3874076187610626,
            "std": 0.022821597812670735
        }
    }
}