{
    "train": {
        "f1_weighted": 0.833248371890312,
        "f1_micro": 0.8364200620682751,
        "f1_macro": 0.7326092037199595
    },
    "val": {
        "f1_weighted": 0.6447807721364314,
        "f1_micro": 0.6582506762849414,
        "f1_macro": 0.49627690394720847
    },
    "test": {
        "f1_weighted": 0.6582579678432358,
        "f1_micro": 0.6693486590038314,
        "f1_macro": 0.4948247859857404
    }
}