{
    "train": {
        "f1_weighted": 0.7318337678346738,
        "f1_micro": 0.7485233757132845,
        "f1_macro": 0.5604651381868743
    },
    "val": {
        "f1_weighted": 0.6186860365131369,
        "f1_micro": 0.6474301172227231,
        "f1_macro": 0.44691849405285566
    },
    "test": {
        "f1_weighted": 0.6613441208156371,
        "f1_micro": 0.6835249042145594,
        "f1_macro": 0.467087166299331
    }
}