{
    "train": {
        "f1_weighted": {
            "mean": 0.7681053825173447,
            "std": 0.029114976987186257
        },
        "f1_micro": {
            "mean": 0.7751726899589548,
            "std": 0.025824251303039423
        },
        "f1_macro": {
            "mean": 0.626111453239993,
            "std": 0.05731598425828041
        }
    },
    "val": {
        "f1_weighted": {
            "mean": 0.6456229064077037,
            "std": 0.008892346943242427
        },
        "f1_micro": {
            "mean": 0.6591523895401263,
            "std": 0.00881652412016617
        },
        "f1_macro": {
            "mean": 0.4958136335545265,
            "std": 0.022881709087993043
        }
    },
    "test": {
        "f1_weighted": {
            "mean": 0.6599760153325273,
            "std": 0.0045239664189014395
        },
        "f1_micro": {
            "mean": 0.6708045977011495,
            "std": 0.007165468032221305
        },
        "f1_macro": {
            "mean": 0.48132784713480825,
            "std": 0.01749457858612855
        }
    }
}