{
    "train": {
        "f1_weighted": {
            "mean": 0.7648780838387921,
            "std": 0.040916276302499895
        },
        "f1_micro": {
            "mean": 0.773731104214636,
            "std": 0.035922011338508635
        },
        "f1_macro": {
            "mean": 0.6250425533539536,
            "std": 0.06888141732090024
        }
    },
    "val": {
        "f1_weighted": {
            "mean": 0.6413823387918789,
            "std": 0.012753686822477956
        },
        "f1_micro": {
            "mean": 0.6587917042380523,
            "std": 0.006640920699557096
        },
        "f1_macro": {
            "mean": 0.4910797027080595,
            "std": 0.027416123433946
        }
    },
    "test": {
        "f1_weighted": {
            "mean": 0.6611468966237275,
            "std": 0.003790008954619983
        },
        "f1_micro": {
            "mean": 0.6749425287356322,
            "std": 0.008517819605572548
        },
        "f1_macro": {
            "mean": 0.48558581000270556,
            "std": 0.011565118264133666
        }
    }
}