{
    "train": {
        "f1_weighted": 0.8186512841543119,
        "f1_micro": 0.8191712013394726,
        "f1_macro": 0.8204777572718979,
        "cross_entropy_loss": 0.47962698340415955
    },
    "val": {
        "f1_weighted": 0.6579181095890918,
        "f1_micro": 0.6561224489795918,
        "f1_macro": 0.6383344141216759,
        "cross_entropy_loss": 0.8687750697135925
    },
    "test": {
        "f1_weighted": 0.6804965356372259,
        "f1_micro": 0.6800246609124537,
        "f1_macro": 0.6657413435558067,
        "cross_entropy_loss": 0.8038169145584106
    }
}