{
    "train": {
        "f1_weighted": 0.7138463893034076,
        "f1_micro": 0.7178735872750105,
        "f1_macro": 0.6968739304588208,
        "cross_entropy_loss": 0.7769172191619873
    },
    "val": {
        "f1_weighted": 0.5506317621859451,
        "f1_micro": 0.5438775510204081,
        "f1_macro": 0.5249963772803127,
        "cross_entropy_loss": 1.2502264976501465
    },
    "test": {
        "f1_weighted": 0.5237953126587116,
        "f1_micro": 0.531442663378545,
        "f1_macro": 0.4974990972510578,
        "cross_entropy_loss": 1.2685649394989014
    }
}