{
    "train": {
        "f1_weighted": 0.7599468513478057,
        "f1_micro": 0.7697467213935327,
        "f1_macro": 0.6223234180012681
    },
    "val": {
        "f1_weighted": 0.6406060916508015,
        "f1_micro": 0.6600541027953111,
        "f1_macro": 0.48724355191464996
    },
    "test": {
        "f1_weighted": 0.6477574321898077,
        "f1_micro": 0.6639846743295019,
        "f1_macro": 0.455924602092076
    }
}