{
    "train": {
        "f1_weighted": 0.7374101733566744,
        "f1_micro": 0.7514265692261489,
        "f1_macro": 0.5425673204140528,
        "cross_entropy_loss": 0.817344605922699
    },
    "val": {
        "f1_weighted": 0.6175104498539685,
        "f1_micro": 0.6420198376916141,
        "f1_macro": 0.4394121537379362,
        "cross_entropy_loss": 1.1107234954833984
    },
    "test": {
        "f1_weighted": 0.645104956898316,
        "f1_micro": 0.6620689655172414,
        "f1_macro": 0.4433678844936157,
        "cross_entropy_loss": 1.0512710809707642
    }
}