{
    "train": {
        "f1_weighted": {
            "mean": 0.7305579505077577,
            "std": 0.03404484103766629
        },
        "f1_micro": {
            "mean": 0.7459805786365001,
            "std": 0.029550676419087617
        },
        "f1_macro": {
            "mean": 0.5326826684227661,
            "std": 0.05555062094868867
        },
        "cross_entropy_loss": {
            "mean": 0.8250124216079712,
            "std": 0.06627775294879903
        }
    },
    "val": {
        "f1_weighted": {
            "mean": 0.6122241571492214,
            "std": 0.005045712035707583
        },
        "f1_micro": {
            "mean": 0.636970243462579,
            "std": 0.0034501580648708986
        },
        "f1_macro": {
            "mean": 0.4339498059715428,
            "std": 0.02140254288945967
        },
        "cross_entropy_loss": {
            "mean": 1.1087989807128906,
            "std": 0.02038193053084635
        }
    },
    "test": {
        "f1_weighted": {
            "mean": 0.6421057814125438,
            "std": 0.004824557440419957
        },
        "f1_micro": {
            "mean": 0.6595402298850574,
            "std": 0.003941707632064878
        },
        "f1_macro": {
            "mean": 0.4339359011849487,
            "std": 0.01798495241694099
        },
        "cross_entropy_loss": {
            "mean": 1.0501351594924926,
            "std": 0.01816958905838675
        }
    }
}