{
    "train": {
        "f1_weighted": 0.6631903162561132,
        "f1_micro": 0.6749686061113437,
        "f1_macro": 0.676334164671797
    },
    "val": {
        "f1_weighted": 0.5936618709922745,
        "f1_micro": 0.6061224489795919,
        "f1_macro": 0.5798851518679309
    },
    "test": {
        "f1_weighted": 0.6176201902207091,
        "f1_micro": 0.6233045622688039,
        "f1_macro": 0.5971134565106596
    }
}