{
    "train": {
        "f1_weighted": 0.7731294145471412,
        "f1_micro": 0.7741732942653832,
        "f1_macro": 0.781531853044591
    },
    "val": {
        "f1_weighted": 0.6305508937307159,
        "f1_micro": 0.6244897959183674,
        "f1_macro": 0.6238975973956503
    },
    "test": {
        "f1_weighted": 0.6521833096651105,
        "f1_micro": 0.6535141800246609,
        "f1_macro": 0.6322615504960475
    }
}