{
    "train": {
        "f1_weighted": 0.7519569228150049,
        "f1_micro": 0.7553369610715782,
        "f1_macro": 0.7536487189456773
    },
    "val": {
        "f1_weighted": 0.6050145170765806,
        "f1_micro": 0.6040816326530613,
        "f1_macro": 0.5833858665593961
    },
    "test": {
        "f1_weighted": 0.6190850868689287,
        "f1_micro": 0.6226880394574599,
        "f1_macro": 0.5985423997329383
    }
}