{
    "train": {
        "f1_weighted": 0.7580085029955428,
        "f1_micro": 0.7616157388028464,
        "f1_macro": 0.7535095840655678
    },
    "val": {
        "f1_weighted": 0.5947114175556237,
        "f1_micro": 0.5908163265306122,
        "f1_macro": 0.5859349182598551
    },
    "test": {
        "f1_weighted": 0.633015815703973,
        "f1_micro": 0.6374845869297164,
        "f1_macro": 0.6089734018934708
    }
}