{
    "train": {
        "f1_weighted": 0.8281245738660027,
        "f1_micro": 0.8302637086647132,
        "f1_macro": 0.8256370584922467
    },
    "val": {
        "f1_weighted": 0.594489757102197,
        "f1_micro": 0.5897959183673469,
        "f1_macro": 0.5816975124132039
    },
    "test": {
        "f1_weighted": 0.6456803640594709,
        "f1_micro": 0.6498150431565968,
        "f1_macro": 0.6236795988899064
    }
}