{
    "train": {
        "f1_weighted": {
            "mean": 0.7445164185047756,
            "std": 0.06267890774335734
        },
        "f1_micro": {
            "mean": 0.7488488907492675,
            "std": 0.060049396313613
        },
        "f1_macro": {
            "mean": 0.7442146248529413,
            "std": 0.06292792568188652
        }
    },
    "val": {
        "f1_weighted": {
            "mean": 0.5943406956402102,
            "std": 0.007734787379611467
        },
        "f1_micro": {
            "mean": 0.5926530612244898,
            "std": 0.006750136901445413
        },
        "f1_macro": {
            "mean": 0.575926326380206,
            "std": 0.014982385672596604
        }
    },
    "test": {
        "f1_weighted": {
            "mean": 0.6196647556705833,
            "std": 0.021243229390028047
        },
        "f1_micro": {
            "mean": 0.6241676942046855,
            "std": 0.019533559899692077
        },
        "f1_macro": {
            "mean": 0.5966906004843511,
            "std": 0.02495775323156016
        }
    }
}