{
    "train": {
        "f1_weighted": 0.4594355319781197,
        "f1_micro": 0.5118783974229918,
        "f1_macro": 0.36740046997527853,
        "cross_entropy_loss": 1.3709410429000854
    },
    "val": {
        "f1_weighted": 0.38626396695542325,
        "f1_micro": 0.44047619047619047,
        "f1_macro": 0.314420782264513,
        "cross_entropy_loss": 1.5729061365127563
    },
    "test": {
        "f1_weighted": 0.33783993361676445,
        "f1_micro": 0.4006024096385542,
        "f1_macro": 0.27337747894015313,
        "cross_entropy_loss": 1.6189959049224854
    }
}