{
    "train": {
        "f1_weighted": 0.48140744080936637,
        "f1_micro": 0.5292933360177169,
        "f1_macro": 0.401294003987609,
        "cross_entropy_loss": 1.3554582595825195
    },
    "val": {
        "f1_weighted": 0.3705690068070715,
        "f1_micro": 0.42782738095238093,
        "f1_macro": 0.2958437199104131,
        "cross_entropy_loss": 1.5712296962738037
    },
    "test": {
        "f1_weighted": 0.3416807688558477,
        "f1_micro": 0.41039156626506024,
        "f1_macro": 0.27734807447958315,
        "cross_entropy_loss": 1.6023368835449219
    }
}