{
    "train": {
        "f1_weighted": 0.8991308819296396,
        "f1_micro": 0.8979877865652217,
        "f1_macro": 0.8299732724024483
    },
    "val": {
        "f1_weighted": 0.655296153068453,
        "f1_micro": 0.6564472497745717,
        "f1_macro": 0.5413046312392551
    },
    "test": {
        "f1_weighted": 0.6481624603251369,
        "f1_micro": 0.6486590038314176,
        "f1_macro": 0.5085962666706156
    }
}