{
    "train": {
        "f1_weighted": 0.4396935472078125,
        "f1_micro": 0.4998993356150594,
        "f1_macro": 0.3612072383339808
    },
    "val": {
        "f1_weighted": 0.3458543878832764,
        "f1_micro": 0.41517857142857145,
        "f1_macro": 0.2701620451870347
    },
    "test": {
        "f1_weighted": 0.3187044214395009,
        "f1_micro": 0.3938253012048193,
        "f1_macro": 0.25912241823008747
    }
}