{
    "train": {
        "f1_weighted": 0.45578854953926584,
        "f1_micro": 0.5015099657741091,
        "f1_macro": 0.37493680460773493
    },
    "val": {
        "f1_weighted": 0.37277461487373204,
        "f1_micro": 0.41964285714285715,
        "f1_macro": 0.3040434466540067
    },
    "test": {
        "f1_weighted": 0.3627722295348555,
        "f1_micro": 0.4194277108433735,
        "f1_macro": 0.30792494761201444
    }
}