{
    "train": {
        "f1_weighted": 0.9613824936867473,
        "f1_micro": 0.961735542689825,
        "f1_macro": 0.8640302873736786,
        "cross_entropy_loss": 0.1279587298631668
    },
    "val": {
        "f1_weighted": 0.9069023838920498,
        "f1_micro": 0.9063475546305931,
        "f1_macro": 0.6201651796008513,
        "cross_entropy_loss": 0.29569146037101746
    },
    "test": {
        "f1_weighted": 0.8898915797039427,
        "f1_micro": 0.8907681465821001,
        "f1_macro": 0.7144427298048401,
        "cross_entropy_loss": 0.3403373658657074
    }
}