{
    "train": {
        "f1_weighted": {
            "mean": 0.9459623765839151,
            "std": 0.016939827715066944
        },
        "f1_micro": {
            "mean": 0.9480801224462635,
            "std": 0.014585607146857624
        },
        "f1_macro": {
            "mean": 0.7924849610026429,
            "std": 0.0900617921658556
        },
        "cross_entropy_loss": {
            "mean": 0.17050397992134095,
            "std": 0.043043234981012944
        }
    },
    "val": {
        "f1_weighted": {
            "mean": 0.9086279692380421,
            "std": 0.002649419058749258
        },
        "f1_micro": {
            "mean": 0.9109261186264309,
            "std": 0.003128677706217055
        },
        "f1_macro": {
            "mean": 0.6142517545174083,
            "std": 0.028967739223323515
        },
        "cross_entropy_loss": {
            "mean": 0.285854697227478,
            "std": 0.005954863944579507
        }
    },
    "test": {
        "f1_weighted": {
            "mean": 0.8835741594471541,
            "std": 0.010566057520041363
        },
        "f1_micro": {
            "mean": 0.8869626497533474,
            "std": 0.007263762495687179
        },
        "f1_macro": {
            "mean": 0.6885057382411249,
            "std": 0.06553818027475272
        },
        "cross_entropy_loss": {
            "mean": 0.34763671159744264,
            "std": 0.012070243568423034
        }
    }
}