{
    "train": {
        "f1_weighted": 0.4819172273570051,
        "f1_micro": 0.5214415139923495,
        "f1_macro": 0.4096111969988372
    },
    "val": {
        "f1_weighted": 0.3866725767907622,
        "f1_micro": 0.43526785714285715,
        "f1_macro": 0.3135819687008989
    },
    "test": {
        "f1_weighted": 0.3465814475917508,
        "f1_micro": 0.4096385542168675,
        "f1_macro": 0.28358898663828735
    }
}