{
    "train": {
        "f1_weighted": 0.5088525036195216,
        "f1_micro": 0.5435876786792833,
        "f1_macro": 0.43956855288039887
    },
    "val": {
        "f1_weighted": 0.3955636095401582,
        "f1_micro": 0.4367559523809524,
        "f1_macro": 0.31992952295749827
    },
    "test": {
        "f1_weighted": 0.36415128552546633,
        "f1_micro": 0.42018072289156627,
        "f1_macro": 0.30504170915339346
    }
}