{
    "train": {
        "f1_weighted": 0.7549119091210591,
        "accuracy": 0.7691460606667334
    },
    "val": {
        "f1_weighted": 0.604440217927053,
        "accuracy": 0.6311992786293958
    },
    "test": {
        "f1_weighted": 0.6420968907861192,
        "accuracy": 0.660536398467433
    }
}