{
    "train": {
        "f1_weighted": 0.7538077321773813,
        "accuracy": 0.7664430873961358
    },
    "val": {
        "f1_weighted": 0.599916309981165,
        "accuracy": 0.6221821460775473
    },
    "test": {
        "f1_weighted": 0.6392557137358785,
        "accuracy": 0.6513409961685823
    }
}