{
    "train": {
        "f1_weighted": 0.6807451795611525,
        "f1_micro": 0.6843867727082461,
        "f1_macro": 0.6738947831270075
    },
    "val": {
        "f1_weighted": 0.5294198665122662,
        "f1_micro": 0.523469387755102,
        "f1_macro": 0.5103397270249171
    },
    "test": {
        "f1_weighted": 0.5150284911905393,
        "f1_micro": 0.5166461159062885,
        "f1_macro": 0.4919946417706207
    }
}