{
    "train": {
        "f1_weighted": 0.7688198597734753,
        "f1_micro": 0.7763539893883271,
        "f1_macro": 0.6448698256322319
    },
    "val": {
        "f1_weighted": 0.6513606809073212,
        "f1_micro": 0.6663660955816051,
        "f1_macro": 0.531303716655284
    },
    "test": {
        "f1_weighted": 0.667410930971836,
        "f1_micro": 0.6808429118773947,
        "f1_macro": 0.5047828514804603
    }
}