{
    "train": {
        "f1_weighted": 0.7545910893881702,
        "f1_micro": 0.7585343878266092,
        "f1_macro": 0.6272630974672861
    },
    "val": {
        "f1_weighted": 0.6296000686811369,
        "f1_micro": 0.6429215509467989,
        "f1_macro": 0.4949996541132916
    },
    "test": {
        "f1_weighted": 0.6538832528235453,
        "f1_micro": 0.6601532567049808,
        "f1_macro": 0.4844738589827892
    }
}