{
    "train": {
        "f1_weighted": 0.7540497058062648,
        "f1_micro": 0.7617379117028732,
        "f1_macro": 0.6073380660655844
    },
    "val": {
        "f1_weighted": 0.6428712080515293,
        "f1_micro": 0.6582506762849414,
        "f1_macro": 0.5177347760442148
    },
    "test": {
        "f1_weighted": 0.6467175020643833,
        "f1_micro": 0.6574712643678161,
        "f1_macro": 0.46719653022771596
    }
}