{
    "train": {
        "f1_weighted": {
            "mean": 0.7564634613733161,
            "std": 0.008160397221297203
        },
        "f1_micro": {
            "mean": 0.7617379117028731,
            "std": 0.009577771303865371
        },
        "f1_macro": {
            "mean": 0.6172820521026512,
            "std": 0.01878137845817795
        }
    },
    "val": {
        "f1_weighted": {
            "mean": 0.6389243366319521,
            "std": 0.0075121831426851636
        },
        "f1_micro": {
            "mean": 0.6510369702434626,
            "std": 0.009576857022435901
        },
        "f1_macro": {
            "mean": 0.5039280596984459,
            "std": 0.0175768220138386
        }
    },
    "test": {
        "f1_weighted": {
            "mean": 0.6521854130507532,
            "std": 0.008262062194855325
        },
        "f1_micro": {
            "mean": 0.6597701149425287,
            "std": 0.011563012726399343
        },
        "f1_macro": {
            "mean": 0.4790015409341598,
            "std": 0.014512576390460243
        }
    }
}