{
    "train": {
        "f1_weighted": 0.7148937596302589,
        "f1_micro": 0.7185014650481373,
        "f1_macro": 0.714679595631872,
        "cross_entropy_loss": 0.7286620736122131
    },
    "val": {
        "f1_weighted": 0.5628618287596244,
        "f1_micro": 0.5612244897959183,
        "f1_macro": 0.53986702719033,
        "cross_entropy_loss": 1.105043888092041
    },
    "test": {
        "f1_weighted": 0.5526445005502858,
        "f1_micro": 0.5591861898890259,
        "f1_macro": 0.5273831124449808,
        "cross_entropy_loss": 1.19269859790802
    }
}