{
    "train": {
        "f1_weighted": 0.6729796282171772,
        "f1_micro": 0.6781079949769778,
        "f1_macro": 0.6805638522083903,
        "cross_entropy_loss": 0.8313086628913879
    },
    "val": {
        "f1_weighted": 0.5808506516448354,
        "f1_micro": 0.5806122448979592,
        "f1_macro": 0.5469460630661337,
        "cross_entropy_loss": 1.105191707611084
    },
    "test": {
        "f1_weighted": 0.5420287146171833,
        "f1_micro": 0.5450061652281134,
        "f1_macro": 0.5195957859168209,
        "cross_entropy_loss": 1.1881259679794312
    }
}