{
    "train": {
        "f1_weighted": 0.7285681065223232,
        "f1_micro": 0.732733361239012,
        "f1_macro": 0.7230758059649274,
        "cross_entropy_loss": 0.6998870968818665
    },
    "val": {
        "f1_weighted": 0.5542201031351747,
        "f1_micro": 0.5469387755102041,
        "f1_macro": 0.5353205997122313,
        "cross_entropy_loss": 1.1470515727996826
    },
    "test": {
        "f1_weighted": 0.5600858370084479,
        "f1_micro": 0.5672009864364982,
        "f1_macro": 0.5288029426030124,
        "cross_entropy_loss": 1.1381641626358032
    }
}