{
    "train": {
        "f1_weighted": 0.8876066931265155,
        "f1_micro": 0.8883772149364301,
        "f1_macro": 0.8221422792715519
    },
    "val": {
        "f1_weighted": 0.6328950484003852,
        "f1_micro": 0.6402164111812444,
        "f1_macro": 0.5331119672062153
    },
    "test": {
        "f1_weighted": 0.6361826127638041,
        "f1_micro": 0.6398467432950191,
        "f1_macro": 0.4811870614650031
    }
}