{
    "train": {
        "f1_weighted": 0.8588554088132312,
        "f1_micro": 0.860746821503654,
        "f1_macro": 0.7808468457940199
    },
    "val": {
        "f1_weighted": 0.625263738306618,
        "f1_micro": 0.6366095581605049,
        "f1_macro": 0.4997238677030674
    },
    "test": {
        "f1_weighted": 0.6353991378148046,
        "f1_micro": 0.6409961685823755,
        "f1_macro": 0.4858393767061851
    }
}