{
    "train": {
        "f1_weighted": 0.8949955025527399,
        "f1_micro": 0.8958854740214236,
        "f1_macro": 0.8381450954847172
    },
    "val": {
        "f1_weighted": 0.6352042682716554,
        "f1_micro": 0.6447249774571686,
        "f1_macro": 0.5206179885515911
    },
    "test": {
        "f1_weighted": 0.6368742972734578,
        "f1_micro": 0.6425287356321839,
        "f1_macro": 0.49207989093484017
    }
}