{
    "train": {
        "f1_weighted": 0.80544546938351,
        "f1_micro": 0.8080888977875662,
        "f1_macro": 0.6981628800347041
    },
    "val": {
        "f1_weighted": 0.6352716831308917,
        "f1_micro": 0.6447249774571686,
        "f1_macro": 0.5247679949233123
    },
    "test": {
        "f1_weighted": 0.6401133479060698,
        "f1_micro": 0.6444444444444445,
        "f1_macro": 0.4765844366035652
    }
}