{
    "train": {
        "f1_weighted": {
            "mean": 0.8689315443550651,
            "std": 0.03461465764453146
        },
        "f1_micro": {
            "mean": 0.8702572830113123,
            "std": 0.03382489745325671
        },
        "f1_macro": {
            "mean": 0.7955752169810937,
            "std": 0.053053587375632205
        }
    },
    "val": {
        "f1_weighted": {
            "mean": 0.6327611832949074,
            "std": 0.003855099248703876
        },
        "f1_micro": {
            "mean": 0.6412984670874662,
            "std": 0.0030922323173097014
        },
        "f1_macro": {
            "mean": 0.5223459572116198,
            "std": 0.012337816053612791
        }
    },
    "test": {
        "f1_weighted": {
            "mean": 0.6361363525022509,
            "std": 0.002572902708761346
        },
        "f1_micro": {
            "mean": 0.6405363984674329,
            "std": 0.0032275003354257288
        },
        "f1_macro": {
            "mean": 0.4843771708762056,
            "std": 0.005209189434078064
        }
    }
}