{
    "train": {
        "f1_weighted": {
            "mean": 0.6726442316172386,
            "std": 0.039774526190283474
        },
        "f1_micro": {
            "mean": 0.6772708246128087,
            "std": 0.03955530306304894
        },
        "f1_macro": {
            "mean": 0.6821003546920924,
            "std": 0.03631367758786686
        },
        "cross_entropy_loss": {
            "mean": 0.7957646608352661,
            "std": 0.08047438984726307
        }
    },
    "val": {
        "f1_weighted": {
            "mean": 0.593528160562078,
            "std": 0.011530249217722556
        },
        "f1_micro": {
            "mean": 0.5920408163265305,
            "std": 0.010394148227140297
        },
        "f1_macro": {
            "mean": 0.5709446245342417,
            "std": 0.015007809524650933
        },
        "cross_entropy_loss": {
            "mean": 1.0090712070465089,
            "std": 0.0052814267284162645
        }
    },
    "test": {
        "f1_weighted": {
            "mean": 0.5840364563868881,
            "std": 0.024247851776371114
        },
        "f1_micro": {
            "mean": 0.5855733662145499,
            "std": 0.024445421014148004
        },
        "f1_macro": {
            "mean": 0.5664567287383638,
            "std": 0.02373070248032584
        },
        "cross_entropy_loss": {
            "mean": 1.0190341114997863,
            "std": 0.03013424085630787
        }
    }
}