{
    "train": {
        "f1_weighted": 0.8161623009397514,
        "f1_micro": 0.8154039347007116,
        "f1_macro": 0.8156603160129058
    },
    "val": {
        "f1_weighted": 0.6702325545425991,
        "f1_micro": 0.6642857142857143,
        "f1_macro": 0.6486380162142422
    },
    "test": {
        "f1_weighted": 0.6946496294125584,
        "f1_micro": 0.6911220715166461,
        "f1_macro": 0.6776033119211954
    }
}