{
    "train": {
        "f1_weighted": 0.8167146280623052,
        "f1_micro": 0.8168689828380076,
        "f1_macro": 0.8191832155730193
    },
    "val": {
        "f1_weighted": 0.6454845030046331,
        "f1_micro": 0.6459183673469387,
        "f1_macro": 0.628656417920434
    },
    "test": {
        "f1_weighted": 0.6607005058247977,
        "f1_micro": 0.6609124537607891,
        "f1_macro": 0.6538544446944539
    }
}