{
    "train": {
        "f1_weighted": 0.7949939507634559,
        "f1_micro": 0.7934282126412725,
        "f1_macro": 0.7946885343394937,
        "cross_entropy_loss": 0.5374401211738586
    },
    "val": {
        "f1_weighted": 0.6701020704894921,
        "f1_micro": 0.6653061224489796,
        "f1_macro": 0.6458033994591198,
        "cross_entropy_loss": 0.8497717976570129
    },
    "test": {
        "f1_weighted": 0.669741705692146,
        "f1_micro": 0.6664611590628853,
        "f1_macro": 0.6594730927690059,
        "cross_entropy_loss": 0.8592222332954407
    }
}