{
    "train": {
        "f1_weighted": 0.6598893852446279,
        "f1_micro": 0.6732942653830054,
        "f1_macro": 0.6730914735418142,
        "cross_entropy_loss": 0.8750184774398804
    },
    "val": {
        "f1_weighted": 0.6016408312937023,
        "f1_micro": 0.6173469387755102,
        "f1_macro": 0.5853297337053079,
        "cross_entropy_loss": 0.9695507884025574
    },
    "test": {
        "f1_weighted": 0.6409235348899104,
        "f1_micro": 0.6473489519112207,
        "f1_macro": 0.6346533883262162,
        "cross_entropy_loss": 0.9180378317832947
    }
}