{
    "train": {
        "f1_weighted": 0.79428683171256,
        "f1_micro": 0.7951025533696107,
        "f1_macro": 0.7962479254782933,
        "cross_entropy_loss": 0.5310876369476318
    },
    "val": {
        "f1_weighted": 0.6416722747161019,
        "f1_micro": 0.6357142857142857,
        "f1_macro": 0.6330697083445196,
        "cross_entropy_loss": 0.9221624732017517
    },
    "test": {
        "f1_weighted": 0.6535771629596825,
        "f1_micro": 0.6522811344019729,
        "f1_macro": 0.6374213806327592,
        "cross_entropy_loss": 0.884554922580719
    }
}