{
    "train": {
        "f1_weighted": 0.7256131605127009,
        "f1_micro": 0.7385123635999599,
        "f1_macro": 0.5552867949175203
    },
    "val": {
        "f1_weighted": 0.6261154760349839,
        "f1_micro": 0.6456266907123535,
        "f1_macro": 0.47404850578787466
    },
    "test": {
        "f1_weighted": 0.6567945841976774,
        "f1_micro": 0.671647509578544,
        "f1_macro": 0.47314956251028295
    }
}