{
    "train": {
        "f1_weighted": 0.7905586818129705,
        "f1_micro": 0.7998798678546402,
        "f1_macro": 0.6378516922743771
    },
    "val": {
        "f1_weighted": 0.6430805966573934,
        "f1_micro": 0.6591523895401262,
        "f1_macro": 0.4858865054345869
    },
    "test": {
        "f1_weighted": 0.6546508494643852,
        "f1_micro": 0.6689655172413793,
        "f1_macro": 0.4744053093049067
    }
}