{
    "train": {
        "f1_weighted": 0.8454064059200678,
        "f1_micro": 0.8462308539393333,
        "f1_macro": 0.7467595883702758
    },
    "val": {
        "f1_weighted": 0.6389909025754469,
        "f1_micro": 0.6447249774571686,
        "f1_macro": 0.5067825029393468
    },
    "test": {
        "f1_weighted": 0.6547357475021197,
        "f1_micro": 0.6567049808429118,
        "f1_macro": 0.4944283448083563
    }
}