{
    "train": {
        "f1_weighted": 0.5748764667313637,
        "f1_micro": 0.6051942822629354,
        "f1_macro": 0.5120167377604157,
        "cross_entropy_loss": 1.1455663442611694
    },
    "val": {
        "f1_weighted": 0.39155415139129607,
        "f1_micro": 0.4360119047619048,
        "f1_macro": 0.32731795802307684,
        "cross_entropy_loss": 1.6074295043945312
    },
    "test": {
        "f1_weighted": 0.3466009999486984,
        "f1_micro": 0.39759036144578314,
        "f1_macro": 0.28760090421218315,
        "cross_entropy_loss": 1.6757904291152954
    }
}