{
    "train": {
        "f1_weighted": 0.49446462016656345,
        "f1_micro": 0.535433863499094,
        "f1_macro": 0.41886536029390015,
        "cross_entropy_loss": 1.3411396741867065
    },
    "val": {
        "f1_weighted": 0.3776716901248133,
        "f1_micro": 0.4255952380952381,
        "f1_macro": 0.3102845220435366,
        "cross_entropy_loss": 1.5813696384429932
    },
    "test": {
        "f1_weighted": 0.3490404668088177,
        "f1_micro": 0.4088855421686746,
        "f1_macro": 0.289467116185874,
        "cross_entropy_loss": 1.590412974357605
    }
}