{
    "train": {
        "f1_weighted": 0.5597178212099698,
        "f1_micro": 0.5943225286893498,
        "f1_macro": 0.4823718382982122,
        "cross_entropy_loss": 1.187463402748108
    },
    "val": {
        "f1_weighted": 0.3990146596773687,
        "f1_micro": 0.43080357142857145,
        "f1_macro": 0.3292318355260095,
        "cross_entropy_loss": 1.5815457105636597
    },
    "test": {
        "f1_weighted": 0.37717139775272557,
        "f1_micro": 0.41867469879518066,
        "f1_macro": 0.33135923095830355,
        "cross_entropy_loss": 1.6009868383407593
    }
}