{
    "train": {
        "f1_weighted": 0.44364602414567045,
        "f1_micro": 0.4972820616066036,
        "f1_macro": 0.3504172917963114,
        "cross_entropy_loss": 1.4094094038009644
    },
    "val": {
        "f1_weighted": 0.3691625193209338,
        "f1_micro": 0.42336309523809523,
        "f1_macro": 0.29167621752191236,
        "cross_entropy_loss": 1.5737988948822021
    },
    "test": {
        "f1_weighted": 0.3440285616311438,
        "f1_micro": 0.40813253012048195,
        "f1_macro": 0.2797768095180328,
        "cross_entropy_loss": 1.6287815570831299
    }
}