{
    "train": {
        "f1_weighted": 0.6843439067856714,
        "f1_micro": 0.7042747021723896,
        "f1_macro": 0.45614397910236104,
        "cross_entropy_loss": 0.9294897317886353
    },
    "val": {
        "f1_weighted": 0.5859847407882801,
        "f1_micro": 0.6149684400360685,
        "f1_macro": 0.3945408442818627,
        "cross_entropy_loss": 1.1384872198104858
    },
    "test": {
        "f1_weighted": 0.6278632546108358,
        "f1_micro": 0.6467432950191571,
        "f1_macro": 0.40477969946563347,
        "cross_entropy_loss": 1.0663836002349854
    }
}