{
    "train": {
        "f1_weighted": 0.7029325111184015,
        "f1_micro": 0.7226949644609069,
        "f1_macro": 0.4849380960948668,
        "cross_entropy_loss": 0.8754063844680786
    },
    "val": {
        "f1_weighted": 0.5921079531969419,
        "f1_micro": 0.6194770063119928,
        "f1_macro": 0.4131943236048857,
        "cross_entropy_loss": 1.1477537155151367
    },
    "test": {
        "f1_weighted": 0.634003490135504,
        "f1_micro": 0.6528735632183909,
        "f1_macro": 0.4193340034306409,
        "cross_entropy_loss": 1.0764954090118408
    }
}