{
    "train": {
        "f1_weighted": 0.6935564047370932,
        "f1_micro": 0.7191911102212434,
        "f1_macro": 0.4639914188368233,
        "cross_entropy_loss": 0.8989759087562561
    },
    "val": {
        "f1_weighted": 0.5839249002765301,
        "f1_micro": 0.6230838593327321,
        "f1_macro": 0.3818051405924428,
        "cross_entropy_loss": 1.1356515884399414
    },
    "test": {
        "f1_weighted": 0.6254246458500201,
        "f1_micro": 0.6517241379310345,
        "f1_macro": 0.39871938742785623,
        "cross_entropy_loss": 1.0662580728530884
    }
}