{
    "train": {
        "f1_weighted": 0.6979653056279875,
        "f1_micro": 0.7172890179197117,
        "f1_macro": 0.47040854362313117,
        "cross_entropy_loss": 0.9030061960220337
    },
    "val": {
        "f1_weighted": 0.6147062828663659,
        "f1_micro": 0.6402164111812444,
        "f1_macro": 0.43137120454164807,
        "cross_entropy_loss": 1.0900527238845825
    },
    "test": {
        "f1_weighted": 0.6357042078333909,
        "f1_micro": 0.6547892720306513,
        "f1_macro": 0.4195944643943493,
        "cross_entropy_loss": 1.0401766300201416
    }
}