{
    "train": {
        "f1_weighted": {
            "mean": 0.706845151769719,
            "std": 0.015010792128514685
        },
        "f1_micro": {
            "mean": 0.7276404044448894,
            "std": 0.012738571359948169
        },
        "f1_macro": {
            "mean": 0.49303937544732596,
            "std": 0.028145591239791497
        },
        "cross_entropy_loss": {
            "mean": 0.8731548547744751,
            "std": 0.03298272848913166
        }
    },
    "val": {
        "f1_weighted": {
            "mean": 0.6011447440893698,
            "std": 0.011184919135777642
        },
        "f1_micro": {
            "mean": 0.630838593327322,
            "std": 0.005997579494433159
        },
        "f1_macro": {
            "mean": 0.4175856782411641,
            "std": 0.019015310403620436
        },
        "cross_entropy_loss": {
            "mean": 1.114623212814331,
            "std": 0.01988232438953172
        }
    },
    "test": {
        "f1_weighted": {
            "mean": 0.6328767944132567,
            "std": 0.005581175308383246
        },
        "f1_micro": {
            "mean": 0.6549425287356322,
            "std": 0.00441927076024406
        },
        "f1_macro": {
            "mean": 0.4188887218448289,
            "std": 0.012889976539086632
        },
        "cross_entropy_loss": {
            "mean": 1.0600544214248657,
            "std": 0.01780059686934241
        }
    }
}