{
    "train": {
        "f1_weighted": 0.7104677856655719,
        "f1_micro": 0.7164085391377145,
        "f1_macro": 0.7104996665703808
    },
    "val": {
        "f1_weighted": 0.5876584251221908,
        "f1_micro": 0.6,
        "f1_macro": 0.586352147169768
    },
    "test": {
        "f1_weighted": 0.6559050356868192,
        "f1_micro": 0.6658446362515413,
        "f1_macro": 0.6258248262524567
    }
}