{
    "train": {
        "f1_weighted": 0.6921211155294895,
        "f1_micro": 0.6971536207618251,
        "f1_macro": 0.7006703007461943
    },
    "val": {
        "f1_weighted": 0.6030438743901194,
        "f1_micro": 0.6010204081632653,
        "f1_macro": 0.5884319549513323
    },
    "test": {
        "f1_weighted": 0.6296340849759818,
        "f1_micro": 0.6350184956843403,
        "f1_macro": 0.6095898570570434
    }
}