{
    "train": {
        "f1_weighted": 0.7580326972489317,
        "f1_micro": 0.7632395635198719,
        "f1_macro": 0.6023519730620148
    },
    "val": {
        "f1_weighted": 0.6365966492906903,
        "f1_micro": 0.6465284039675383,
        "f1_macro": 0.48670177099297735
    },
    "test": {
        "f1_weighted": 0.6523611756290346,
        "f1_micro": 0.6582375478927203,
        "f1_macro": 0.47093571579208715
    }
}