{
    "train": {
        "f1_weighted": 0.7255939063334751,
        "f1_micro": 0.7289660946002512,
        "f1_macro": 0.7332320746136598,
        "cross_entropy_loss": 0.7034012079238892
    },
    "val": {
        "f1_weighted": 0.652023485983031,
        "f1_micro": 0.6530612244897959,
        "f1_macro": 0.6284296829671123,
        "cross_entropy_loss": 0.8906269669532776
    },
    "test": {
        "f1_weighted": 0.6697505656909882,
        "f1_micro": 0.6689272503082614,
        "f1_macro": 0.6496434278776312,
        "cross_entropy_loss": 0.8719592094421387
    }
}