{
    "train": {
        "f1_weighted": 0.7087166910979258,
        "f1_micro": 0.7126412724989536,
        "f1_macro": 0.716972637778771,
        "cross_entropy_loss": 0.7453703284263611
    },
    "val": {
        "f1_weighted": 0.6174873271933674,
        "f1_micro": 0.6244897959183674,
        "f1_macro": 0.5847215780368794,
        "cross_entropy_loss": 0.924728274345398
    },
    "test": {
        "f1_weighted": 0.630882326858308,
        "f1_micro": 0.6344019728729963,
        "f1_macro": 0.6110617090708163,
        "cross_entropy_loss": 0.9131765961647034
    }
}