{
    "train": {
        "f1_weighted": 0.763431406401555,
        "f1_micro": 0.7660108832147342,
        "f1_macro": 0.7682735585215753,
        "cross_entropy_loss": 0.6242930293083191
    },
    "val": {
        "f1_weighted": 0.6169099277481245,
        "f1_micro": 0.6153061224489796,
        "f1_macro": 0.6068320565799743,
        "cross_entropy_loss": 0.9591114521026611
    },
    "test": {
        "f1_weighted": 0.6736609554434516,
        "f1_micro": 0.6732429099876696,
        "f1_macro": 0.658531535070573,
        "cross_entropy_loss": 0.8449952602386475
    }
}