{
    "train": {
        "f1_weighted": 0.8977546478993287,
        "f1_micro": 0.8981880068074882,
        "f1_macro": 0.8385789843204755
    },
    "val": {
        "f1_weighted": 0.6351711783649866,
        "f1_micro": 0.6402164111812444,
        "f1_macro": 0.5335079676739128
    },
    "test": {
        "f1_weighted": 0.6321123667531181,
        "f1_micro": 0.6348659003831417,
        "f1_macro": 0.4861950886714341
    }
}