{
    "train": {
        "f1_weighted": 0.4338758255156029,
        "f1_micro": 0.48177974632574994,
        "f1_macro": 0.3410759286190442,
        "cross_entropy_loss": 1.4434727430343628
    },
    "val": {
        "f1_weighted": 0.37801898646644944,
        "f1_micro": 0.42782738095238093,
        "f1_macro": 0.3028892711057391,
        "cross_entropy_loss": 1.584186315536499
    },
    "test": {
        "f1_weighted": 0.34800340782188505,
        "f1_micro": 0.40512048192771083,
        "f1_macro": 0.2856767290174669,
        "cross_entropy_loss": 1.6254663467407227
    }
}