{
    "train": {
        "f1_weighted": 0.42989220783220017,
        "f1_micro": 0.48651097241795854,
        "f1_macro": 0.3378554793764244,
        "cross_entropy_loss": 1.4347565174102783
    },
    "val": {
        "f1_weighted": 0.37219136924030394,
        "f1_micro": 0.42857142857142855,
        "f1_macro": 0.2937895460559868,
        "cross_entropy_loss": 1.5715466737747192
    },
    "test": {
        "f1_weighted": 0.334700824307718,
        "f1_micro": 0.4036144578313253,
        "f1_macro": 0.2717571942028348,
        "cross_entropy_loss": 1.632440447807312
    }
}