{
    "train": {
        "f1_weighted": 0.46661381005477587,
        "f1_micro": 0.520032212603181,
        "f1_macro": 0.377286358265096,
        "cross_entropy_loss": 1.3607056140899658
    },
    "val": {
        "f1_weighted": 0.381088341078676,
        "f1_micro": 0.43229166666666663,
        "f1_macro": 0.30866208594657113,
        "cross_entropy_loss": 1.5761197805404663
    },
    "test": {
        "f1_weighted": 0.3424886712090521,
        "f1_micro": 0.4096385542168675,
        "f1_macro": 0.2758670659569085,
        "cross_entropy_loss": 1.6305270195007324
    }
}