{
    "train": {
        "f1_weighted": {
            "mean": 0.7582835993906608,
            "std": 0.018816728624585506
        },
        "f1_micro": {
            "mean": 0.766543197517269,
            "std": 0.017184566424170544
        },
        "f1_macro": {
            "mean": 0.620940717067376,
            "std": 0.023497253786293977
        },
        "cross_entropy_loss": {
            "mean": 0.8261991620063782,
            "std": 0.03340805183653164
        }
    },
    "val": {
        "f1_weighted": {
            "mean": 0.6251046065909287,
            "std": 0.014004336814401839
        },
        "f1_micro": {
            "mean": 0.6434625788999099,
            "std": 0.009170915877432717
        },
        "f1_macro": {
            "mean": 0.48406304279431095,
            "std": 0.01861022444725293
        },
        "cross_entropy_loss": {
            "mean": 1.1264629125595094,
            "std": 0.018443215885519598
        }
    },
    "test": {
        "f1_weighted": {
            "mean": 0.6529237894234126,
            "std": 0.007751875050625159
        },
        "f1_micro": {
            "mean": 0.6671264367816091,
            "std": 0.004763301231546384
        },
        "f1_macro": {
            "mean": 0.4754822834936153,
            "std": 0.013188270960304883
        },
        "cross_entropy_loss": {
            "mean": 1.0547980070114136,
            "std": 0.01786673410831022
        }
    }
}