{
    "train": {
        "f1_weighted": 0.7153840195182356,
        "f1_micro": 0.7234958454299729,
        "f1_macro": 0.5491622045213197
    },
    "val": {
        "f1_weighted": 0.6191638885693106,
        "f1_micro": 0.6357078449053201,
        "f1_macro": 0.4584621851941693
    },
    "test": {
        "f1_weighted": 0.6555870375253232,
        "f1_micro": 0.6655172413793103,
        "f1_macro": 0.4682763321004351
    }
}