{
    "train": {
        "f1_weighted": 0.7871900522084339,
        "f1_micro": 0.7944739213134447,
        "f1_macro": 0.6719772487880425
    },
    "val": {
        "f1_weighted": 0.6298904661768504,
        "f1_micro": 0.6456266907123535,
        "f1_macro": 0.4996386368158642
    },
    "test": {
        "f1_weighted": 0.6514808424983451,
        "f1_micro": 0.6670498084291188,
        "f1_macro": 0.4855227128758714
    }
}