{
    "train": {
        "f1_weighted": 0.7639554134969273,
        "f1_micro": 0.7671438582440685,
        "f1_macro": 0.6361704388374074
    },
    "val": {
        "f1_weighted": 0.6168912813359484,
        "f1_micro": 0.6248872858431019,
        "f1_macro": 0.4851880221705707
    },
    "test": {
        "f1_weighted": 0.6490360756243385,
        "f1_micro": 0.6547892720306513,
        "f1_macro": 0.4839445459542625
    }
}