{
    "train": {
        "f1_weighted": {
            "mean": 0.7569258505247106,
            "std": 0.04572081888620182
        },
        "f1_micro": {
            "mean": 0.7669636600260287,
            "std": 0.04206271338450531
        },
        "f1_macro": {
            "mean": 0.6121589369936418,
            "std": 0.07860776350241684
        }
    },
    "val": {
        "f1_weighted": {
            "mean": 0.6230937377495321,
            "std": 0.00745883239984396
        },
        "f1_micro": {
            "mean": 0.6422001803426509,
            "std": 0.00439533186905462
        },
        "f1_macro": {
            "mean": 0.4697128123515471,
            "std": 0.024598357257852452
        }
    },
    "test": {
        "f1_weighted": {
            "mean": 0.6485356090447949,
            "std": 0.004705891366242494
        },
        "f1_micro": {
            "mean": 0.6632950191570882,
            "std": 0.006367073740334389
        },
        "f1_macro": {
            "mean": 0.4666217210930953,
            "std": 0.009309309131816426
        }
    }
}