{
    "train": {
        "f1_weighted": 0.4416837781747409,
        "f1_micro": 0.49657741091201935,
        "f1_macro": 0.34786585041136836,
        "cross_entropy_loss": 1.4217262268066406
    },
    "val": {
        "f1_weighted": 0.37410597313073973,
        "f1_micro": 0.43005952380952384,
        "f1_macro": 0.2951838722510742,
        "cross_entropy_loss": 1.5653997659683228
    },
    "test": {
        "f1_weighted": 0.3510784320825079,
        "f1_micro": 0.4194277108433735,
        "f1_macro": 0.28549463766763633,
        "cross_entropy_loss": 1.6021397113800049
    }
}