{
    "train": {
        "f1_weighted": 0.46965805666582755,
        "f1_micro": 0.5181195892893095,
        "f1_macro": 0.3795516053064309,
        "cross_entropy_loss": 1.3723013401031494
    },
    "val": {
        "f1_weighted": 0.37994884853363514,
        "f1_micro": 0.42633928571428575,
        "f1_macro": 0.30406677112157526,
        "cross_entropy_loss": 1.5927362442016602
    },
    "test": {
        "f1_weighted": 0.3549363065173203,
        "f1_micro": 0.4126506024096386,
        "f1_macro": 0.2969742619194569,
        "cross_entropy_loss": 1.6234896183013916
    }
}