{
    "train": {
        "f1_weighted": 0.4374890050323233,
        "f1_micro": 0.4888262532715925,
        "f1_macro": 0.3414217322145477,
        "cross_entropy_loss": 1.4399837255477905
    },
    "val": {
        "f1_weighted": 0.36760853943041116,
        "f1_micro": 0.4174107142857143,
        "f1_macro": 0.28844064047977314,
        "cross_entropy_loss": 1.583722472190857
    },
    "test": {
        "f1_weighted": 0.3430505486457383,
        "f1_micro": 0.40512048192771083,
        "f1_macro": 0.27756530632932724,
        "cross_entropy_loss": 1.6543810367584229
    }
}