{
    "train": {
        "f1_weighted": 0.4463000459562528,
        "f1_micro": 0.4957720958324945,
        "f1_macro": 0.3566836587592695,
        "cross_entropy_loss": 1.4184157848358154
    },
    "val": {
        "f1_weighted": 0.38272932258609355,
        "f1_micro": 0.43229166666666663,
        "f1_macro": 0.3113311475503674,
        "cross_entropy_loss": 1.571022391319275
    },
    "test": {
        "f1_weighted": 0.3560340727456117,
        "f1_micro": 0.4118975903614458,
        "f1_macro": 0.30028901187190016,
        "cross_entropy_loss": 1.5977898836135864
    }
}