{
    "train": {
        "f1_weighted": {
            "mean": 0.4528323702164669,
            "std": 0.013768655893611113
        },
        "f1_micro": {
            "mean": 0.502818602778337,
            "std": 0.011506604110475993
        },
        "f1_macro": {
            "mean": 0.3609574446574947,
            "std": 0.01582520593039393
        },
        "cross_entropy_loss": {
            "mean": 1.4057709217071532,
            "std": 0.026706657326269874
        }
    },
    "val": {
        "f1_weighted": {
            "mean": 0.3766097834977057,
            "std": 0.005292967673286351
        },
        "f1_micro": {
            "mean": 0.42633928571428575,
            "std": 0.005090068862049713
        },
        "f1_macro": {
            "mean": 0.3003432942062819,
            "std": 0.0078538653685373
        },
        "cross_entropy_loss": {
            "mean": 1.5808557271957397,
            "std": 0.010918613897628047
        }
    },
    "test": {
        "f1_weighted": {
            "mean": 0.35274959377318565,
            "std": 0.005426456517743503
        },
        "f1_micro": {
            "mean": 0.41295180722891567,
            "std": 0.004729011586779396
        },
        "f1_macro": {
            "mean": 0.2926173546268909,
            "std": 0.009571620655980138
        },
        "cross_entropy_loss": {
            "mean": 1.6225894212722778,
            "std": 0.020987682327255983
        }
    }
}