{
    "train": {
        "f1_weighted": 0.5621902840224714,
        "f1_micro": 0.600664384940608,
        "f1_macro": 0.4949595405363469,
        "cross_entropy_loss": 1.139331340789795
    },
    "val": {
        "f1_weighted": 0.3875670737356694,
        "f1_micro": 0.4360119047619048,
        "f1_macro": 0.3212334286006489,
        "cross_entropy_loss": 1.5891538858413696
    },
    "test": {
        "f1_weighted": 0.35118537615537854,
        "f1_micro": 0.4096385542168675,
        "f1_macro": 0.29336656193326327,
        "cross_entropy_loss": 1.640425682067871
    }
}