{
    "train": {
        "f1_weighted": {
            "mean": 0.5621902840224714,
            "std": 0.0
        },
        "f1_micro": {
            "mean": 0.600664384940608,
            "std": 0.0
        },
        "f1_macro": {
            "mean": 0.4949595405363469,
            "std": 0.0
        },
        "cross_entropy_loss": {
            "mean": 1.139331340789795,
            "std": 0.0
        }
    },
    "val": {
        "f1_weighted": {
            "mean": 0.3875670737356694,
            "std": 0.0
        },
        "f1_micro": {
            "mean": 0.4360119047619048,
            "std": 0.0
        },
        "f1_macro": {
            "mean": 0.3212334286006489,
            "std": 0.0
        },
        "cross_entropy_loss": {
            "mean": 1.5891538858413696,
            "std": 0.0
        }
    },
    "test": {
        "f1_weighted": {
            "mean": 0.35118537615537854,
            "std": 0.0
        },
        "f1_micro": {
            "mean": 0.4096385542168675,
            "std": 0.0
        },
        "f1_macro": {
            "mean": 0.29336656193326327,
            "std": 0.0
        },
        "cross_entropy_loss": {
            "mean": 1.640425682067871,
            "std": 0.0
        }
    }
}