{
    "train": {
        "f1_weighted": 0.7568728718376094,
        "f1_micro": 0.7628294036061026,
        "f1_macro": 0.6270024492252994,
        "cross_entropy_loss": 0.18503355979919434
    },
    "val": {
        "f1_weighted": 0.5687509731752194,
        "f1_micro": 0.5892018779342724,
        "f1_macro": 0.3003822901950827,
        "cross_entropy_loss": 0.2273312509059906
    },
    "test": {
        "f1_weighted": 0.5384042275869395,
        "f1_micro": 0.5484672742336372,
        "f1_macro": 0.39863561583081414,
        "cross_entropy_loss": 0.3735837936401367
    }
}