{
    "train": {
        "f1_weighted": 0.7241321829586683,
        "f1_micro": 0.7254081205525325,
        "f1_macro": 0.7198647100145271,
        "cross_entropy_loss": 0.7518165707588196
    },
    "val": {
        "f1_weighted": 0.5473103258755658,
        "f1_micro": 0.5551020408163265,
        "f1_macro": 0.5022054357330844,
        "cross_entropy_loss": 1.1939667463302612
    },
    "test": {
        "f1_weighted": 0.5248098637998432,
        "f1_micro": 0.5277435265104808,
        "f1_macro": 0.5057540456364512,
        "cross_entropy_loss": 1.262636423110962
    }
}