{
    "train": {
        "f1_weighted": {
            "mean": 0.4410400639400054,
            "std": 0.0027564653675773306
        },
        "f1_micro": {
            "mean": 0.4915844574189652,
            "std": 0.005464361016333977
        },
        "f1_macro": {
            "mean": 0.34953233712058585,
            "std": 0.0029053742060422983
        },
        "cross_entropy_loss": {
            "mean": 1.4236562967300415,
            "std": 0.011383877867127676
        }
    },
    "val": {
        "f1_weighted": {
            "mean": 0.37509237074402,
            "std": 0.006118916679212044
        },
        "f1_micro": {
            "mean": 0.4245535714285714,
            "std": 0.007952612628504397
        },
        "f1_macro": {
            "mean": 0.3023386361425576,
            "std": 0.006089031074568861
        },
        "cross_entropy_loss": {
            "mean": 1.5781219959259034,
            "std": 0.007747469310015306
        }
    },
    "test": {
        "f1_weighted": {
            "mean": 0.34731504445519484,
            "std": 0.004638800009920291
        },
        "f1_micro": {
            "mean": 0.4087349397590362,
            "std": 0.005375472378787611
        },
        "f1_macro": {
            "mean": 0.2859118563833793,
            "std": 0.005139634608446913
        },
        "cross_entropy_loss": {
            "mean": 1.6210387468338012,
            "std": 0.014113791959670746
        }
    }
}