{
    "train": {
        "f1_weighted": 0.7367035629192523,
        "f1_micro": 0.7365006278777732,
        "f1_macro": 0.7467446871877529
    },
    "val": {
        "f1_weighted": 0.6420971504217272,
        "f1_micro": 0.6387755102040816,
        "f1_macro": 0.6330566135008487
    },
    "test": {
        "f1_weighted": 0.6264787279415185,
        "f1_micro": 0.623921085080148,
        "f1_macro": 0.6143583911337659
    }
}