{
    "train": {
        "f1_weighted": 0.8333809934773929,
        "f1_micro": 0.8336123901213897,
        "f1_macro": 0.837169041342714
    },
    "val": {
        "f1_weighted": 0.5975421592364091,
        "f1_micro": 0.5969387755102041,
        "f1_macro": 0.5964545195464597
    },
    "test": {
        "f1_weighted": 0.6228276318229422,
        "f1_micro": 0.623921085080148,
        "f1_macro": 0.6048346463510229
    }
}