{
    "train": {
        "f1_weighted": 0.7492358546115403,
        "f1_micro": 0.7517789870238594,
        "f1_macro": 0.7560973017998779
    },
    "val": {
        "f1_weighted": 0.6441665809323344,
        "f1_micro": 0.6459183673469387,
        "f1_macro": 0.6273094611240754
    },
    "test": {
        "f1_weighted": 0.6655117074303042,
        "f1_micro": 0.6664611590628853,
        "f1_macro": 0.6478734692417337
    }
}