{
    "train": {
        "f1_weighted": 0.6390732549464034,
        "f1_micro": 0.6639303233556912,
        "f1_macro": 0.41446507365414903
    },
    "val": {
        "f1_weighted": 0.5934578650918846,
        "f1_micro": 0.6266907123534716,
        "f1_macro": 0.39470035101887013
    },
    "test": {
        "f1_weighted": 0.6115935632639738,
        "f1_micro": 0.6371647509578544,
        "f1_macro": 0.38626870012742426
    }
}