{
    "train": {
        "f1_weighted": 0.8379899308938227,
        "f1_micro": 0.8428271098208029,
        "f1_macro": 0.7513359249397135
    },
    "val": {
        "f1_weighted": 0.5820051899152484,
        "f1_micro": 0.6068530207394048,
        "f1_macro": 0.4556467086766336
    },
    "test": {
        "f1_weighted": 0.6067596042093372,
        "f1_micro": 0.6256704980842912,
        "f1_macro": 0.4331217933207059
    }
}