{
    "train": {
        "f1_weighted": {
            "mean": 0.8469095711730107,
            "std": 0.11730080857736509
        },
        "f1_micro": {
            "mean": 0.8525778356191811,
            "std": 0.10843131625302575
        },
        "f1_macro": {
            "mean": 0.7552590436937654,
            "std": 0.1907803249383329
        }
    },
    "val": {
        "f1_weighted": {
            "mean": 0.5916270891209711,
            "std": 0.007689051373551422
        },
        "f1_micro": {
            "mean": 0.6090171325518485,
            "std": 0.009381285340768233
        },
        "f1_macro": {
            "mean": 0.45108709428351,
            "std": 0.032546225853861833
        }
    },
    "test": {
        "f1_weighted": {
            "mean": 0.6137404891289174,
            "std": 0.00545573689407671
        },
        "f1_micro": {
            "mean": 0.6245210727969349,
            "std": 0.008703307809655596
        },
        "f1_macro": {
            "mean": 0.4341954222580496,
            "std": 0.024952302678061374
        }
    }
}