{
    "train": {
        "f1_weighted": 0.7739519695496185,
        "f1_micro": 0.7729175387191294,
        "f1_macro": 0.78415971225456,
        "cross_entropy_loss": 0.5743599534034729
    },
    "val": {
        "f1_weighted": 0.6001232345991614,
        "f1_micro": 0.6010204081632653,
        "f1_macro": 0.5900431983012607,
        "cross_entropy_loss": 0.9239325523376465
    },
    "test": {
        "f1_weighted": 0.6379841745628223,
        "f1_micro": 0.6337854500616523,
        "f1_macro": 0.6313437637618016,
        "cross_entropy_loss": 0.9082641005516052
    }
}