{
    "train": {
        "f1_weighted": 0.8705847554613718,
        "f1_micro": 0.8706571787358728,
        "f1_macro": 0.8734263248846611
    },
    "val": {
        "f1_weighted": 0.6635500057577509,
        "f1_micro": 0.6622448979591836,
        "f1_macro": 0.6524078406871193
    },
    "test": {
        "f1_weighted": 0.6548070878906649,
        "f1_micro": 0.657829839704069,
        "f1_macro": 0.6424530226370553
    }
}