{
    "train": {
        "f1_weighted": 0.735348352994091,
        "f1_micro": 0.7396400167434072,
        "f1_macro": 0.7358764791217548
    },
    "val": {
        "f1_weighted": 0.633120228299338,
        "f1_micro": 0.6316326530612245,
        "f1_macro": 0.6097486036648722
    },
    "test": {
        "f1_weighted": 0.6238769794294063,
        "f1_micro": 0.6313193588162762,
        "f1_macro": 0.5985955775745059
    }
}