{
    "train": {
        "f1_weighted": {
            "mean": 0.8318697955413594,
            "std": 0.05239555404733379
        },
        "f1_micro": {
            "mean": 0.833277521975722,
            "std": 0.050975976478343295
        },
        "f1_macro": {
            "mean": 0.831314778708086,
            "std": 0.05134451028440354
        }
    },
    "val": {
        "f1_weighted": {
            "mean": 0.6537494999074714,
            "std": 0.012673566779061167
        },
        "f1_micro": {
            "mean": 0.6524489795918368,
            "std": 0.013985176897152478
        },
        "f1_macro": {
            "mean": 0.6417552922758242,
            "std": 0.017229523572255427
        }
    },
    "test": {
        "f1_weighted": {
            "mean": 0.6559444132024049,
            "std": 0.016735176476944707
        },
        "f1_micro": {
            "mean": 0.6606658446362516,
            "std": 0.01572121080198198
        },
        "f1_macro": {
            "mean": 0.6343311591022474,
            "std": 0.018127295578905314
        }
    }
}