{
    "train": {
        "f1_weighted": 0.7516618456428372,
        "f1_micro": 0.7597357092802083,
        "f1_macro": 0.6182815766501274
    },
    "val": {
        "f1_weighted": 0.6299217751699543,
        "f1_micro": 0.6456266907123535,
        "f1_macro": 0.48986156271588427
    },
    "test": {
        "f1_weighted": 0.64889851417223,
        "f1_micro": 0.6624521072796935,
        "f1_macro": 0.46871856589179284
    }
}