{
    "train": {
        "f1_weighted": 0.8316889373151908,
        "f1_micro": 0.8324156572229452,
        "f1_macro": 0.7348740702758783
    },
    "val": {
        "f1_weighted": 0.6603781428668613,
        "f1_micro": 0.6645626690712354,
        "f1_macro": 0.5557998061116695
    },
    "test": {
        "f1_weighted": 0.665212299757917,
        "f1_micro": 0.6689655172413793,
        "f1_macro": 0.5059732977105315
    }
}