{
    "train": {
        "f1_weighted": 0.745097385205468,
        "f1_micro": 0.7501046462955211,
        "f1_macro": 0.7495148617962745
    },
    "val": {
        "f1_weighted": 0.6100680982724473,
        "f1_micro": 0.6091836734693877,
        "f1_macro": 0.5982791087638616
    },
    "test": {
        "f1_weighted": 0.6179028711879877,
        "f1_micro": 0.6220715166461159,
        "f1_macro": 0.5963544330456346
    }
}