{
    "train": {
        "f1_weighted": 0.7569417797381046,
        "f1_micro": 0.75826705734617,
        "f1_macro": 0.7649102515101011
    },
    "val": {
        "f1_weighted": 0.6007393466832436,
        "f1_micro": 0.5969387755102041,
        "f1_macro": 0.5807872331730614
    },
    "test": {
        "f1_weighted": 0.6103791827179432,
        "f1_micro": 0.6128236744759556,
        "f1_macro": 0.5970725176247574
    }
}