{
    "train": {
        "f1_weighted": 0.6413151900736607,
        "f1_micro": 0.6513185433235663,
        "f1_macro": 0.6402420838752146
    },
    "val": {
        "f1_weighted": 0.5756198904548373,
        "f1_micro": 0.5755102040816327,
        "f1_macro": 0.5571797380747597
    },
    "test": {
        "f1_weighted": 0.5947277959790775,
        "f1_micro": 0.6017262638717632,
        "f1_macro": 0.5702311881222386
    }
}