{
    "train": {
        "f1_weighted": 0.5067244758756356,
        "f1_micro": 0.5576806925709684,
        "f1_macro": 0.42259716358538213,
        "cross_entropy_loss": 1.2703619003295898
    },
    "val": {
        "f1_weighted": 0.3717714318970861,
        "f1_micro": 0.4270833333333333,
        "f1_macro": 0.2980792123979389,
        "cross_entropy_loss": 1.5755826234817505
    },
    "test": {
        "f1_weighted": 0.3432040208416957,
        "f1_micro": 0.40813253012048195,
        "f1_macro": 0.27861098523950684,
        "cross_entropy_loss": 1.644102931022644
    }
}