{
    "train": {
        "f1_weighted": 0.8031280591618117,
        "f1_micro": 0.8034742570113019,
        "f1_macro": 0.8050764130220623,
        "cross_entropy_loss": 0.5517715215682983
    },
    "val": {
        "f1_weighted": 0.6055165100310295,
        "f1_micro": 0.6020408163265306,
        "f1_macro": 0.5878564440774723,
        "cross_entropy_loss": 1.0347877740859985
    },
    "test": {
        "f1_weighted": 0.596418684943556,
        "f1_micro": 0.5992601726263872,
        "f1_macro": 0.5826086029764209,
        "cross_entropy_loss": 1.071913242340088
    }
}