{
    "train": {
        "f1_weighted": {
            "mean": 0.8031280591618117,
            "std": 0.0
        },
        "f1_micro": {
            "mean": 0.8034742570113019,
            "std": 0.0
        },
        "f1_macro": {
            "mean": 0.8050764130220623,
            "std": 0.0
        },
        "cross_entropy_loss": {
            "mean": 0.5517715215682983,
            "std": 0.0
        }
    },
    "val": {
        "f1_weighted": {
            "mean": 0.6055165100310295,
            "std": 0.0
        },
        "f1_micro": {
            "mean": 0.6020408163265306,
            "std": 0.0
        },
        "f1_macro": {
            "mean": 0.5878564440774723,
            "std": 0.0
        },
        "cross_entropy_loss": {
            "mean": 1.0347877740859985,
            "std": 0.0
        }
    },
    "test": {
        "f1_weighted": {
            "mean": 0.596418684943556,
            "std": 0.0
        },
        "f1_micro": {
            "mean": 0.5992601726263872,
            "std": 0.0
        },
        "f1_macro": {
            "mean": 0.5826086029764209,
            "std": 0.0
        },
        "cross_entropy_loss": {
            "mean": 1.071913242340088,
            "std": 0.0
        }
    }
}