{
    "train": {
        "f1_weighted": 0.7875520228393521,
        "f1_micro": 0.7988787666433076,
        "f1_macro": 0.6175270995028014,
        "cross_entropy_loss": 0.7098507285118103
    },
    "val": {
        "f1_weighted": 0.6104071860183883,
        "f1_micro": 0.630297565374211,
        "f1_macro": 0.4688284230543468,
        "cross_entropy_loss": 1.158443570137024
    },
    "test": {
        "f1_weighted": 0.6411282688214235,
        "f1_micro": 0.6567049808429118,
        "f1_macro": 0.45348524886063885,
        "cross_entropy_loss": 1.0918406248092651
    }
}