{
    "train": {
        "f1_weighted": 0.7022148836843227,
        "f1_micro": 0.7210932025227751,
        "f1_macro": 0.4822056060855268,
        "cross_entropy_loss": 0.8838180303573608
    },
    "val": {
        "f1_weighted": 0.6110511023969901,
        "f1_micro": 0.6366095581605049,
        "f1_macro": 0.42628474289343726,
        "cross_entropy_loss": 1.0895003080368042
    },
    "test": {
        "f1_weighted": 0.644746646163189,
        "f1_micro": 0.6647509578544061,
        "f1_macro": 0.42080903368045713,
        "cross_entropy_loss": 1.0243250131607056
    }
}