{
    "train": {
        "f1_weighted": 0.7142882089655372,
        "f1_micro": 0.7320052057262989,
        "f1_macro": 0.515133784329692,
        "cross_entropy_loss": 0.855282723903656
    },
    "val": {
        "f1_weighted": 0.6030375043231199,
        "f1_micro": 0.6339044183949504,
        "f1_macro": 0.4140962250446658,
        "cross_entropy_loss": 1.1188515424728394
    },
    "test": {
        "f1_weighted": 0.6253579819542343,
        "f1_micro": 0.6432950191570881,
        "f1_macro": 0.41486731993710435,
        "cross_entropy_loss": 1.070538878440857
    }
}