{
    "train": {
        "f1_weighted": 0.7028290518170227,
        "f1_micro": 0.7217939733707079,
        "f1_macro": 0.49292737184094737,
        "cross_entropy_loss": 0.879869818687439
    },
    "val": {
        "f1_weighted": 0.5985863759844018,
        "f1_micro": 0.6248872858431019,
        "f1_macro": 0.40994149971390964,
        "cross_entropy_loss": 1.1212491989135742
    },
    "test": {
        "f1_weighted": 0.6374123526366028,
        "f1_micro": 0.6586206896551724,
        "f1_macro": 0.42115392493858655,
        "cross_entropy_loss": 1.0388692617416382
    }
}