{
    "train": {
        "f1_weighted": 0.8082006791346513,
        "f1_micro": 0.8108919811792972,
        "f1_macro": 0.7205066031559173,
        "cross_entropy_loss": 0.7734312415122986
    },
    "val": {
        "f1_weighted": 0.6492568399060132,
        "f1_micro": 0.6582506762849414,
        "f1_macro": 0.5071778210865534,
        "cross_entropy_loss": 1.126603364944458
    },
    "test": {
        "f1_weighted": 0.6533862302039587,
        "f1_micro": 0.6636015325670498,
        "f1_macro": 0.4856283395664903,
        "cross_entropy_loss": 1.0718333721160889
    }
}