{
    "train": {
        "f1_weighted": 0.7841073483447025,
        "f1_micro": 0.7937731504655121,
        "f1_macro": 0.664874000999861,
        "cross_entropy_loss": 0.7829885482788086
    },
    "val": {
        "f1_weighted": 0.6368886478663593,
        "f1_micro": 0.6627592425608656,
        "f1_macro": 0.48587776199540206,
        "cross_entropy_loss": 1.1381783485412598
    },
    "test": {
        "f1_weighted": 0.6482218721522139,
        "f1_micro": 0.6724137931034483,
        "f1_macro": 0.46925006820013965,
        "cross_entropy_loss": 1.079593300819397
    }
}