{
    "train": {
        "f1_weighted": 0.4789029771141771,
        "f1_micro": 0.5052345480169116,
        "f1_macro": 0.4060619998406359
    },
    "val": {
        "f1_weighted": 0.3902214876158174,
        "f1_micro": 0.4226190476190476,
        "f1_macro": 0.32418407290924683
    },
    "test": {
        "f1_weighted": 0.3639850865387272,
        "f1_micro": 0.40737951807228917,
        "f1_macro": 0.3147683012760359
    }
}