{
    "train": {
        "f1_weighted": 0.41782029335154935,
        "f1_micro": 0.49184618481981074,
        "f1_macro": 0.3229102005262804
    },
    "val": {
        "f1_weighted": 0.35090533629073095,
        "f1_micro": 0.4270833333333333,
        "f1_macro": 0.27294260591475883
    },
    "test": {
        "f1_weighted": 0.31484833862782774,
        "f1_micro": 0.40512048192771083,
        "f1_macro": 0.2469145319698678
    }
}