{
    "train": {
        "f1_weighted": 0.5786425487198701,
        "f1_micro": 0.6180793235353332,
        "f1_macro": 0.5069550673851257
    },
    "val": {
        "f1_weighted": 0.40440654998882064,
        "f1_micro": 0.4479166666666667,
        "f1_macro": 0.3393104201066925
    },
    "test": {
        "f1_weighted": 0.36333028117176913,
        "f1_micro": 0.4134036144578313,
        "f1_macro": 0.3095429447486353
    }
}