{
    "train": {
        "f1_weighted": 0.9875003096290621,
        "f1_micro": 0.9874862348583442,
        "f1_macro": 0.9827465052463655
    },
    "val": {
        "f1_weighted": 0.5937718678898044,
        "f1_micro": 0.6005410279531109,
        "f1_macro": 0.46729734718751575
    },
    "test": {
        "f1_weighted": 0.6098542981038814,
        "f1_micro": 0.6134099616858237,
        "f1_macro": 0.45496178125679204
    }
}