{
    "train": {
        "f1_weighted": 0.8407373105077522,
        "f1_micro": 0.8418260086094705,
        "f1_macro": 0.7499117688234186
    },
    "val": {
        "f1_weighted": 0.5987286061052233,
        "f1_micro": 0.6140667267808837,
        "f1_macro": 0.46205508640393766
    },
    "test": {
        "f1_weighted": 0.6058659726994665,
        "f1_micro": 0.6157088122605364,
        "f1_macro": 0.43325282679826305
    }
}