{
    "train": {
        "f1_weighted": 0.7475863187332945,
        "accuracy": 0.760036039643608
    },
    "val": {
        "f1_weighted": 0.6080907375276272,
        "accuracy": 0.6293958521190262
    },
    "test": {
        "f1_weighted": 0.6353963766436875,
        "accuracy": 0.650191570881226
    }
}