{
    "train": {
        "f1_weighted": {
            "mean": 0.7224761793144487,
            "std": 0.0306496149256319
        },
        "accuracy": {
            "mean": 0.7377315046551207,
            "std": 0.029112422561669293
        }
    },
    "val": {
        "f1_weighted": {
            "mean": 0.5937118468872523,
            "std": 0.012999101147979822
        },
        "accuracy": {
            "mean": 0.6185752930568079,
            "std": 0.01242925946987394
        }
    },
    "test": {
        "f1_weighted": {
            "mean": 0.6329408603858817,
            "std": 0.0047372343933310525
        },
        "accuracy": {
            "mean": 0.6502681992337165,
            "std": 0.0039993834025133495
        }
    }
}