{
    "train": {
        "f1_weighted": 0.8081615741357825,
        "f1_micro": 0.8144959455400942,
        "f1_macro": 0.7031115095100379,
        "cross_entropy_loss": 0.7481757402420044
    },
    "val": {
        "f1_weighted": 0.6401621924331707,
        "f1_micro": 0.6600541027953111,
        "f1_macro": 0.4982768673005124,
        "cross_entropy_loss": 1.110403299331665
    },
    "test": {
        "f1_weighted": 0.6504124947582773,
        "f1_micro": 0.6662835249042146,
        "f1_macro": 0.4795417632639021,
        "cross_entropy_loss": 1.0610848665237427
    }
}