{
    "train": {
        "f1_weighted": {
            "mean": 0.8081615741357825,
            "std": 0.0
        },
        "f1_micro": {
            "mean": 0.8144959455400942,
            "std": 0.0
        },
        "f1_macro": {
            "mean": 0.7031115095100379,
            "std": 0.0
        },
        "cross_entropy_loss": {
            "mean": 0.7481757402420044,
            "std": 0.0
        }
    },
    "val": {
        "f1_weighted": {
            "mean": 0.6401621924331707,
            "std": 0.0
        },
        "f1_micro": {
            "mean": 0.6600541027953111,
            "std": 0.0
        },
        "f1_macro": {
            "mean": 0.4982768673005124,
            "std": 0.0
        },
        "cross_entropy_loss": {
            "mean": 1.110403299331665,
            "std": 0.0
        }
    },
    "test": {
        "f1_weighted": {
            "mean": 0.6504124947582773,
            "std": 0.0
        },
        "f1_micro": {
            "mean": 0.6662835249042146,
            "std": 0.0
        },
        "f1_macro": {
            "mean": 0.4795417632639021,
            "std": 0.0
        },
        "cross_entropy_loss": {
            "mean": 1.0610848665237427,
            "std": 0.0
        }
    }
}