{
    "train": {
        "f1_weighted": 0.6664406338661265,
        "f1_micro": 0.6873294772454436,
        "f1_macro": 0.4727663424992532,
        "cross_entropy_loss": 0.24816583096981049
    },
    "val": {
        "f1_weighted": 0.5816385579550843,
        "f1_micro": 0.6182999458581484,
        "f1_macro": 0.33040097209888186,
        "cross_entropy_loss": 0.22832415997982025
    },
    "test": {
        "f1_weighted": 0.5528238788746428,
        "f1_micro": 0.5827395091053048,
        "f1_macro": 0.349349954253176,
        "cross_entropy_loss": 0.35491180419921875
    }
}