{
    "train": {
        "f1_weighted": 0.7132536984324961,
        "f1_micro": 0.7286014616077684,
        "f1_macro": 0.5302003193990092
    },
    "val": {
        "f1_weighted": 0.6197141939215474,
        "f1_micro": 0.6429215509467989,
        "f1_macro": 0.4430542357774653
    },
    "test": {
        "f1_weighted": 0.6514575732963852,
        "f1_micro": 0.6685823754789272,
        "f1_macro": 0.4582165438040241
    }
}