{
    "train": {
        "f1_weighted": 0.7732918843151348,
        "f1_micro": 0.7846631294423866,
        "f1_macro": 0.6447275804278992
    },
    "val": {
        "f1_weighted": 0.6276227675033049,
        "f1_micro": 0.6528403967538323,
        "f1_macro": 0.48356199819852447
    },
    "test": {
        "f1_weighted": 0.6516331400219739,
        "f1_micro": 0.671647509578544,
        "f1_macro": 0.4766233119040197
    }
}