{
    "train": {
        "f1_weighted": 0.7310034906555457,
        "f1_micro": 0.747822604865352,
        "f1_macro": 0.5288936791002147,
        "cross_entropy_loss": 0.8253093957901001
    },
    "val": {
        "f1_weighted": 0.5945456705209903,
        "f1_micro": 0.6212804328223624,
        "f1_macro": 0.40873800780319686,
        "cross_entropy_loss": 1.1438658237457275
    },
    "test": {
        "f1_weighted": 0.6358444678487116,
        "f1_micro": 0.6521072796934866,
        "f1_macro": 0.4322707035157251,
        "cross_entropy_loss": 1.0598591566085815
    }
}