{
    "train": {
        "f1_weighted": {
            "mean": 0.7150129877067598,
            "std": 0.015458760328517155
        },
        "f1_micro": {
            "mean": 0.7329862849134049,
            "std": 0.013657075414433287
        },
        "f1_macro": {
            "mean": 0.507600071191314,
            "std": 0.024131600722423093
        },
        "cross_entropy_loss": {
            "mean": 0.8568139672279358,
            "std": 0.02882898632821453
        }
    },
    "val": {
        "f1_weighted": {
            "mean": 0.6011896858806371,
            "std": 0.0065541730736553075
        },
        "f1_micro": {
            "mean": 0.6284941388638413,
            "std": 0.006937920310792208
        },
        "f1_macro": {
            "mean": 0.41426604841017217,
            "std": 0.0089508894503074
        },
        "cross_entropy_loss": {
            "mean": 1.122703242301941,
            "std": 0.013406689672352564
        }
    },
    "test": {
        "f1_weighted": {
            "mean": 0.6356293512387156,
            "std": 0.005420899949002174
        },
        "f1_micro": {
            "mean": 0.654176245210728,
            "std": 0.006246973401437207
        },
        "f1_macro": {
            "mean": 0.42716444045926316,
            "std": 0.008034123387619977
        },
        "cross_entropy_loss": {
            "mean": 1.0523864507675171,
            "std": 0.011686114998446177
        }
    }
}