{
    "train": {
        "f1_weighted": 0.7567692275094191,
        "f1_micro": 0.7580577647551275,
        "f1_macro": 0.7687237176218752
    },
    "val": {
        "f1_weighted": 0.6203988669803016,
        "f1_micro": 0.6122448979591837,
        "f1_macro": 0.6100856943866068
    },
    "test": {
        "f1_weighted": 0.6481733898417802,
        "f1_micro": 0.6504315659679408,
        "f1_macro": 0.6341947059473941
    }
}