{
    "train": {
        "f1_weighted": 0.7657167327971093,
        "f1_micro": 0.7668480535789033,
        "f1_macro": 0.7660786193462809
    },
    "val": {
        "f1_weighted": 0.6427180377062242,
        "f1_micro": 0.6448979591836734,
        "f1_macro": 0.6200155006374337
    },
    "test": {
        "f1_weighted": 0.6503985818654968,
        "f1_micro": 0.6596794081381011,
        "f1_macro": 0.6220924597246947
    }
}