{
    "train": {
        "f1_weighted": 0.863406109867411,
        "f1_micro": 0.8637505232314776,
        "f1_macro": 0.8612021735250961
    },
    "val": {
        "f1_weighted": 0.640696727953622,
        "f1_micro": 0.639795918367347,
        "f1_macro": 0.6165613181156145
    },
    "test": {
        "f1_weighted": 0.6818912205693535,
        "f1_micro": 0.6886559802712701,
        "f1_macro": 0.6530086204395532
    }
}