{
    "train": {
        "f1_weighted": {
            "mean": 0.7494518854778502,
            "std": 0.0
        },
        "f1_micro": {
            "mean": 0.7589348283111422,
            "std": 0.0
        },
        "f1_macro": {
            "mean": 0.6111197897829383,
            "std": 0.0
        },
        "cross_entropy_loss": {
            "mean": 0.8355097770690918,
            "std": 0.0
        }
    },
    "val": {
        "f1_weighted": {
            "mean": 0.6349811067680577,
            "std": 0.0
        },
        "f1_micro": {
            "mean": 0.6555455365193869,
            "std": 0.0
        },
        "f1_macro": {
            "mean": 0.4766383110907673,
            "std": 0.0
        },
        "cross_entropy_loss": {
            "mean": 1.082322597503662,
            "std": 0.0
        }
    },
    "test": {
        "f1_weighted": {
            "mean": 0.6520082465026051,
            "std": 0.0
        },
        "f1_micro": {
            "mean": 0.6670498084291188,
            "std": 0.0
        },
        "f1_macro": {
            "mean": 0.47248393950639367,
            "std": 0.0
        },
        "cross_entropy_loss": {
            "mean": 1.0132791996002197,
            "std": 0.0
        }
    }
}