{
    "train": {
        "f1_weighted": 0.6703128068825112,
        "f1_micro": 0.6753871912934282,
        "f1_macro": 0.6530960518999834,
        "cross_entropy_loss": 0.9238715767860413
    },
    "val": {
        "f1_weighted": 0.5320166839678327,
        "f1_micro": 0.5275510204081633,
        "f1_macro": 0.5023592782012035,
        "cross_entropy_loss": 1.2024269104003906
    },
    "test": {
        "f1_weighted": 0.5218706210990157,
        "f1_micro": 0.5326757090012331,
        "f1_macro": 0.49283395402294466,
        "cross_entropy_loss": 1.2358955144882202
    }
}