{
    "train": {
        "f1_weighted": {
            "mean": 0.6703128068825112,
            "std": 0.0
        },
        "f1_micro": {
            "mean": 0.6753871912934282,
            "std": 0.0
        },
        "f1_macro": {
            "mean": 0.6530960518999834,
            "std": 0.0
        },
        "cross_entropy_loss": {
            "mean": 0.9238715767860413,
            "std": 0.0
        }
    },
    "val": {
        "f1_weighted": {
            "mean": 0.5320166839678327,
            "std": 0.0
        },
        "f1_micro": {
            "mean": 0.5275510204081633,
            "std": 0.0
        },
        "f1_macro": {
            "mean": 0.5023592782012035,
            "std": 0.0
        },
        "cross_entropy_loss": {
            "mean": 1.2024269104003906,
            "std": 0.0
        }
    },
    "test": {
        "f1_weighted": {
            "mean": 0.5218706210990157,
            "std": 0.0
        },
        "f1_micro": {
            "mean": 0.5326757090012331,
            "std": 0.0
        },
        "f1_macro": {
            "mean": 0.49283395402294466,
            "std": 0.0
        },
        "cross_entropy_loss": {
            "mean": 1.2358955144882202,
            "std": 0.0
        }
    }
}