{
    "train": {
        "f1_weighted": 0.726997737253961,
        "f1_micro": 0.7306404353285894,
        "f1_macro": 0.7230193315674763,
        "cross_entropy_loss": 0.7229843735694885
    },
    "val": {
        "f1_weighted": 0.5766876074422613,
        "f1_micro": 0.5775510204081633,
        "f1_macro": 0.5438168906625038,
        "cross_entropy_loss": 1.0668212175369263
    },
    "test": {
        "f1_weighted": 0.5447512487714505,
        "f1_micro": 0.5505548705302096,
        "f1_macro": 0.5215132511956838,
        "cross_entropy_loss": 1.2062619924545288
    }
}