{
    "train": {
        "f1_weighted": 0.7659119170975623,
        "f1_micro": 0.7691502720803683,
        "f1_macro": 0.762687317463559,
        "cross_entropy_loss": 0.6297898292541504
    },
    "val": {
        "f1_weighted": 0.5985628864077076,
        "f1_micro": 0.6,
        "f1_macro": 0.5680529487330847,
        "cross_entropy_loss": 1.0853639841079712
    },
    "test": {
        "f1_weighted": 0.558869969546536,
        "f1_micro": 0.564118372379778,
        "f1_macro": 0.5377809237927524,
        "cross_entropy_loss": 1.1991231441497803
    }
}