{
    "train": {
        "f1_weighted": 0.7587521143933275,
        "f1_micro": 0.760569275847635,
        "f1_macro": 0.7634097041642426,
        "cross_entropy_loss": 0.6496841311454773
    },
    "val": {
        "f1_weighted": 0.5955784304636902,
        "f1_micro": 0.5989795918367347,
        "f1_macro": 0.5677606170042023,
        "cross_entropy_loss": 1.0817221403121948
    },
    "test": {
        "f1_weighted": 0.5577829112351188,
        "f1_micro": 0.561652281134402,
        "f1_macro": 0.5405399922261288,
        "cross_entropy_loss": 1.2203692197799683
    }
}