{
    "train": {
        "f1_weighted": 0.8721727542082514,
        "f1_micro": 0.8714943491000419,
        "f1_macro": 0.8761222602999533
    },
    "val": {
        "f1_weighted": 0.6688989796300999,
        "f1_micro": 0.6683673469387755,
        "f1_macro": 0.6627141897640899
    },
    "test": {
        "f1_weighted": 0.6690048148787616,
        "f1_micro": 0.6652281134401973,
        "f1_macro": 0.6589252568863969
    }
}