{
    "train": {
        "f1_weighted": 0.745813920006882,
        "f1_micro": 0.7484303055671828,
        "f1_macro": 0.7517122840415263
    },
    "val": {
        "f1_weighted": 0.6153075913502924,
        "f1_micro": 0.6173469387755102,
        "f1_macro": 0.6054592410607555
    },
    "test": {
        "f1_weighted": 0.6512758222656405,
        "f1_micro": 0.6510480887792849,
        "f1_macro": 0.6349263497664216
    }
}