{
    "train": {
        "f1_weighted": 0.7686147957466537,
        "f1_micro": 0.7712431979907911,
        "f1_macro": 0.7643269611314056
    },
    "val": {
        "f1_weighted": 0.6141375675820384,
        "f1_micro": 0.6122448979591837,
        "f1_macro": 0.593637179095745
    },
    "test": {
        "f1_weighted": 0.6352970968111071,
        "f1_micro": 0.6399506781750924,
        "f1_macro": 0.6116432778617646
    }
}