{
    "train": {
        "f1_weighted": 0.7733614245926382,
        "f1_micro": 0.7745918794474675,
        "f1_macro": 0.7757641470546801
    },
    "val": {
        "f1_weighted": 0.6191000306051003,
        "f1_micro": 0.6163265306122448,
        "f1_macro": 0.596681568733153
    },
    "test": {
        "f1_weighted": 0.6096750493335259,
        "f1_micro": 0.6122071516646116,
        "f1_macro": 0.5929453829486715
    }
}