{
    "train": {
        "f1_weighted": {
            "mean": 0.76490025753285,
            "std": 0.06354808468895304
        },
        "f1_micro": {
            "mean": 0.767559648388447,
            "std": 0.062159068001141064
        },
        "f1_macro": {
            "mean": 0.7603070005341248,
            "std": 0.06204491829061705
        }
    },
    "val": {
        "f1_weighted": {
            "mean": 0.6136321872006235,
            "std": 0.014378835205937433
        },
        "f1_micro": {
            "mean": 0.6097959183673469,
            "std": 0.013391860993079934
        },
        "f1_macro": {
            "mean": 0.5924347697286794,
            "std": 0.0163697661518862
        }
    },
    "test": {
        "f1_weighted": {
            "mean": 0.6193189708966577,
            "std": 0.02373863453407753
        },
        "f1_micro": {
            "mean": 0.6236744759556103,
            "std": 0.02307673789907338
        },
        "f1_macro": {
            "mean": 0.595936928154118,
            "std": 0.025673121999019492
        }
    }
}