{
    "train": {
        "f1_weighted": 0.7026803490038661,
        "f1_micro": 0.7171889077985785,
        "f1_macro": 0.48335930214751677,
        "cross_entropy_loss": 0.8906434774398804
    },
    "val": {
        "f1_weighted": 0.5978758111937605,
        "f1_micro": 0.6212804328223624,
        "f1_macro": 0.40369417341409763,
        "cross_entropy_loss": 1.1024867296218872
    },
    "test": {
        "f1_weighted": 0.6446879089949743,
        "f1_micro": 0.6613026819923372,
        "f1_macro": 0.42055073467855003,
        "cross_entropy_loss": 1.0343958139419556
    }
}