{
    "train": {
        "f1_weighted": {
            "mean": 0.46052457745226877,
            "std": 0.0
        },
        "f1_micro": {
            "mean": 0.5118783974229918,
            "std": 0.0
        },
        "f1_macro": {
            "mean": 0.3745560286999667,
            "std": 0.0
        },
        "cross_entropy_loss": {
            "mean": 1.3969500064849854,
            "std": 0.0
        }
    },
    "val": {
        "f1_weighted": {
            "mean": 0.38867128064393486,
            "std": 0.0
        },
        "f1_micro": {
            "mean": 0.44568452380952384,
            "std": 0.0
        },
        "f1_macro": {
            "mean": 0.31058241931889763,
            "std": 0.0
        },
        "cross_entropy_loss": {
            "mean": 1.547235369682312,
            "std": 0.0
        }
    },
    "test": {
        "f1_weighted": {
            "mean": 0.34755643877578046,
            "std": 0.0
        },
        "f1_micro": {
            "mean": 0.41566265060240964,
            "std": 0.0
        },
        "f1_macro": {
            "mean": 0.2843721966104706,
            "std": 0.0
        },
        "cross_entropy_loss": {
            "mean": 1.5856661796569824,
            "std": 0.0
        }
    }
}