{
  "best_metric": 0.6357573277755973,
  "best_model_checkpoint": "results/IEMOCAP/roberta-large/SEEDS/2021-05-09-15-16-25-speaker_mode-upper-num_past_utterances-0-num_future_utterances-1000-batch_size-4-seed-3/checkpoint-2390",
  "epoch": 2.0,
  "global_step": 2390,
  "is_hyper_param_search": false,
  "is_local_process_zero": true,
  "is_world_process_zero": true,
  "log_history": [
    {
      "epoch": 1.0,
      "learning_rate": 1.0263551037242301e-05,
      "loss": 1.3601,
      "step": 1195
    },
    {
      "epoch": 1.0,
      "eval_f1_macro": 0.56224660426238,
      "eval_f1_micro": 0.5908163265306122,
      "eval_f1_weighted": 0.5889086620075372,
      "eval_loss": 1.0486563444137573,
      "eval_runtime": 26.73,
      "eval_samples_per_second": 36.663,
      "step": 1195
    },
    {
      "epoch": 2.0,
      "learning_rate": 7.760298585187623e-06,
      "loss": 0.9319,
      "step": 2390
    },
    {
      "epoch": 2.0,
      "eval_f1_macro": 0.6184136783840093,
      "eval_f1_micro": 0.6316326530612245,
      "eval_f1_weighted": 0.6357573277755973,
      "eval_loss": 1.0280951261520386,
      "eval_runtime": 26.7127,
      "eval_samples_per_second": 36.687,
      "step": 2390
    }
  ],
  "max_steps": 5975,
  "num_train_epochs": 5,
  "total_flos": 4656667766677992.0,
  "trial_name": null,
  "trial_params": null
}
