{
    "train": {
        "f1_weighted": 0.43903306919685203,
        "f1_micro": 0.49315482182403864,
        "f1_macro": 0.34248661604821207,
        "cross_entropy_loss": 1.421496868133545
    },
    "val": {
        "f1_weighted": 0.37954464061997023,
        "f1_micro": 0.4337797619047619,
        "f1_macro": 0.29930382810207734,
        "cross_entropy_loss": 1.578572392463684
    },
    "test": {
        "f1_weighted": 0.3454406396692293,
        "f1_micro": 0.4088855421686746,
        "f1_macro": 0.28016353634111696,
        "cross_entropy_loss": 1.6503891944885254
    }
}