{
    "train": {
        "f1_weighted": {
            "mean": 0.8186512841543119,
            "std": 0.0
        },
        "f1_micro": {
            "mean": 0.8191712013394726,
            "std": 0.0
        },
        "f1_macro": {
            "mean": 0.8204777572718979,
            "std": 0.0
        },
        "cross_entropy_loss": {
            "mean": 0.47962698340415955,
            "std": 0.0
        }
    },
    "val": {
        "f1_weighted": {
            "mean": 0.6579181095890918,
            "std": 0.0
        },
        "f1_micro": {
            "mean": 0.6561224489795918,
            "std": 0.0
        },
        "f1_macro": {
            "mean": 0.6383344141216759,
            "std": 0.0
        },
        "cross_entropy_loss": {
            "mean": 0.8687750697135925,
            "std": 0.0
        }
    },
    "test": {
        "f1_weighted": {
            "mean": 0.6804965356372259,
            "std": 0.0
        },
        "f1_micro": {
            "mean": 0.6800246609124537,
            "std": 0.0
        },
        "f1_macro": {
            "mean": 0.6657413435558067,
            "std": 0.0
        },
        "cross_entropy_loss": {
            "mean": 0.8038169145584106,
            "std": 0.0
        }
    }
}