{
    "train": {
        "f1_weighted": 0.7293933143684096,
        "f1_micro": 0.7306404353285894,
        "f1_macro": 0.7413094617693045
    },
    "val": {
        "f1_weighted": 0.6327186115001617,
        "f1_micro": 0.6326530612244898,
        "f1_macro": 0.6097459572713432
    },
    "test": {
        "f1_weighted": 0.6468513847742594,
        "f1_micro": 0.6411837237977805,
        "f1_macro": 0.6299046540328195
    }
}