{
    "train": {
        "f1_weighted": 0.4156307770050194,
        "f1_micro": 0.47503523253472923,
        "f1_macro": 0.3241946434433363,
        "cross_entropy_loss": 1.4434970617294312
    },
    "val": {
        "f1_weighted": 0.359098111598296,
        "f1_micro": 0.42336309523809523,
        "f1_macro": 0.2818893090794251,
        "cross_entropy_loss": 1.5891538858413696
    },
    "test": {
        "f1_weighted": 0.3270356369021782,
        "f1_micro": 0.3983433734939759,
        "f1_macro": 0.261572228810438,
        "cross_entropy_loss": 1.648667335510254
    }
}