{
    "train": {
        "f1_weighted": {
            "mean": 0.4156307770050194,
            "std": 0.0
        },
        "f1_micro": {
            "mean": 0.47503523253472923,
            "std": 0.0
        },
        "f1_macro": {
            "mean": 0.3241946434433363,
            "std": 0.0
        },
        "cross_entropy_loss": {
            "mean": 1.4434970617294312,
            "std": 0.0
        }
    },
    "val": {
        "f1_weighted": {
            "mean": 0.359098111598296,
            "std": 0.0
        },
        "f1_micro": {
            "mean": 0.42336309523809523,
            "std": 0.0
        },
        "f1_macro": {
            "mean": 0.2818893090794251,
            "std": 0.0
        },
        "cross_entropy_loss": {
            "mean": 1.5891538858413696,
            "std": 0.0
        }
    },
    "test": {
        "f1_weighted": {
            "mean": 0.3270356369021782,
            "std": 0.0
        },
        "f1_micro": {
            "mean": 0.3983433734939759,
            "std": 0.0
        },
        "f1_macro": {
            "mean": 0.261572228810438,
            "std": 0.0
        },
        "cross_entropy_loss": {
            "mean": 1.648667335510254,
            "std": 0.0
        }
    }
}