{
    "train": {
        "f1_weighted": 0.7579509354595987,
        "f1_micro": 0.7689458404244669,
        "f1_macro": 0.6101043124792708
    },
    "val": {
        "f1_weighted": 0.6463418434291448,
        "f1_micro": 0.6654643823264202,
        "f1_macro": 0.5059694816776327
    },
    "test": {
        "f1_weighted": 0.6587498276508541,
        "f1_micro": 0.6773946360153257,
        "f1_macro": 0.4773106011747531
    }
}