{
    "train": {
        "f1_weighted": 0.7519070420174789,
        "f1_micro": 0.7575332866152767,
        "f1_macro": 0.6014385116420344
    },
    "val": {
        "f1_weighted": 0.6436085990221855,
        "f1_micro": 0.6537421100090172,
        "f1_macro": 0.504178485414492
    },
    "test": {
        "f1_weighted": 0.6506455942891256,
        "f1_micro": 0.6578544061302682,
        "f1_macro": 0.47348066530093696
    }
}