{
    "train": {
        "f1_weighted": {
            "mean": 0.7559167048015416,
            "std": 0.005851770833955147
        },
        "f1_micro": {
            "mean": 0.7634998498348183,
            "std": 0.004998533535974751
        },
        "f1_macro": {
            "mean": 0.6154744475004071,
            "std": 0.010620246004933647
        }
    },
    "val": {
        "f1_weighted": {
            "mean": 0.6415932167004667,
            "std": 0.0033288754928959942
        },
        "f1_micro": {
            "mean": 0.6562669071235347,
            "std": 0.004885921437022208
        },
        "f1_macro": {
            "mean": 0.5029717055240962,
            "std": 0.0045808529011884406
        }
    },
    "test": {
        "f1_weighted": {
            "mean": 0.6540850013529577,
            "std": 0.008170566174300757
        },
        "f1_micro": {
            "mean": 0.6657471264367816,
            "std": 0.008382315200168276
        },
        "f1_macro": {
            "mean": 0.47551163830930676,
            "std": 0.00807144374017682
        }
    }
}