{
    "train": {
        "f1_weighted": 0.8399218538293404,
        "f1_micro": 0.8399239163079387,
        "f1_macro": 0.7433473078364983,
        "cross_entropy_loss": 0.6793383955955505
    },
    "val": {
        "f1_weighted": 0.6016149324324848,
        "f1_micro": 0.6113615870153292,
        "f1_macro": 0.4655290883562965,
        "cross_entropy_loss": 1.2521021366119385
    },
    "test": {
        "f1_weighted": 0.6381009668435519,
        "f1_micro": 0.6386973180076628,
        "f1_macro": 0.4720982745111761,
        "cross_entropy_loss": 1.1660605669021606
    }
}