{
    "train": {
        "f1_weighted": 0.716692751359863,
        "f1_micro": 0.7239963960356393,
        "f1_macro": 0.5530593148024867
    },
    "val": {
        "f1_weighted": 0.6264894809038192,
        "f1_micro": 0.6429215509467989,
        "f1_macro": 0.47014364540364756
    },
    "test": {
        "f1_weighted": 0.6511231173154636,
        "f1_micro": 0.6574712643678161,
        "f1_macro": 0.47475061458538775
    }
}