{
    "train": {
        "f1_weighted": {
            "mean": 0.7572257281010601,
            "std": 0.04159133523012644
        },
        "f1_micro": {
            "mean": 0.7655821403543899,
            "std": 0.03754936209926708
        },
        "f1_macro": {
            "mean": 0.6131757303550861,
            "std": 0.07783162888821811
        }
    },
    "val": {
        "f1_weighted": {
            "mean": 0.6230564365592748,
            "std": 0.012646160692162432
        },
        "f1_micro": {
            "mean": 0.6405770964833184,
            "std": 0.008016631477328333
        },
        "f1_macro": {
            "mean": 0.47619055658224674,
            "std": 0.029758589440509103
        }
    },
    "test": {
        "f1_weighted": {
            "mean": 0.6463608114870607,
            "std": 0.003134842246912826
        },
        "f1_micro": {
            "mean": 0.6570114942528736,
            "std": 0.0039846743295019115
        },
        "f1_macro": {
            "mean": 0.4702533227599158,
            "std": 0.019055749331500574
        }
    }
}