{
    "train": {
        "f1_weighted": 0.457071795505567,
        "f1_micro": 0.4969800684517818,
        "f1_macro": 0.3742923455451447,
        "cross_entropy_loss": 1.438425064086914
    },
    "val": {
        "f1_weighted": 0.3786849751450091,
        "f1_micro": 0.4166666666666667,
        "f1_macro": 0.31091266853443944,
        "cross_entropy_loss": 1.5874279737472534
    },
    "test": {
        "f1_weighted": 0.3622646553788762,
        "f1_micro": 0.41566265060240964,
        "f1_macro": 0.30615792726645796,
        "cross_entropy_loss": 1.6027225255966187
    }
}