{
    "train": {
        "f1_weighted": {
            "mean": 0.457071795505567,
            "std": 0.0
        },
        "f1_micro": {
            "mean": 0.4969800684517818,
            "std": 0.0
        },
        "f1_macro": {
            "mean": 0.3742923455451447,
            "std": 0.0
        },
        "cross_entropy_loss": {
            "mean": 1.438425064086914,
            "std": 0.0
        }
    },
    "val": {
        "f1_weighted": {
            "mean": 0.3786849751450091,
            "std": 0.0
        },
        "f1_micro": {
            "mean": 0.4166666666666667,
            "std": 0.0
        },
        "f1_macro": {
            "mean": 0.31091266853443944,
            "std": 0.0
        },
        "cross_entropy_loss": {
            "mean": 1.5874279737472534,
            "std": 0.0
        }
    },
    "test": {
        "f1_weighted": {
            "mean": 0.3622646553788762,
            "std": 0.0
        },
        "f1_micro": {
            "mean": 0.41566265060240964,
            "std": 0.0
        },
        "f1_macro": {
            "mean": 0.30615792726645796,
            "std": 0.0
        },
        "cross_entropy_loss": {
            "mean": 1.6027225255966187,
            "std": 0.0
        }
    }
}