{
    "train": {
        "f1_weighted": 0.7781550553499552,
        "f1_micro": 0.782761037140855,
        "f1_macro": 0.6549464011543867
    },
    "val": {
        "f1_weighted": 0.6600224449648718,
        "f1_micro": 0.6699729486023445,
        "f1_macro": 0.531903947430002
    },
    "test": {
        "f1_weighted": 0.658435981928326,
        "f1_micro": 0.6697318007662836,
        "f1_macro": 0.4903921605256148
    }
}