{
    "train": {
        "f1_weighted": 0.73901607831428,
        "f1_micro": 0.7463209530483532,
        "f1_macro": 0.5701284934308233
    },
    "val": {
        "f1_weighted": 0.6412640413099615,
        "f1_micro": 0.6528403967538323,
        "f1_macro": 0.48163869966155887
    },
    "test": {
        "f1_weighted": 0.6549700221446478,
        "f1_micro": 0.6616858237547892,
        "f1_macro": 0.46786669696933597
    }
}