{
    "train": {
        "f1_weighted": 0.8418251881438548,
        "f1_micro": 0.8416257883672039,
        "f1_macro": 0.7530615719467421
    },
    "val": {
        "f1_weighted": 0.6571554145977826,
        "f1_micro": 0.6573489630297565,
        "f1_macro": 0.5338968503017795
    },
    "test": {
        "f1_weighted": 0.6676747044252761,
        "f1_micro": 0.668199233716475,
        "f1_macro": 0.5125020097371029
    }
}