{
    "train": {
        "f1_weighted": 0.763609761304245,
        "f1_micro": 0.7723495845429973,
        "f1_macro": 0.6204048067509611
    },
    "val": {
        "f1_weighted": 0.6412190621023132,
        "f1_micro": 0.6582506762849414,
        "f1_macro": 0.5082883984372569
    },
    "test": {
        "f1_weighted": 0.6477033811465627,
        "f1_micro": 0.6632183908045977,
        "f1_macro": 0.4720846275819706
    }
}