{
    "train": {
        "f1_weighted": 0.7487267848480784,
        "f1_micro": 0.7563319651616779,
        "f1_macro": 0.5944485295164458
    },
    "val": {
        "f1_weighted": 0.6422450315962352,
        "f1_micro": 0.6600541027953111,
        "f1_macro": 0.4743031169114369
    },
    "test": {
        "f1_weighted": 0.6488377092146966,
        "f1_micro": 0.6590038314176245,
        "f1_macro": 0.4594620070660768
    }
}