{
    "train": {
        "f1_weighted": {
            "mean": 0.7821102890170242,
            "std": 0.03646143363606812
        },
        "f1_micro": {
            "mean": 0.7885273801181298,
            "std": 0.033334150954438264
        },
        "f1_macro": {
            "mean": 0.6598538642944349,
            "std": 0.0564570207965842
        }
    },
    "val": {
        "f1_weighted": {
            "mean": 0.6444440359158862,
            "std": 0.01225340856261222
        },
        "f1_micro": {
            "mean": 0.6595130748422002,
            "std": 0.008016631477328371
        },
        "f1_macro": {
            "mean": 0.5146593438888674,
            "std": 0.021007696994635342
        }
    },
    "test": {
        "f1_weighted": {
            "mean": 0.6570603443319227,
            "std": 0.007040184499354859
        },
        "f1_micro": {
            "mean": 0.670191570881226,
            "std": 0.0050213501687067915
        },
        "f1_macro": {
            "mean": 0.4876386187918741,
            "std": 0.017253122033778743
        }
    }
}