{
    "train": {
        "f1_weighted": 0.7469146960031067,
        "f1_micro": 0.7488488907492675,
        "f1_macro": 0.7352307942028499,
        "cross_entropy_loss": 0.7157341837882996
    },
    "val": {
        "f1_weighted": 0.5445812782326539,
        "f1_micro": 0.5510204081632653,
        "f1_macro": 0.505032768048967,
        "cross_entropy_loss": 1.239591121673584
    },
    "test": {
        "f1_weighted": 0.5261181007918128,
        "f1_micro": 0.528976572133169,
        "f1_macro": 0.5060973183521302,
        "cross_entropy_loss": 1.310505986213684
    }
}