{
    "train": {
        "f1_weighted": 0.7711927371761795,
        "f1_micro": 0.7720803683549602,
        "f1_macro": 0.7652497021353266,
        "cross_entropy_loss": 0.6502227783203125
    },
    "val": {
        "f1_weighted": 0.5628567271716889,
        "f1_micro": 0.563265306122449,
        "f1_macro": 0.5244430463501081,
        "cross_entropy_loss": 1.2067354917526245
    },
    "test": {
        "f1_weighted": 0.5299874906507333,
        "f1_micro": 0.531442663378545,
        "f1_macro": 0.512759104303932,
        "cross_entropy_loss": 1.2951143980026245
    }
}