{
    "train": {
        "f1_weighted": {
            "mean": 0.7411417037016794,
            "std": 0.03216643689132471
        },
        "f1_micro": {
            "mean": 0.7436165759732105,
            "std": 0.030569617167755945
        },
        "f1_macro": {
            "mean": 0.729749460784838,
            "std": 0.03570936656920914
        },
        "cross_entropy_loss": {
            "mean": 0.7161420464515686,
            "std": 0.07025332559985525
        }
    },
    "val": {
        "f1_weighted": {
            "mean": 0.5430065461930534,
            "std": 0.01279713973056942
        },
        "f1_micro": {
            "mean": 0.5475510204081633,
            "std": 0.010596534682242583
        },
        "f1_macro": {
            "mean": 0.5009669226542632,
            "std": 0.014615984606249008
        },
        "cross_entropy_loss": {
            "mean": 1.242845058441162,
            "std": 0.026767758403723047
        }
    },
    "test": {
        "f1_weighted": {
            "mean": 0.516428055614618,
            "std": 0.01081061658031743
        },
        "f1_micro": {
            "mean": 0.51960542540074,
            "std": 0.01060275848419513
        },
        "f1_macro": {
            "mean": 0.49582914749220386,
            "std": 0.012368385259666275
        },
        "cross_entropy_loss": {
            "mean": 1.3105185270309447,
            "std": 0.014249873448028694
        }
    }
}