{
    "train": {
        "f1_weighted": 0.7327259866199971,
        "f1_micro": 0.7470217238962861,
        "f1_macro": 0.568183900439963
    },
    "val": {
        "f1_weighted": 0.6382386022611579,
        "f1_micro": 0.6591523895401262,
        "f1_macro": 0.48461688602382225
    },
    "test": {
        "f1_weighted": 0.6465557472563416,
        "f1_micro": 0.6666666666666666,
        "f1_macro": 0.451258369378983
    }
}