{
    "train": {
        "f1_weighted": 0.7689419091957586,
        "f1_micro": 0.7778556412053259,
        "f1_macro": 0.6382635174673696
    },
    "val": {
        "f1_weighted": 0.6431734100417911,
        "f1_micro": 0.6618575293056808,
        "f1_macro": 0.4960265283743271
    },
    "test": {
        "f1_weighted": 0.6647966099453002,
        "f1_micro": 0.6800766283524904,
        "f1_macro": 0.4917927523994317
    }
}