{
    "train": {
        "f1_weighted": 0.8314986836498037,
        "f1_micro": 0.8367203924316748,
        "f1_macro": 0.7359055950088977
    },
    "val": {
        "f1_weighted": 0.6305198331698283,
        "f1_micro": 0.6501352569882777,
        "f1_macro": 0.5037857702491398
    },
    "test": {
        "f1_weighted": 0.6451817213288958,
        "f1_micro": 0.664367816091954,
        "f1_macro": 0.4610081514276606
    }
}