{
    "train": {
        "f1_weighted": 0.8325564369954493,
        "f1_micro": 0.8377214936430074,
        "f1_macro": 0.7402439034602384
    },
    "val": {
        "f1_weighted": 0.6411838098397902,
        "f1_micro": 0.6582506762849414,
        "f1_macro": 0.5166499233569353
    },
    "test": {
        "f1_weighted": 0.644654126197741,
        "f1_micro": 0.6624521072796935,
        "f1_macro": 0.4718739698602502
    }
}