{
    "train": {
        "f1_weighted": {
            "mean": 0.788520502224296,
            "std": 0.04713454123570233
        },
        "f1_micro": {
            "mean": 0.7957152868154971,
            "std": 0.04267677438345531
        },
        "f1_macro": {
            "mean": 0.6615366872124039,
            "std": 0.07902591632691486
        }
    },
    "val": {
        "f1_weighted": {
            "mean": 0.6390861699646425,
            "std": 0.00873027162550444
        },
        "f1_micro": {
            "mean": 0.6557258791704237,
            "std": 0.0060192314763854735
        },
        "f1_macro": {
            "mean": 0.4956633530695772,
            "std": 0.01937620709983194
        }
    },
    "test": {
        "f1_weighted": {
            "mean": 0.6547226457076606,
            "std": 0.010688894716429614
        },
        "f1_micro": {
            "mean": 0.6678927203065134,
            "std": 0.010780931119361348
        },
        "f1_macro": {
            "mean": 0.4748197528066444,
            "std": 0.020966243759753842
        }
    }
}