{
    "train": {
        "f1_weighted": {
            "mean": 0.7874720700682832,
            "std": 0.04192339429649764
        },
        "f1_micro": {
            "mean": 0.7947342076283913,
            "std": 0.03755010942015287
        },
        "f1_macro": {
            "mean": 0.6634456120014366,
            "std": 0.0672196162228529
        }
    },
    "val": {
        "f1_weighted": {
            "mean": 0.6380717092819084,
            "std": 0.007445243235577073
        },
        "f1_micro": {
            "mean": 0.6551848512173128,
            "std": 0.005088092328103125
        },
        "f1_macro": {
            "mean": 0.4974806580752992,
            "std": 0.02043861310342227
        }
    },
    "test": {
        "f1_weighted": {
            "mean": 0.6516606320215408,
            "std": 0.006973274925751269
        },
        "f1_micro": {
            "mean": 0.6647509578544062,
            "std": 0.010763487999643448
        },
        "f1_macro": {
            "mean": 0.47681022552535907,
            "std": 0.01513405603980462
        }
    }
}