{
    "train": {
        "f1_weighted": 0.7061610803195454,
        "f1_micro": 0.7141063206362495,
        "f1_macro": 0.7157108841022564
    },
    "val": {
        "f1_weighted": 0.5409358643484528,
        "f1_micro": 0.5612244897959183,
        "f1_macro": 0.5417466152688579
    },
    "test": {
        "f1_weighted": 0.6204664636777836,
        "f1_micro": 0.6337854500616523,
        "f1_macro": 0.5855023006185398
    }
}