{
    "train": {
        "f1_weighted": 0.7210936523068732,
        "f1_micro": 0.7239430724152365,
        "f1_macro": 0.730449150747396
    },
    "val": {
        "f1_weighted": 0.6091787309924219,
        "f1_micro": 0.6051020408163266,
        "f1_macro": 0.6005268742183613
    },
    "test": {
        "f1_weighted": 0.6547302336618926,
        "f1_micro": 0.654747225647349,
        "f1_macro": 0.6480449386560099
    }
}