{
    "train": {
        "f1_weighted": 0.8046335613159294,
        "f1_micro": 0.8043114273754709,
        "f1_macro": 0.8071002368573907
    },
    "val": {
        "f1_weighted": 0.6268786434377145,
        "f1_micro": 0.6234693877551021,
        "f1_macro": 0.6156079080114706
    },
    "test": {
        "f1_weighted": 0.6469981237522379,
        "f1_micro": 0.6454993834771886,
        "f1_macro": 0.6302786297422592
    }
}