{
    "train": {
        "f1_weighted": 0.7792930970452582,
        "f1_micro": 0.7897687456201822,
        "f1_macro": 0.6335595396192332
    },
    "val": {
        "f1_weighted": 0.6264600290610014,
        "f1_micro": 0.6465284039675383,
        "f1_macro": 0.46852519888076294
    },
    "test": {
        "f1_weighted": 0.6552308055202682,
        "f1_micro": 0.671647509578544,
        "f1_macro": 0.4759242122250562
    }
}