{
    "train": {
        "f1_weighted": 0.827257547581328,
        "f1_micro": 0.829011913104415,
        "f1_macro": 0.7261972321196865
    },
    "val": {
        "f1_weighted": 0.6407655154984442,
        "f1_micro": 0.6456266907123535,
        "f1_macro": 0.5089824567099648
    },
    "test": {
        "f1_weighted": 0.6515557402973398,
        "f1_micro": 0.6528735632183909,
        "f1_macro": 0.49686664628093136
    }
}