{
    "train": {
        "f1_weighted": {
            "mean": 0.7820566665514997,
            "std": 0.04236120853094827
        },
        "f1_micro": {
            "mean": 0.7897287015717289,
            "std": 0.03933344877337695
        },
        "f1_macro": {
            "mean": 0.6528185966088458,
            "std": 0.07005312917610963
        }
    },
    "val": {
        "f1_weighted": {
            "mean": 0.6361270007270537,
            "std": 0.006564866520750239
        },
        "f1_micro": {
            "mean": 0.6524797114517583,
            "std": 0.006467239342485513
        },
        "f1_macro": {
            "mean": 0.4894247526563644,
            "std": 0.018471324971982662
        }
    },
    "test": {
        "f1_weighted": {
            "mean": 0.6484398474718235,
            "std": 0.0072296116494418765
        },
        "f1_micro": {
            "mean": 0.66183908045977,
            "std": 0.009305219092636829
        },
        "f1_macro": {
            "mean": 0.4768111449506929,
            "std": 0.012682968625039157
        }
    }
}