{
    "train": {
        "f1_weighted": 0.7734811943083191,
        "f1_micro": 0.7756383424026789,
        "f1_macro": 0.7794798323412446,
        "cross_entropy_loss": 0.5929383635520935
    },
    "val": {
        "f1_weighted": 0.5783163062439673,
        "f1_micro": 0.5755102040816327,
        "f1_macro": 0.5616505517526633,
        "cross_entropy_loss": 1.1045000553131104
    },
    "test": {
        "f1_weighted": 0.6172657753996483,
        "f1_micro": 0.6202219482120839,
        "f1_macro": 0.6015530729326327,
        "cross_entropy_loss": 1.1022144556045532
    }
}