{
    "train": {
        "f1_weighted": 0.6922663310403656,
        "f1_micro": 0.6946421096693177,
        "f1_macro": 0.6980798392609389
    },
    "val": {
        "f1_weighted": 0.6262852481600113,
        "f1_micro": 0.6214285714285714,
        "f1_macro": 0.6129269079126977
    },
    "test": {
        "f1_weighted": 0.6056967561318037,
        "f1_micro": 0.6115906288532675,
        "f1_macro": 0.5793757998838461
    }
}