{
    "train": {
        "f1_weighted": 0.9343134767058099,
        "f1_micro": 0.9377121181872629,
        "f1_macro": 0.7248693013300048,
        "cross_entropy_loss": 0.20826785266399384
    },
    "val": {
        "f1_weighted": 0.9062822471224279,
        "f1_micro": 0.9105098855359001,
        "f1_macro": 0.6156293419224453,
        "cross_entropy_loss": 0.31419962644577026
    },
    "test": {
        "f1_weighted": 0.8691548629343235,
        "f1_micro": 0.8752642706131079,
        "f1_macro": 0.6541477187521643,
        "cross_entropy_loss": 0.37915030121803284
    }
}