{
    "train": {
        "f1_weighted": 0.9345776868867501,
        "f1_micro": 0.9357157117189061,
        "f1_macro": 0.740416088642661,
        "cross_entropy_loss": 0.20859383046627045
    },
    "val": {
        "f1_weighted": 0.9115204183348081,
        "f1_micro": 0.9105098855359001,
        "f1_macro": 0.6380562318549168,
        "cross_entropy_loss": 0.30197933316230774
    },
    "test": {
        "f1_weighted": 0.8796644262097744,
        "f1_micro": 0.8816067653276956,
        "f1_macro": 0.6817819096556456,
        "cross_entropy_loss": 0.3651892840862274
    }
}