{
    "train": {
        "f1_weighted": 0.9235352049256565,
        "f1_micro": 0.9257336793771211,
        "f1_macro": 0.6734268749140441,
        "cross_entropy_loss": 0.2343595027923584
    },
    "val": {
        "f1_weighted": 0.9069664120268698,
        "f1_micro": 0.9073881373569199,
        "f1_macro": 0.62594414502361,
        "cross_entropy_loss": 0.2970329225063324
    },
    "test": {
        "f1_weighted": 0.8674926138988469,
        "f1_micro": 0.86892177589852,
        "f1_macro": 0.6161519152118128,
        "cross_entropy_loss": 0.39674726128578186
    }
}