{
    "train": {
        "f1_weighted": 0.905674597064615,
        "f1_micro": 0.915818193917615,
        "f1_macro": 0.560818060931419,
        "cross_entropy_loss": 0.2660087049007416
    },
    "val": {
        "f1_weighted": 0.8942698349178023,
        "f1_micro": 0.9032258064516129,
        "f1_macro": 0.5387121232577315,
        "cross_entropy_loss": 0.309390664100647
    },
    "test": {
        "f1_weighted": 0.8498388321377705,
        "f1_micro": 0.864693446088795,
        "f1_macro": 0.5119817383866928,
        "cross_entropy_loss": 0.40542832016944885
    }
}