{
    "train": {
        "f1_weighted": {
            "mean": 0.9246478368923,
            "std": 0.010521299994405589
        },
        "f1_micro": {
            "mean": 0.9285286484328209,
            "std": 0.007824396664392856
        },
        "f1_macro": {
            "mean": 0.6812440853537909,
            "std": 0.06421140286458614
        },
        "cross_entropy_loss": {
            "mean": 0.2291125774383545,
            "std": 0.021189543280868868
        }
    },
    "val": {
        "f1_weighted": {
            "mean": 0.9025804173506554,
            "std": 0.007182203233513549
        },
        "f1_micro": {
            "mean": 0.9055150884495318,
            "std": 0.0054825972413400925
        },
        "f1_macro": {
            "mean": 0.6051709918455425,
            "std": 0.03476954631503668
        },
        "cross_entropy_loss": {
            "mean": 0.30788409113883974,
            "std": 0.007410571987267536
        }
    },
    "test": {
        "f1_weighted": {
            "mean": 0.8666530070521599,
            "std": 0.009583219921472657
        },
        "f1_micro": {
            "mean": 0.8721634954193094,
            "std": 0.0058044426446720145
        },
        "f1_macro": {
            "mean": 0.6173826974851128,
            "std": 0.05768829337713666
        },
        "cross_entropy_loss": {
            "mean": 0.3882234454154968,
            "std": 0.014298562264331557
        }
    }
}