{
    "train": {
        "f1_weighted": 0.4467366247258518,
        "f1_micro": 0.5030199315482182,
        "f1_macro": 0.3506048506254687,
        "cross_entropy_loss": 1.3992316722869873
    },
    "val": {
        "f1_weighted": 0.37282594627500193,
        "f1_micro": 0.42931547619047616,
        "f1_macro": 0.29803771624401054,
        "cross_entropy_loss": 1.5671806335449219
    },
    "test": {
        "f1_weighted": 0.3422212081999782,
        "f1_micro": 0.411144578313253,
        "f1_macro": 0.27838660037128765,
        "cross_entropy_loss": 1.6089437007904053
    }
}