{
    "train": {
        "f1_weighted": 0.4448145249394679,
        "f1_micro": 0.4958727602174351,
        "f1_macro": 0.35327476647888456,
        "cross_entropy_loss": 1.4164711236953735
    },
    "val": {
        "f1_weighted": 0.3780591204222296,
        "f1_micro": 0.42857142857142855,
        "f1_macro": 0.30498529730993074,
        "cross_entropy_loss": 1.5822174549102783
    },
    "test": {
        "f1_weighted": 0.3472777278101944,
        "f1_micro": 0.4096385542168675,
        "f1_macro": 0.28763207125733564,
        "cross_entropy_loss": 1.613368034362793
    }
}