{
    "train": {
        "f1_weighted": {
            "mean": 0.4475409038667154,
            "std": 0.00836069020739719
        },
        "f1_micro": {
            "mean": 0.5004026575397624,
            "std": 0.006934892148036992
        },
        "f1_macro": {
            "mean": 0.3537912089285981,
            "std": 0.009873898060088178
        },
        "cross_entropy_loss": {
            "mean": 1.4065336465835572,
            "std": 0.0126763137763394
        }
    },
    "val": {
        "f1_weighted": {
            "mean": 0.3770119641731961,
            "std": 0.005623970059445962
        },
        "f1_micro": {
            "mean": 0.42976190476190473,
            "std": 0.0038690476190476283
        },
        "f1_macro": {
            "mean": 0.30035123581025214,
            "std": 0.005620814739156677
        },
        "cross_entropy_loss": {
            "mean": 1.5775773525238037,
            "std": 0.006600323447514265
        }
    },
    "test": {
        "f1_weighted": {
            "mean": 0.3458859638709914,
            "std": 0.0028267612038699466
        },
        "f1_micro": {
            "mean": 0.40993975903614455,
            "std": 0.0013966292914903257
        },
        "f1_macro": {
            "mean": 0.28322203336224305,
            "std": 0.004734267964846738
        },
        "cross_entropy_loss": {
            "mean": 1.6247021675109863,
            "std": 0.014563007364372733
        }
    }
}