{
    "train": {
        "f1_weighted": 0.7241580767350236,
        "f1_micro": 0.7285475094181666,
        "f1_macro": 0.7270073732880085,
        "cross_entropy_loss": 0.7122936248779297
    },
    "val": {
        "f1_weighted": 0.5530201311272374,
        "f1_micro": 0.563265306122449,
        "f1_macro": 0.5327476967680028,
        "cross_entropy_loss": 1.0559108257293701
    },
    "test": {
        "f1_weighted": 0.586788937822087,
        "f1_micro": 0.5955610357583231,
        "f1_macro": 0.565407026214664,
        "cross_entropy_loss": 1.0202997922897339
    }
}