{
    "train": {
        "f1_weighted": {
            "mean": 0.7241580767350236,
            "std": 0.0
        },
        "f1_micro": {
            "mean": 0.7285475094181666,
            "std": 0.0
        },
        "f1_macro": {
            "mean": 0.7270073732880085,
            "std": 0.0
        },
        "cross_entropy_loss": {
            "mean": 0.7122936248779297,
            "std": 0.0
        }
    },
    "val": {
        "f1_weighted": {
            "mean": 0.5530201311272374,
            "std": 0.0
        },
        "f1_micro": {
            "mean": 0.563265306122449,
            "std": 0.0
        },
        "f1_macro": {
            "mean": 0.5327476967680028,
            "std": 0.0
        },
        "cross_entropy_loss": {
            "mean": 1.0559108257293701,
            "std": 0.0
        }
    },
    "test": {
        "f1_weighted": {
            "mean": 0.586788937822087,
            "std": 0.0
        },
        "f1_micro": {
            "mean": 0.5955610357583231,
            "std": 0.0
        },
        "f1_macro": {
            "mean": 0.565407026214664,
            "std": 0.0
        },
        "cross_entropy_loss": {
            "mean": 1.0202997922897339,
            "std": 0.0
        }
    }
}