{
    "train": {
        "f1_weighted": 0.6847831557742641,
        "f1_micro": 0.6854332356634575,
        "f1_macro": 0.6876992563922527,
        "cross_entropy_loss": 0.7990805506706238
    },
    "val": {
        "f1_weighted": 0.572647920585408,
        "f1_micro": 0.5612244897959183,
        "f1_macro": 0.5421342912625368,
        "cross_entropy_loss": 1.0757098197937012
    },
    "test": {
        "f1_weighted": 0.5714419522292511,
        "f1_micro": 0.5709001233045623,
        "f1_macro": 0.5529372972190062,
        "cross_entropy_loss": 1.1106674671173096
    }
}