{
    "train": {
        "f1_weighted": 0.7153156285235029,
        "f1_micro": 0.7159899539556298,
        "f1_macro": 0.7208735971607666,
        "cross_entropy_loss": 0.7351054549217224
    },
    "val": {
        "f1_weighted": 0.5885833603964552,
        "f1_micro": 0.5806122448979592,
        "f1_macro": 0.5639544347286064,
        "cross_entropy_loss": 1.0645842552185059
    },
    "test": {
        "f1_weighted": 0.589122804139329,
        "f1_micro": 0.5900123304562269,
        "f1_macro": 0.5772086340290575,
        "cross_entropy_loss": 1.0962300300598145
    }
}