{
    "train": {
        "f1_weighted": 0.8017417652833392,
        "f1_micro": 0.8022185014650481,
        "f1_macro": 0.8036441343743457
    },
    "val": {
        "f1_weighted": 0.6381198957080824,
        "f1_micro": 0.6387755102040816,
        "f1_macro": 0.6277186600524006
    },
    "test": {
        "f1_weighted": 0.6513526548275467,
        "f1_micro": 0.6535141800246609,
        "f1_macro": 0.6238046079731931
    }
}