{
    "train": {
        "f1_weighted": 0.8375079040001785,
        "f1_micro": 0.8371703641691084,
        "f1_macro": 0.8430639226702502
    },
    "val": {
        "f1_weighted": 0.6037252176001967,
        "f1_micro": 0.6071428571428571,
        "f1_macro": 0.6132449046195092
    },
    "test": {
        "f1_weighted": 0.6521571333231152,
        "f1_micro": 0.6498150431565968,
        "f1_macro": 0.6477388281031793
    }
}