{
    "train": {
        "f1_weighted": {
            "mean": 0.7998457037843691,
            "std": 0.04552928197880035
        },
        "f1_micro": {
            "mean": 0.7997907074089579,
            "std": 0.04522204149960281
        },
        "f1_macro": {
            "mean": 0.8028180531725944,
            "std": 0.044829984916833716
        }
    },
    "val": {
        "f1_weighted": {
            "mean": 0.6352545086249061,
            "std": 0.019623919564904186
        },
        "f1_micro": {
            "mean": 0.6351020408163265,
            "std": 0.01831739238556481
        },
        "f1_macro": {
            "mean": 0.626244253820859,
            "std": 0.021328750541183807
        }
    },
    "test": {
        "f1_weighted": {
            "mean": 0.6627575913219041,
            "std": 0.013524232700427793
        },
        "f1_micro": {
            "mean": 0.6626387176325524,
            "std": 0.012473888338880879
        },
        "f1_macro": {
            "mean": 0.6488485874383493,
            "std": 0.020425517150424864
        }
    }
}