{
    "train": {
        "f1_weighted": 0.9154892233827341,
        "f1_micro": 0.9185466160910362,
        "f1_macro": 0.666192376654307,
        "cross_entropy_loss": 0.25483277440071106
    },
    "val": {
        "f1_weighted": 0.8986949323393457,
        "f1_micro": 0.9001040582726326,
        "f1_macro": 0.588662500505499,
        "cross_entropy_loss": 0.3173157572746277
    },
    "test": {
        "f1_weighted": 0.8500122443338467,
        "f1_micro": 0.854122621564482,
        "f1_macro": 0.5650469278666778,
        "cross_entropy_loss": 0.44131821393966675
    }
}