{
    "train": {
        "f1_weighted": 0.8011548113007906,
        "f1_micro": 0.8005441607367101,
        "f1_macro": 0.8020505612828677
    },
    "val": {
        "f1_weighted": 0.6641378322454056,
        "f1_micro": 0.6602040816326531,
        "f1_macro": 0.6405689560833198
    },
    "test": {
        "f1_weighted": 0.6954236106302346,
        "f1_micro": 0.6935881627620222,
        "f1_macro": 0.6768523572763238
    }
}