{
    "train": {
        "f1_weighted": 0.5154481488988758,
        "f1_micro": 0.5665391584457419,
        "f1_macro": 0.42599402036372913,
        "cross_entropy_loss": 1.226938247680664
    },
    "val": {
        "f1_weighted": 0.37953697176603696,
        "f1_micro": 0.43154761904761907,
        "f1_macro": 0.3070187596564505,
        "cross_entropy_loss": 1.600714921951294
    },
    "test": {
        "f1_weighted": 0.3353170650415094,
        "f1_micro": 0.3998493975903614,
        "f1_macro": 0.2732178984374736,
        "cross_entropy_loss": 1.6465189456939697
    }
}