{
    "train": {
        "f1_weighted": 0.460795283887974,
        "f1_micro": 0.508455808335011,
        "f1_macro": 0.37072361048930025,
        "cross_entropy_loss": 1.385465145111084
    },
    "val": {
        "f1_weighted": 0.38664496485663913,
        "f1_micro": 0.43526785714285715,
        "f1_macro": 0.31592284118245734,
        "cross_entropy_loss": 1.5708892345428467
    },
    "test": {
        "f1_weighted": 0.3501281529042799,
        "f1_micro": 0.4096385542168675,
        "f1_macro": 0.2879419781848028,
        "cross_entropy_loss": 1.609837532043457
    }
}