{
    "train": {
        "f1_weighted": {
            "mean": 0.48431005482411543,
            "std": 0.03700766449886899
        },
        "f1_micro": {
            "mean": 0.5303603784980874,
            "std": 0.030542748896817296
        },
        "f1_macro": {
            "mean": 0.39953792295077467,
            "std": 0.041321645620484224
        },
        "cross_entropy_loss": {
            "mean": 1.3300979852676391,
            "std": 0.07239672077960155
        }
    },
    "val": {
        "f1_weighted": {
            "mean": 0.3793487222664558,
            "std": 0.006955229237602946
        },
        "f1_micro": {
            "mean": 0.42857142857142866,
            "std": 0.004912968458100954
        },
        "f1_macro": {
            "mean": 0.30612553144786275,
            "std": 0.00938635096207198
        },
        "cross_entropy_loss": {
            "mean": 1.5893419981002808,
            "std": 0.009913582321500976
        }
    },
    "test": {
        "f1_weighted": {
            "mean": 0.34148270099403333,
            "std": 0.009647670987724268
        },
        "f1_micro": {
            "mean": 0.39954819277108433,
            "std": 0.005525282026459095
        },
        "f1_macro": {
            "mean": 0.28166544206408334,
            "std": 0.008877940846502605
        },
        "cross_entropy_loss": {
            "mean": 1.6303523063659668,
            "std": 0.012980586415786794
        }
    }
}