{
    "train": {
        "f1_weighted": 0.764490293212501,
        "f1_micro": 0.7682450695765342,
        "f1_macro": 0.6170989010651449
    },
    "val": {
        "f1_weighted": 0.6358536048185531,
        "f1_micro": 0.6438232642019838,
        "f1_macro": 0.48591135665521806
    },
    "test": {
        "f1_weighted": 0.6641785241839147,
        "f1_micro": 0.6685823754789272,
        "f1_macro": 0.488017410770255
    }
}