{
    "train": {
        "f1_weighted": 0.8030308308834623,
        "f1_micro": 0.8063870257283011,
        "f1_macro": 0.6971317652068035
    },
    "val": {
        "f1_weighted": 0.6661455699314796,
        "f1_micro": 0.6762849413886384,
        "f1_macro": 0.5377047288040719
    },
    "test": {
        "f1_weighted": 0.6460624525515739,
        "f1_micro": 0.6563218390804598,
        "f1_macro": 0.4743792520954164
    }
}