{
    "train": {
        "f1_weighted": {
            "mean": 0.7708554206586307,
            "std": 0.019385193652017848
        },
        "f1_micro": {
            "mean": 0.7783161477625388,
            "std": 0.016886841589573823
        },
        "f1_macro": {
            "mean": 0.6343928751468324,
            "std": 0.03394158623145771
        }
    },
    "val": {
        "f1_weighted": {
            "mean": 0.6506831113847896,
            "std": 0.012988770246696323
        },
        "f1_micro": {
            "mean": 0.6652840396753832,
            "std": 0.01350042724776404
        },
        "f1_macro": {
            "mean": 0.5078484260031377,
            "std": 0.019668664800461522
        }
    },
    "test": {
        "f1_weighted": {
            "mean": 0.6539846256160038,
            "std": 0.008777367780851572
        },
        "f1_micro": {
            "mean": 0.6667432950191572,
            "std": 0.007614406352361483
        },
        "f1_macro": {
            "mean": 0.4726196257366359,
            "std": 0.011466910455853015
        }
    }
}