{
    "train": {
        "f1_weighted": 0.7799702698466929,
        "f1_micro": 0.7823357053160318,
        "f1_macro": 0.7763512127944528
    },
    "val": {
        "f1_weighted": 0.6292939374349507,
        "f1_micro": 0.6285714285714286,
        "f1_macro": 0.6082398608855215
    },
    "test": {
        "f1_weighted": 0.6602214641323579,
        "f1_micro": 0.6639950678175093,
        "f1_macro": 0.6361597558163442
    }
}