{
    "train": {
        "f1_weighted": 0.8499302595441794,
        "f1_micro": 0.8503557974047719,
        "f1_macro": 0.8476336303166739
    },
    "val": {
        "f1_weighted": 0.6375239012921795,
        "f1_micro": 0.6346938775510204,
        "f1_macro": 0.6147417317077711
    },
    "test": {
        "f1_weighted": 0.651274812208761,
        "f1_micro": 0.6541307028360049,
        "f1_macro": 0.6308005300272395
    }
}