{
    "train": {
        "f1_weighted": 0.6557561995401868,
        "accuracy": 0.6815497046751426
    },
    "val": {
        "f1_weighted": 0.5842020875495231,
        "accuracy": 0.6230838593327321
    },
    "test": {
        "f1_weighted": 0.614950762796287,
        "accuracy": 0.6406130268199234
    }
}