{
    "train": {
        "f1_weighted": 0.7289364444880888,
        "f1_micro": 0.7441185303834218,
        "f1_macro": 0.5356386996536104,
        "accuracy": 0.7441185303834218
    },
    "val": {
        "f1_weighted": 0.5974741869632124,
        "f1_micro": 0.6221821460775473,
        "f1_macro": 0.4203041909467436,
        "accuracy": 0.6221821460775473
    },
    "test": {
        "f1_weighted": 0.6336101963149813,
        "f1_micro": 0.6494252873563219,
        "f1_macro": 0.432211689514029,
        "accuracy": 0.6494252873563219
    }
}