    {
    "train": {
        "f1_weighted": {
            "mean": 0.709562904405759,
            "std": 0.030912553813410112
        },
        "accuracy": {
            "mean": 0.7268995895485034,
            "std": 0.02727599412425515
        }
    },
    "val": {
        "f1_weighted": {
            "mean": 0.5887254114854105,
            "std": 0.004421528706396081
        },
        "accuracy": {
            "mean": 0.618755635707845,
            "std": 0.003533979791211049
        }
    },
    "test": {
        "f1_weighted": {
            "mean": 0.6303933382382507,
            "std": 0.009015572341356486
        },
        "accuracy": {
            "mean": 0.6491954022988505,
            "std": 0.005798493306480493
        }
    }
}