{
    "train": {
        "f1_weighted": 0.7086226137992017,
        "f1_micro": 0.7194914405846432,
        "f1_macro": 0.5401243357968288
    },
    "val": {
        "f1_weighted": 0.6128992055138801,
        "f1_micro": 0.6321009918845807,
        "f1_macro": 0.4447738208903811
    },
    "test": {
        "f1_weighted": 0.6411851752462768,
        "f1_micro": 0.6563218390804598,
        "f1_macro": 0.4394741523487908
    }
}