{
    "train": {
        "f1_weighted": 0.80010335929641,
        "f1_micro": 0.8051857042747022,
        "f1_macro": 0.6915318633509712
    },
    "val": {
        "f1_weighted": 0.634402225268116,
        "f1_micro": 0.6492335437330928,
        "f1_macro": 0.4965540633482594
    },
    "test": {
        "f1_weighted": 0.6394401857089363,
        "f1_micro": 0.6490421455938697,
        "f1_macro": 0.4752563747625693
    }
}