{
    "train": {
        "f1_weighted": {
            "mean": 0.7669050876732205,
            "std": 0.03657493685870507
        },
        "f1_micro": {
            "mean": 0.7753128441285414,
            "std": 0.03453579220000602
        },
        "f1_macro": {
            "mean": 0.633193767761043,
            "std": 0.057470891397373956
        }
    },
    "val": {
        "f1_weighted": {
            "mean": 0.6260413768943093,
            "std": 0.0072463408725260406
        },
        "f1_micro": {
            "mean": 0.6449053201082056,
            "std": 0.006660481627635476
        },
        "f1_macro": {
            "mean": 0.48487460674156724,
            "std": 0.022292758949408794
        }
    },
    "test": {
        "f1_weighted": {
            "mean": 0.6397778783363328,
            "std": 0.00429580779701854
        },
        "f1_micro": {
            "mean": 0.6540996168582375,
            "std": 0.005907842227554443
        },
        "f1_macro": {
            "mean": 0.4648161187429162,
            "std": 0.013158261761276623
        }
    }
}