{
    "train": {
        "f1_weighted": 0.650986015310215,
        "f1_micro": 0.663876098786103,
        "f1_macro": 0.6721728031098442,
        "cross_entropy_loss": 0.8026601076126099
    },
    "val": {
        "f1_weighted": 0.59358299728008,
        "f1_micro": 0.6071428571428571,
        "f1_macro": 0.5793518541654664,
        "cross_entropy_loss": 0.9506592750549316
    },
    "test": {
        "f1_weighted": 0.5993416784264688,
        "f1_micro": 0.6091245376078915,
        "f1_macro": 0.580114886258002,
        "cross_entropy_loss": 0.910223662853241
    }
}