{
    "train": {
        "f1_weighted": 0.8489003319164404,
        "f1_micro": 0.8503353689057964,
        "f1_macro": 0.765001743022827,
        "cross_entropy_loss": 0.6821109056472778
    },
    "val": {
        "f1_weighted": 0.6353094905414497,
        "f1_micro": 0.6456266907123535,
        "f1_macro": 0.5199543666422705,
        "cross_entropy_loss": 1.1605933904647827
    },
    "test": {
        "f1_weighted": 0.6337492640580424,
        "f1_micro": 0.6417624521072797,
        "f1_macro": 0.4552000478439226,
        "cross_entropy_loss": 1.1380999088287354
    }
}