{
    "train": {
        "f1_weighted": 0.8388260823064905,
        "f1_micro": 0.8407247972770047,
        "f1_macro": 0.7591988094889218,
        "cross_entropy_loss": 0.7544658780097961
    },
    "val": {
        "f1_weighted": 0.6351484475037716,
        "f1_micro": 0.648331830477908,
        "f1_macro": 0.5011377918093193,
        "cross_entropy_loss": 1.194092869758606
    },
    "test": {
        "f1_weighted": 0.6393985555048873,
        "f1_micro": 0.6524904214559387,
        "f1_macro": 0.4895829074245221,
        "cross_entropy_loss": 1.1776543855667114
    }
}