{
    "train": {
        "f1_weighted": {
            "mean": 0.812848262293292,
            "std": 0.025635721252962772
        },
        "f1_micro": {
            "mean": 0.8176794473921314,
            "std": 0.022979876531990302
        },
        "f1_macro": {
            "mean": 0.7128242720462291,
            "std": 0.04164127734690074
        },
        "cross_entropy_loss": {
            "mean": 0.7446673154830933,
            "std": 0.03171677258711695
        }
    },
    "val": {
        "f1_weighted": {
            "mean": 0.6334670418572588,
            "std": 0.007369378644731846
        },
        "f1_micro": {
            "mean": 0.6506762849413887,
            "std": 0.005368034649643729
        },
        "f1_macro": {
            "mean": 0.49933587267405943,
            "std": 0.017373549871457044
        },
        "cross_entropy_loss": {
            "mean": 1.1636787176132202,
            "std": 0.029093258953772887
        }
    },
    "test": {
        "f1_weighted": {
            "mean": 0.6371944736379683,
            "std": 0.008501687379966035
        },
        "f1_micro": {
            "mean": 0.6523371647509579,
            "std": 0.01022522028332332
        },
        "f1_macro": {
            "mean": 0.4668131936781498,
            "std": 0.020169258414446983
        },
        "cross_entropy_loss": {
            "mean": 1.1291585206985473,
            "std": 0.03404598522772233
        }
    }
}