{
    "train": {
        "f1_weighted": 0.7186259123946334,
        "f1_micro": 0.7271999199119032,
        "f1_macro": 0.5564433622351148
    },
    "val": {
        "f1_weighted": 0.6525997031522763,
        "f1_micro": 0.6654643823264202,
        "f1_macro": 0.5296082311810238
    },
    "test": {
        "f1_weighted": 0.6510188595879596,
        "f1_micro": 0.660536398467433,
        "f1_macro": 0.454131083947435
    }
}