{
    "train": {
        "f1_weighted": 0.7855770068154317,
        "f1_micro": 0.7910701771949145,
        "f1_macro": 0.6753857828002323
    },
    "val": {
        "f1_weighted": 0.6372088696034168,
        "f1_micro": 0.6555455365193869,
        "f1_macro": 0.49937875744866883
    },
    "test": {
        "f1_weighted": 0.6617425608770264,
        "f1_micro": 0.675095785440613,
        "f1_macro": 0.48938562118802603
    }
}