{
    "train": {
        "f1_weighted": 0.6986744715401865,
        "f1_micro": 0.7185904494944438,
        "f1_macro": 0.4792182437266856,
        "cross_entropy_loss": 0.8817689418792725
    },
    "val": {
        "f1_weighted": 0.6159428637906399,
        "f1_micro": 0.6420198376916141,
        "f1_macro": 0.4165651717656586,
        "cross_entropy_loss": 1.078681468963623
    },
    "test": {
        "f1_weighted": 0.6414676024568002,
        "f1_micro": 0.6651340996168582,
        "f1_macro": 0.4203334036491876,
        "cross_entropy_loss": 1.0214588642120361
    }
}