{
    "train": {
        "f1_weighted": {
            "mean": 0.790096289697761,
            "std": 0.045154416770864514
        },
        "f1_micro": {
            "mean": 0.7965361898087897,
            "std": 0.041240441861870515
        },
        "f1_macro": {
            "mean": 0.6691900750623214,
            "std": 0.0722856894817184
        }
    },
    "val": {
        "f1_weighted": {
            "mean": 0.6380624624512958,
            "std": 0.010751424662266288
        },
        "f1_micro": {
            "mean": 0.6522993688007214,
            "std": 0.008919215883771505
        },
        "f1_macro": {
            "mean": 0.5018708630850679,
            "std": 0.022097276596059166
        }
    },
    "test": {
        "f1_weighted": {
            "mean": 0.6503397607973876,
            "std": 0.004158297449929993
        },
        "f1_micro": {
            "mean": 0.6618390804597701,
            "std": 0.008057280875460482
        },
        "f1_macro": {
            "mean": 0.48051066804219716,
            "std": 0.016660755527436785
        }
    }
}