{
    "train": {
        "f1_weighted": 0.7047189595947091,
        "f1_micro": 0.7080368354960235,
        "f1_macro": 0.7123305454988621
    },
    "val": {
        "f1_weighted": 0.6186728864708745,
        "f1_micro": 0.6214285714285714,
        "f1_macro": 0.5899046742987292
    },
    "test": {
        "f1_weighted": 0.6313824708470065,
        "f1_micro": 0.6362515413070283,
        "f1_macro": 0.618414155565251
    }
}