{
    "train": {
        "f1_weighted": 0.7255755868412497,
        "f1_micro": 0.7272917538719129,
        "f1_macro": 0.728725937744792
    },
    "val": {
        "f1_weighted": 0.6090768493517472,
        "f1_micro": 0.6081632653061224,
        "f1_macro": 0.5891867720841691
    },
    "test": {
        "f1_weighted": 0.6289400821646665,
        "f1_micro": 0.6337854500616523,
        "f1_macro": 0.6049544313020371
    }
}