{
    "train": {
        "f1_weighted": 0.8786631254177955,
        "f1_micro": 0.8792381749686061,
        "f1_macro": 0.8748926496142797
    },
    "val": {
        "f1_weighted": 0.663383691595038,
        "f1_micro": 0.6612244897959184,
        "f1_macro": 0.6430991584358591
    },
    "test": {
        "f1_weighted": 0.6761153207319478,
        "f1_micro": 0.6824907521578298,
        "f1_macro": 0.6504621951000346
    }
}