{
    "train": {
        "f1_weighted": 0.7126320582830947,
        "f1_micro": 0.7239963960356393,
        "f1_macro": 0.5415836121627864
    },
    "val": {
        "f1_weighted": 0.6141550519556953,
        "f1_micro": 0.6330027051397655,
        "f1_macro": 0.4520935809176981
    },
    "test": {
        "f1_weighted": 0.6558657270971625,
        "f1_micro": 0.667816091954023,
        "f1_macro": 0.47944079107470794
    }
}