{
    "train": {
        "f1_weighted": 0.8039455398265901,
        "f1_micro": 0.8108919811792972,
        "f1_macro": 0.690811846992729
    },
    "val": {
        "f1_weighted": 0.6254101254472706,
        "f1_micro": 0.6411181244364292,
        "f1_macro": 0.4869193214094807
    },
    "test": {
        "f1_weighted": 0.646067682756416,
        "f1_micro": 0.6616858237547892,
        "f1_macro": 0.46851535745631384
    }
}