{
    "train": {
        "f1_weighted": 0.7006459703942216,
        "f1_micro": 0.7175893482831114,
        "f1_macro": 0.5113750301697598
    },
    "val": {
        "f1_weighted": 0.614920639884075,
        "f1_micro": 0.6402164111812444,
        "f1_macro": 0.43588736475923484
    },
    "test": {
        "f1_weighted": 0.6497363262977618,
        "f1_micro": 0.6685823754789272,
        "f1_macro": 0.4566300091892475
    }
}