{
    "train": {
        "f1_weighted": 0.8118539537056675,
        "f1_micro": 0.8160977074782261,
        "f1_macro": 0.7039142124282465
    },
    "val": {
        "f1_weighted": 0.6307131103202513,
        "f1_micro": 0.6429215509467989,
        "f1_macro": 0.49802461915670815
    },
    "test": {
        "f1_weighted": 0.6425525415579443,
        "f1_micro": 0.6509578544061303,
        "f1_macro": 0.46655296755495507
    }
}