{
    "train": {
        "f1_weighted": {
            "mean": 0.765219722540804,
            "std": 0.030971883806358343
        },
        "f1_micro": {
            "mean": 0.773570928020823,
            "std": 0.029440369716804474
        },
        "f1_macro": {
            "mean": 0.6297377236358563,
            "std": 0.05252233540133746
        }
    },
    "val": {
        "f1_weighted": {
            "mean": 0.620342458556028,
            "std": 0.006193734796438295
        },
        "f1_micro": {
            "mean": 0.6371505861136159,
            "std": 0.007360985259498115
        },
        "f1_macro": {
            "mean": 0.47620997802582465,
            "std": 0.018367278756887387
        }
    },
    "test": {
        "f1_weighted": {
            "mean": 0.6487664656035901,
            "std": 0.004891907720619987
        },
        "f1_micro": {
            "mean": 0.6627586206896552,
            "std": 0.004663639556997093
        },
        "f1_macro": {
            "mean": 0.4745561640060797,
            "std": 0.011290260298004399
        }
    }
}