{
    "train": {
        "f1_weighted": 0.8680266860785391,
        "f1_micro": 0.8687735454164922,
        "f1_macro": 0.862314873804348
    },
    "val": {
        "f1_weighted": 0.6461759715060043,
        "f1_micro": 0.6448979591836734,
        "f1_macro": 0.626755646226419
    },
    "test": {
        "f1_weighted": 0.6713039887314012,
        "f1_micro": 0.6794081381011098,
        "f1_macro": 0.6380789071571558
    }
}