{
    "train": {
        "f1_weighted": 0.4832660519279281,
        "f1_micro": 0.5389571169720153,
        "f1_macro": 0.39677002865984773,
        "cross_entropy_loss": 1.3235827684402466
    },
    "val": {
        "f1_weighted": 0.3851735371010255,
        "f1_micro": 0.44419642857142855,
        "f1_macro": 0.3118186442631791,
        "cross_entropy_loss": 1.585438847541809
    },
    "test": {
        "f1_weighted": 0.33740366442539227,
        "f1_micro": 0.40737951807228917,
        "f1_macro": 0.2727902553248021,
        "cross_entropy_loss": 1.6395639181137085
    }
}