{
    "train": {
        "f1_weighted": 0.48321976360615493,
        "f1_micro": 0.5287900140930138,
        "f1_macro": 0.40526691993232583,
        "cross_entropy_loss": 1.3470762968063354
    },
    "val": {
        "f1_weighted": 0.38639880537805543,
        "f1_micro": 0.4337797619047619,
        "f1_macro": 0.3171900754782409,
        "cross_entropy_loss": 1.58251953125
    },
    "test": {
        "f1_weighted": 0.3711811334256253,
        "f1_micro": 0.4329819277108434,
        "f1_macro": 0.3128758645258181,
        "cross_entropy_loss": 1.615749478340149
    }
}