{
    "train": {
        "f1_weighted": 0.5060074818541224,
        "f1_micro": 0.5390577813569559,
        "f1_macro": 0.4359915086370218,
        "cross_entropy_loss": 1.3389326333999634
    },
    "val": {
        "f1_weighted": 0.38365085943964694,
        "f1_micro": 0.4211309523809524,
        "f1_macro": 0.31455693831369735,
        "cross_entropy_loss": 1.5662425756454468
    },
    "test": {
        "f1_weighted": 0.3589816471916692,
        "f1_micro": 0.40662650602409633,
        "f1_macro": 0.30334100697453426,
        "cross_entropy_loss": 1.6044234037399292
    }
}