{
    "train": {
        "f1_weighted": 0.4884038464584156,
        "f1_micro": 0.5213408496074089,
        "f1_macro": 0.41926497017687814,
        "cross_entropy_loss": 1.3905296325683594
    },
    "val": {
        "f1_weighted": 0.37865957020117424,
        "f1_micro": 0.41889880952380953,
        "f1_macro": 0.3048076060623468,
        "cross_entropy_loss": 1.574867606163025
    },
    "test": {
        "f1_weighted": 0.3516836690045592,
        "f1_micro": 0.401355421686747,
        "f1_macro": 0.29764277976027037,
        "cross_entropy_loss": 1.6240031719207764
    }
}