{
    "train": {
        "f1_weighted": {
            "mean": 0.4884609169311974,
            "std": 0.009078469404181751
        },
        "f1_micro": {
            "mean": 0.5314878196094222,
            "std": 0.0067549927758710345
        },
        "f1_macro": {
            "mean": 0.41171748627873644,
            "std": 0.01428200233282863
        },
        "cross_entropy_loss": {
            "mean": 1.351115918159485,
            "std": 0.02233885455527622
        }
    },
    "val": {
        "f1_weighted": {
            "mean": 0.3808903557853947,
            "std": 0.005793370151780256
        },
        "f1_micro": {
            "mean": 0.4291666666666666,
            "std": 0.009153902678112908
        },
        "f1_macro": {
            "mean": 0.30884339680557543,
            "std": 0.007699907858740723
        },
        "cross_entropy_loss": {
            "mean": 1.5760596513748169,
            "std": 0.007082708276946947
        }
    },
    "test": {
        "f1_weighted": {
            "mean": 0.35218617658061874,
            "std": 0.012133635706715502
        },
        "f1_micro": {
            "mean": 0.41174698795180725,
            "std": 0.011009437881022332
        },
        "f1_macro": {
            "mean": 0.29279959621300156,
            "std": 0.015341170514289753
        },
        "cross_entropy_loss": {
            "mean": 1.617215371131897,
            "std": 0.013657850900178889
        }
    }
}