{
    "train": {
        "f1_weighted": 0.737611807809769,
        "f1_micro": 0.7473220542596856,
        "f1_macro": 0.5728943773920978
    },
    "val": {
        "f1_weighted": 0.6415136761040741,
        "f1_micro": 0.6564472497745717,
        "f1_macro": 0.4905335733646563
    },
    "test": {
        "f1_weighted": 0.6679311161393078,
        "f1_micro": 0.6796934865900384,
        "f1_macro": 0.4805801548052083
    }
}