{
    "train": {
        "f1_weighted": 0.7280974962521494,
        "f1_micro": 0.7401141255380919,
        "f1_macro": 0.5435463067847204
    },
    "val": {
        "f1_weighted": 0.6310874000908517,
        "f1_micro": 0.6501352569882777,
        "f1_macro": 0.45753306432149404
    },
    "test": {
        "f1_weighted": 0.6541284766332003,
        "f1_micro": 0.6674329501915709,
        "f1_macro": 0.45537173474195036
    }
}