{
    "train": {
        "f1_weighted": 0.7160293041214124,
        "f1_micro": 0.7208036835496023,
        "f1_macro": 0.7076329355495091
    },
    "val": {
        "f1_weighted": 0.59671889539173,
        "f1_micro": 0.6040816326530613,
        "f1_macro": 0.5996128164217773
    },
    "test": {
        "f1_weighted": 0.658280572186732,
        "f1_micro": 0.6676942046855734,
        "f1_macro": 0.6227732767014897
    }
}