{
    "train": {
        "f1_weighted": {
            "mean": 0.7831468788097594,
            "std": 0.034663464246452134
        },
        "f1_micro": {
            "mean": 0.7843449141900376,
            "std": 0.032738767071838204
        },
        "f1_macro": {
            "mean": 0.7813432260598494,
            "std": 0.037527822281818585
        }
    },
    "val": {
        "f1_weighted": {
            "mean": 0.6409813711255608,
            "std": 0.026056271681144137
        },
        "f1_micro": {
            "mean": 0.6422448979591837,
            "std": 0.022408126091935984
        },
        "f1_macro": {
            "mean": 0.6340714483161901,
            "std": 0.022132920405681374
        }
    },
    "test": {
        "f1_weighted": {
            "mean": 0.6749802755469324,
            "std": 0.01464822427834051
        },
        "f1_micro": {
            "mean": 0.6774352651048089,
            "std": 0.01092759508809099
        },
        "f1_macro": {
            "mean": 0.6541285114143988,
            "std": 0.021051565631967323
        }
    }
}