{
    "train": {
        "f1_weighted": 0.7687824171769868,
        "f1_micro": 0.7747522274501952,
        "f1_macro": 0.6352791804212228
    },
    "val": {
        "f1_weighted": 0.645829374040134,
        "f1_micro": 0.6591523895401262,
        "f1_macro": 0.5039093613417356
    },
    "test": {
        "f1_weighted": 0.6505389859530648,
        "f1_micro": 0.6613026819923372,
        "f1_macro": 0.4779042213811423
    }
}