{
    "train": {
        "f1_weighted": {
            "mean": 0.7704839826993919,
            "std": 0.036947272244810994
        },
        "f1_micro": {
            "mean": 0.7766543197517268,
            "std": 0.03379976257842364
        },
        "f1_macro": {
            "mean": 0.6326870222066827,
            "std": 0.06381849003878276
        }
    },
    "val": {
        "f1_weighted": {
            "mean": 0.6460554765607692,
            "std": 0.005760188716625662
        },
        "f1_micro": {
            "mean": 0.6578899909828675,
            "std": 0.002711144522700232
        },
        "f1_macro": {
            "mean": 0.5035085073068545,
            "std": 0.023092757416731346
        }
    },
    "test": {
        "f1_weighted": {
            "mean": 0.6545764884265755,
            "std": 0.00685212152394285
        },
        "f1_micro": {
            "mean": 0.6640613026819924,
            "std": 0.004303485389149087
        },
        "f1_macro": {
            "mean": 0.47726523902020873,
            "std": 0.01856105537227329
        }
    }
}