{
    "train": {
        "f1_weighted": 0.4489135680431689,
        "f1_micro": 0.5112744111133481,
        "f1_macro": 0.3670466938894616,
        "cross_entropy_loss": 1.373276948928833
    },
    "val": {
        "f1_weighted": 0.36995788922776046,
        "f1_micro": 0.4367559523809524,
        "f1_macro": 0.30049214528202534,
        "cross_entropy_loss": 1.5637381076812744
    },
    "test": {
        "f1_weighted": 0.30866658063559305,
        "f1_micro": 0.3893072289156626,
        "f1_macro": 0.24738717740395386,
        "cross_entropy_loss": 1.619240641593933
    }
}