{
    "train": {
        "f1_weighted": {
            "mean": 0.4489135680431689,
            "std": 0.0
        },
        "f1_micro": {
            "mean": 0.5112744111133481,
            "std": 0.0
        },
        "f1_macro": {
            "mean": 0.3670466938894616,
            "std": 0.0
        },
        "cross_entropy_loss": {
            "mean": 1.373276948928833,
            "std": 0.0
        }
    },
    "val": {
        "f1_weighted": {
            "mean": 0.36995788922776046,
            "std": 0.0
        },
        "f1_micro": {
            "mean": 0.4367559523809524,
            "std": 0.0
        },
        "f1_macro": {
            "mean": 0.30049214528202534,
            "std": 0.0
        },
        "cross_entropy_loss": {
            "mean": 1.5637381076812744,
            "std": 0.0
        }
    },
    "test": {
        "f1_weighted": {
            "mean": 0.30866658063559305,
            "std": 0.0
        },
        "f1_micro": {
            "mean": 0.3893072289156626,
            "std": 0.0
        },
        "f1_macro": {
            "mean": 0.24738717740395386,
            "std": 0.0
        },
        "cross_entropy_loss": {
            "mean": 1.619240641593933,
            "std": 0.0
        }
    }
}