{
    "train": {
        "f1_weighted": 0.6983183226362306,
        "f1_micro": 0.7246971668835719,
        "f1_macro": 0.47506970046763325,
        "cross_entropy_loss": 0.8734706044197083
    },
    "val": {
        "f1_weighted": 0.6014177316449172,
        "f1_micro": 0.6348061316501352,
        "f1_macro": 0.41072047308705856,
        "cross_entropy_loss": 1.1169555187225342
    },
    "test": {
        "f1_weighted": 0.6320438579839143,
        "f1_micro": 0.6597701149425287,
        "f1_macro": 0.4121621035246446,
        "cross_entropy_loss": 1.045101284980774
    }
}