{
    "train": {
        "f1_weighted": 0.7792013571878603,
        "f1_micro": 0.7814985349518627,
        "f1_macro": 0.7877049072154928
    },
    "val": {
        "f1_weighted": 0.6150619233677654,
        "f1_micro": 0.6081632653061224,
        "f1_macro": 0.6076186139305463
    },
    "test": {
        "f1_weighted": 0.6622773445736512,
        "f1_micro": 0.6633785450061652,
        "f1_macro": 0.6427484286750962
    }
}