{
    "train": {
        "f1_weighted": 0.6703827818838217,
        "f1_micro": 0.6758057764755128,
        "f1_macro": 0.6791867680292413
    },
    "val": {
        "f1_weighted": 0.602336404613318,
        "f1_micro": 0.6071428571428571,
        "f1_macro": 0.5765674751580064
    },
    "test": {
        "f1_weighted": 0.5955493259047906,
        "f1_micro": 0.6017262638717632,
        "f1_macro": 0.575115212748577
    }
}