{
    "train": {
        "f1_weighted": 0.6844311697179283,
        "f1_micro": 0.6887819171201339,
        "f1_macro": 0.6892074729837278
    },
    "val": {
        "f1_weighted": 0.6178054727910673,
        "f1_micro": 0.613265306122449,
        "f1_macro": 0.6092534762490728
    },
    "test": {
        "f1_weighted": 0.6262305515957928,
        "f1_micro": 0.6350184956843403,
        "f1_macro": 0.5995100141297053
    }
}