{
    "train": {
        "f1_weighted": 0.39489121827845197,
        "f1_micro": 0.4597342460237568,
        "f1_macro": 0.3136254483786821,
        "cross_entropy_loss": 1.470021367073059
    },
    "val": {
        "f1_weighted": 0.3319552021226048,
        "f1_micro": 0.4032738095238096,
        "f1_macro": 0.2600127815681919,
        "cross_entropy_loss": 1.6136568784713745
    },
    "test": {
        "f1_weighted": 0.3014722884845916,
        "f1_micro": 0.3795180722891566,
        "f1_macro": 0.23812062562177444,
        "cross_entropy_loss": 1.6640628576278687
    }
}