{
    "train": {
        "f1_weighted": 0.4793124145316441,
        "f1_micro": 0.5290920072478357,
        "f1_macro": 0.39341956196845296,
        "cross_entropy_loss": 1.36648428440094
    },
    "val": {
        "f1_weighted": 0.3777452860676571,
        "f1_micro": 0.42857142857142855,
        "f1_macro": 0.30296141117471975,
        "cross_entropy_loss": 1.5801255702972412
    },
    "test": {
        "f1_weighted": 0.34590121692754267,
        "f1_micro": 0.40813253012048195,
        "f1_macro": 0.28806481175099335,
        "cross_entropy_loss": 1.6172209978103638
    }
}