{
    "train": {
        "f1_weighted": {
            "mean": 0.46491860604664603,
            "std": 0.055624800858836025
        },
        "f1_micro": {
            "mean": 0.5152808536339842,
            "std": 0.04807254657968325
        },
        "f1_macro": {
            "mean": 0.38461954474276994,
            "std": 0.060750368184397024
        },
        "cross_entropy_loss": {
            "mean": 1.369119358062744,
            "std": 0.11995228305463027
        }
    },
    "val": {
        "f1_weighted": {
            "mean": 0.3594609150766782,
            "std": 0.02125472275880474
        },
        "f1_micro": {
            "mean": 0.41532738095238103,
            "std": 0.014749418682576029
        },
        "f1_macro": {
            "mean": 0.28804448841772845,
            "std": 0.022004427829606075
        },
        "cross_entropy_loss": {
            "mean": 1.602498722076416,
            "std": 0.019219000509649524
        }
    },
    "test": {
        "f1_weighted": {
            "mean": 0.3312164992705936,
            "std": 0.020587976482539124
        },
        "f1_micro": {
            "mean": 0.39563253012048194,
            "std": 0.014814256177539706
        },
        "f1_macro": {
            "mean": 0.2718096068735387,
            "std": 0.023177532574796086
        },
        "cross_entropy_loss": {
            "mean": 1.6460265398025513,
            "std": 0.018471484343456388
        }
    }
}