{
    "train": {
        "f1_weighted": 0.7670100470846557,
        "f1_micro": 0.7808589448393233,
        "f1_macro": 0.6413682095598795
    },
    "val": {
        "f1_weighted": 0.5998184037662125,
        "f1_micro": 0.6339044183949504,
        "f1_macro": 0.4535547334010267
    },
    "test": {
        "f1_weighted": 0.6236471849425063,
        "f1_micro": 0.6478927203065135,
        "f1_macro": 0.4217893258674374
    }
}