{
    "train": {
        "f1_weighted": 0.8076856109001099,
        "f1_micro": 0.8078694014231896,
        "f1_macro": 0.8050955879892737
    },
    "val": {
        "f1_weighted": 0.6659389394884309,
        "f1_micro": 0.6653061224489796,
        "f1_macro": 0.6491345902475016
    },
    "test": {
        "f1_weighted": 0.6711330283979399,
        "f1_micro": 0.6726263871763255,
        "f1_macro": 0.6634155279253902
    }
}