{
    "train": {
        "f1_weighted": 0.664371354707685,
        "f1_micro": 0.6745500209292591,
        "f1_macro": 0.6744888027493675
    },
    "val": {
        "f1_weighted": 0.5799270621163329,
        "f1_micro": 0.576530612244898,
        "f1_macro": 0.5707557886660508
    },
    "test": {
        "f1_weighted": 0.6255649648843276,
        "f1_micro": 0.6245376078914919,
        "f1_macro": 0.6068453583918173
    }
}