{
    "train": {
        "f1_weighted": 0.9037789404764665,
        "f1_micro": 0.9039943938332166,
        "f1_macro": 0.8450461816480566
    },
    "val": {
        "f1_weighted": 0.6560129223711446,
        "f1_micro": 0.6600541027953111,
        "f1_macro": 0.5426551805391145
    },
    "test": {
        "f1_weighted": 0.655694561477309,
        "f1_micro": 0.657088122605364,
        "f1_macro": 0.5178669373634748
    }
}