{
    "train": {
        "f1_weighted": 0.7483143655728364,
        "f1_micro": 0.749267475931352,
        "f1_macro": 0.7575559195142132
    },
    "val": {
        "f1_weighted": 0.6187891726282522,
        "f1_micro": 0.6142857142857143,
        "f1_macro": 0.6150750224872928
    },
    "test": {
        "f1_weighted": 0.6516012404727504,
        "f1_micro": 0.6516646115906288,
        "f1_macro": 0.6380547829928306
    }
}