{
    "train": {
        "f1_weighted": 0.6678906029579268,
        "f1_micro": 0.67371285056509,
        "f1_macro": 0.6791157659526365
    },
    "val": {
        "f1_weighted": 0.6030249710046544,
        "f1_micro": 0.6051020408163266,
        "f1_macro": 0.5867873177946966
    },
    "test": {
        "f1_weighted": 0.6121158488395393,
        "f1_micro": 0.6189889025893958,
        "f1_macro": 0.590100422486231
    }
}