{
    "train": {
        "f1_weighted": {
            "mean": 0.7603214252872588,
            "std": 0.09630220082063319
        },
        "f1_micro": {
            "mean": 0.7641691084135622,
            "std": 0.09235865538758165
        },
        "f1_macro": {
            "mean": 0.766040848174443,
            "std": 0.09122635141246674
        }
    },
    "val": {
        "f1_weighted": {
            "mean": 0.6189405093044462,
            "std": 0.02092871606181139
        },
        "f1_micro": {
            "mean": 0.6200000000000001,
            "std": 0.01705761117874845
        },
        "f1_macro": {
            "mean": 0.6051729575849085,
            "std": 0.02342000708661506
        }
    },
    "test": {
        "f1_weighted": {
            "mean": 0.6344798503169804,
            "std": 0.02142943533268537
        },
        "f1_micro": {
            "mean": 0.6378545006165227,
            "std": 0.017097145781005952
        },
        "f1_macro": {
            "mean": 0.6148387747455086,
            "std": 0.024790076736391664
        }
    }
}