{
    "train": {
        "f1_weighted": {
            "mean": 0.7568728718376094,
            "std": 0.0
        },
        "f1_micro": {
            "mean": 0.7628294036061026,
            "std": 0.0
        },
        "f1_macro": {
            "mean": 0.6270024492252994,
            "std": 0.0
        },
        "cross_entropy_loss": {
            "mean": 0.18503355979919434,
            "std": 0.0
        }
    },
    "val": {
        "f1_weighted": {
            "mean": 0.5687509731752194,
            "std": 0.0
        },
        "f1_micro": {
            "mean": 0.5892018779342724,
            "std": 0.0
        },
        "f1_macro": {
            "mean": 0.3003822901950827,
            "std": 0.0
        },
        "cross_entropy_loss": {
            "mean": 0.2273312509059906,
            "std": 0.0
        }
    },
    "test": {
        "f1_weighted": {
            "mean": 0.5384042275869395,
            "std": 0.0
        },
        "f1_micro": {
            "mean": 0.5484672742336372,
            "std": 0.0
        },
        "f1_macro": {
            "mean": 0.39863561583081414,
            "std": 0.0
        },
        "cross_entropy_loss": {
            "mean": 0.3735837936401367,
            "std": 0.0
        }
    }
}