{
    "train": {
        "f1_weighted": 0.6967792563954631,
        "f1_micro": 0.7172890179197117,
        "f1_macro": 0.467890147490177,
        "cross_entropy_loss": 0.8875588178634644
    },
    "val": {
        "f1_weighted": 0.6128330810739432,
        "f1_micro": 0.6402164111812444,
        "f1_macro": 0.41423432907210506,
        "cross_entropy_loss": 1.0777781009674072
    },
    "test": {
        "f1_weighted": 0.646100886245604,
        "f1_micro": 0.6670498084291188,
        "f1_macro": 0.4180409249505012,
        "cross_entropy_loss": 1.0228947401046753
    }
}