{
    "train": {
        "f1_weighted": 0.7375435273893959,
        "f1_micro": 0.7486234858344178,
        "f1_macro": 0.5358383276873651,
        "cross_entropy_loss": 0.8106010556221008
    },
    "val": {
        "f1_weighted": 0.6243687503724075,
        "f1_micro": 0.6447249774571686,
        "f1_macro": 0.44162572064787164,
        "cross_entropy_loss": 1.1043651103973389
    },
    "test": {
        "f1_weighted": 0.6427229956592869,
        "f1_micro": 0.6544061302681993,
        "f1_macro": 0.4415782664470284,
        "cross_entropy_loss": 1.056376338005066
    }
}