{
    "train": {
        "f1_weighted": 0.6998575626689535,
        "f1_micro": 0.7040602762662201,
        "f1_macro": 0.6837228447191318,
        "cross_entropy_loss": 0.7946010231971741
    },
    "val": {
        "f1_weighted": 0.527944818472351,
        "f1_micro": 0.5193877551020408,
        "f1_macro": 0.5014472764222196,
        "cross_entropy_loss": 1.270332932472229
    },
    "test": {
        "f1_weighted": 0.5205281992119816,
        "f1_micro": 0.530826140567201,
        "f1_macro": 0.49101718002434375,
        "cross_entropy_loss": 1.2769213914871216
    }
}