{
    "train": {
        "f1_weighted": 0.8405233350999836,
        "f1_micro": 0.8417748011720385,
        "f1_macro": 0.8444523410181975
    },
    "val": {
        "f1_weighted": 0.6363370319246807,
        "f1_micro": 0.6387755102040816,
        "f1_macro": 0.6297736027442626
    },
    "test": {
        "f1_weighted": 0.6711185122012708,
        "f1_micro": 0.6726263871763255,
        "f1_macro": 0.6543445414724176
    }
}