{
    "train": {
        "f1_weighted": {
            "mean": 0.7607597696015782,
            "std": 0.07125823900691632
        },
        "f1_micro": {
            "mean": 0.7636668061950607,
            "std": 0.06958333749312508
        },
        "f1_macro": {
            "mean": 0.7654008060745983,
            "std": 0.06886540034161139
        }
    },
    "val": {
        "f1_weighted": {
            "mean": 0.6190938828057753,
            "std": 0.011130411259456307
        },
        "f1_micro": {
            "mean": 0.6181632653061224,
            "std": 0.011819128355567574
        },
        "f1_macro": {
            "mean": 0.6057686272799341,
            "std": 0.016997246727302105
        }
    },
    "test": {
        "f1_weighted": {
            "mean": 0.6434195583128509,
            "std": 0.028468269073636126
        },
        "f1_micro": {
            "mean": 0.6480887792848335,
            "std": 0.026610370124514615
        },
        "f1_macro": {
            "mean": 0.6217755077747523,
            "std": 0.029699168530688685
        }
    }
}