{
    "train": {
        "f1_weighted": 0.7441101769949297,
        "f1_micro": 0.7468215036540194,
        "f1_macro": 0.5889344057901339
    },
    "val": {
        "f1_weighted": 0.635210905615083,
        "f1_micro": 0.6429215509467989,
        "f1_macro": 0.4862525753703059
    },
    "test": {
        "f1_weighted": 0.6441020982097209,
        "f1_micro": 0.6459770114942529,
        "f1_macro": 0.4654062190430798
    }
}