{
    "train": {
        "f1_weighted": 0.7607464749037408,
        "f1_micro": 0.7652417659425368,
        "f1_macro": 0.6180048655580194
    },
    "val": {
        "f1_weighted": 0.6355788199046902,
        "f1_micro": 0.6447249774571686,
        "f1_macro": 0.48934957630913306
    },
    "test": {
        "f1_weighted": 0.6488132811842805,
        "f1_micro": 0.6544061302681993,
        "f1_macro": 0.473148244936754
    }
}