{
    "train": {
        "f1_weighted": 0.7002971205944252,
        "f1_micro": 0.7208929822805086,
        "f1_macro": 0.48707955777265033,
        "cross_entropy_loss": 0.8823291659355164
    },
    "val": {
        "f1_weighted": 0.6119143797687088,
        "f1_micro": 0.6384129846708747,
        "f1_macro": 0.4206311404984143,
        "cross_entropy_loss": 1.0912981033325195
    },
    "test": {
        "f1_weighted": 0.6404098976487194,
        "f1_micro": 0.6636015325670498,
        "f1_macro": 0.42324152836825096,
        "cross_entropy_loss": 1.026235818862915
    }
}