{
    "train": {
        "f1_weighted": 0.730361761925639,
        "f1_micro": 0.7470217238962861,
        "f1_macro": 0.5214885938235728,
        "cross_entropy_loss": 0.8289351463317871
    },
    "val": {
        "f1_weighted": 0.6171959861785883,
        "f1_micro": 0.6447249774571686,
        "f1_macro": 0.42155891842378895,
        "cross_entropy_loss": 1.0896317958831787
    },
    "test": {
        "f1_weighted": 0.6444070851896033,
        "f1_micro": 0.6601532567049808,
        "f1_macro": 0.4433910786365443,
        "cross_entropy_loss": 1.0523123741149902
    }
}