{
    "train": {
        "f1_weighted": {
            "mean": 0.731676758562028,
            "std": 0.0316730553177914
        },
        "f1_micro": {
            "mean": 0.7484032435679249,
            "std": 0.028583667867327748
        },
        "f1_macro": {
            "mean": 0.5308024496636572,
            "std": 0.049200678485484664
        },
        "cross_entropy_loss": {
            "mean": 0.8220269560813904,
            "std": 0.06382603141038237
        }
    },
    "val": {
        "f1_weighted": {
            "mean": 0.6108496728175018,
            "std": 0.004314024417227166
        },
        "f1_micro": {
            "mean": 0.6360685302073941,
            "std": 0.005428283838879139
        },
        "f1_macro": {
            "mean": 0.43013538110082516,
            "std": 0.01978292098874792
        },
        "cross_entropy_loss": {
            "mean": 1.1053727865219116,
            "std": 0.02671637095449979
        }
    },
    "test": {
        "f1_weighted": {
            "mean": 0.643020550215496,
            "std": 0.0018563978395927227
        },
        "f1_micro": {
            "mean": 0.6610727969348659,
            "std": 0.0028527985393082393
        },
        "f1_macro": {
            "mean": 0.4377269754624595,
            "std": 0.013236848443102392
        },
        "cross_entropy_loss": {
            "mean": 1.0497792482376098,
            "std": 0.024483362152717555
        }
    }
}