{
    "train": {
        "f1_weighted": 0.7307562394241834,
        "f1_micro": 0.7329426538300545,
        "f1_macro": 0.7399229313695918
    },
    "val": {
        "f1_weighted": 0.6469137161758677,
        "f1_micro": 0.6540816326530612,
        "f1_macro": 0.6258250345350502
    },
    "test": {
        "f1_weighted": 0.6529701372383317,
        "f1_micro": 0.6528976572133169,
        "f1_macro": 0.635339526512353
    }
}