{
    "train": {
        "f1_weighted": 0.8132838642174041,
        "f1_micro": 0.8126831310171619,
        "f1_macro": 0.8133734264857978
    },
    "val": {
        "f1_weighted": 0.671856343738304,
        "f1_micro": 0.6693877551020408,
        "f1_macro": 0.653740664446235
    },
    "test": {
        "f1_weighted": 0.6620676934403872,
        "f1_micro": 0.6621454993834772,
        "f1_macro": 0.65018402477041
    }
}