{
    "train": {
        "f1_weighted": {
            "mean": 0.7946705220055016,
            "std": 0.06394551579592013
        },
        "f1_micro": {
            "mean": 0.796149016324822,
            "std": 0.06249968790007648
        },
        "f1_macro": {
            "mean": 0.7956584256980843,
            "std": 0.06061495226567745
        }
    },
    "val": {
        "f1_weighted": {
            "mean": 0.6529015813463077,
            "std": 0.030770949415318483
        },
        "f1_micro": {
            "mean": 0.6557142857142857,
            "std": 0.027109846429438485
        },
        "f1_macro": {
            "mean": 0.6317347192211709,
            "std": 0.02835670988314389
        }
    },
    "test": {
        "f1_weighted": {
            "mean": 0.6751806057081289,
            "std": 0.015249185573882296
        },
        "f1_micro": {
            "mean": 0.678051787916153,
            "std": 0.017069556084510183
        },
        "f1_macro": {
            "mean": 0.6537257122381722,
            "std": 0.013107600129597536
        }
    }
}