{
    "train": {
        "f1_weighted": 0.7997405421688538,
        "f1_micro": 0.8020822905195716,
        "f1_macro": 0.7090261128878331
    },
    "val": {
        "f1_weighted": 0.6425185677655803,
        "f1_micro": 0.6519386834986475,
        "f1_macro": 0.49636196000859206
    },
    "test": {
        "f1_weighted": 0.6585218497432975,
        "f1_micro": 0.6697318007662836,
        "f1_macro": 0.501055832143375
    }
}