{
    "train": {
        "f1_weighted": {
            "mean": 0.7988955263539126,
            "std": 0.006172218218421277
        },
        "f1_micro": {
            "mean": 0.8064470918009811,
            "std": 0.005825892995548829
        },
        "f1_macro": {
            "mean": 0.6926856076081507,
            "std": 0.018125467235931204
        }
    },
    "val": {
        "f1_weighted": {
            "mean": 0.6285699251605472,
            "std": 0.009039989729523294
        },
        "f1_micro": {
            "mean": 0.6499549143372408,
            "std": 0.005827049385537782
        },
        "f1_macro": {
            "mean": 0.4888755845156104,
            "std": 0.013784683426962745
        }
    },
    "test": {
        "f1_weighted": {
            "mean": 0.6501367891295728,
            "std": 0.008706559313178368
        },
        "f1_micro": {
            "mean": 0.6715708812260537,
            "std": 0.006553404368804678
        },
        "f1_macro": {
            "mean": 0.4735521414956116,
            "std": 0.021502421093403574
        }
    }
}