{
    "train": {
        "f1_weighted": 0.44321624715608343,
        "f1_micro": 0.49184618481981074,
        "f1_macro": 0.35432127697022336,
        "cross_entropy_loss": 1.432039499282837
    },
    "val": {
        "f1_weighted": 0.3629201069262503,
        "f1_micro": 0.4114583333333333,
        "f1_macro": 0.2851318647998682,
        "cross_entropy_loss": 1.598170280456543
    },
    "test": {
        "f1_weighted": 0.33905936500587797,
        "f1_micro": 0.39759036144578314,
        "f1_macro": 0.27999572191940636,
        "cross_entropy_loss": 1.6351189613342285
    }
}