{
    "train": {
        "f1_weighted": 0.4064153048031949,
        "f1_micro": 0.46527078719549025,
        "f1_macro": 0.30747459439331093,
        "cross_entropy_loss": 1.4961100816726685
    },
    "val": {
        "f1_weighted": 0.36663326585273626,
        "f1_micro": 0.43005952380952384,
        "f1_macro": 0.275771169503653,
        "cross_entropy_loss": 1.583409309387207
    },
    "test": {
        "f1_weighted": 0.3353727201817717,
        "f1_micro": 0.40662650602409633,
        "f1_macro": 0.26814183017229,
        "cross_entropy_loss": 1.6302056312561035
    }
}