{
    "train": {
        "f1_weighted": 0.4737405153863934,
        "f1_micro": 0.5257700825447956,
        "f1_macro": 0.3857323125127392,
        "cross_entropy_loss": 1.3501920700073242
    },
    "val": {
        "f1_weighted": 0.38472534246029316,
        "f1_micro": 0.4367559523809524,
        "f1_macro": 0.31145325912146393,
        "cross_entropy_loss": 1.589652419090271
    },
    "test": {
        "f1_weighted": 0.35528117746271937,
        "f1_micro": 0.42018072289156627,
        "f1_macro": 0.2937653293929286,
        "cross_entropy_loss": 1.6224867105484009
    }
}