{
    "train": {
        "f1_weighted": {
            "mean": 0.44275613458286944,
            "std": 0.021745823938896944
        },
        "f1_micro": {
            "mean": 0.49450372458224284,
            "std": 0.01919948250877561
        },
        "f1_macro": {
            "mean": 0.35062713637301873,
            "std": 0.025567005251336185
        },
        "cross_entropy_loss": {
            "mean": 1.425834631919861,
            "std": 0.04629312911170365
        }
    },
    "val": {
        "f1_weighted": {
            "mean": 0.370927520195781,
            "std": 0.007608545885366878
        },
        "f1_micro": {
            "mean": 0.4245535714285714,
            "std": 0.009395056022419405
        },
        "f1_macro": {
            "mean": 0.2906886694793843,
            "std": 0.0117669343979113
        },
        "cross_entropy_loss": {
            "mean": 1.5918030738830566,
            "std": 0.0060084685649870575
        }
    },
    "test": {
        "f1_weighted": {
            "mean": 0.3431767044917229,
            "std": 0.007487431654102081
        },
        "f1_micro": {
            "mean": 0.40647590361445785,
            "std": 0.009553464775393792
        },
        "f1_macro": {
            "mean": 0.28138222064127605,
            "std": 0.008480007462274971
        },
        "cross_entropy_loss": {
            "mean": 1.631239891052246,
            "std": 0.009774693491525023
        }
    }
}