{
    "train": {
        "f1_weighted": 0.8778956068664832,
        "f1_micro": 0.877365101611773,
        "f1_macro": 0.8088364051519069
    },
    "val": {
        "f1_weighted": 0.6392989148526573,
        "f1_micro": 0.6429215509467989,
        "f1_macro": 0.5040637214250203
    },
    "test": {
        "f1_weighted": 0.6512793762640561,
        "f1_micro": 0.6513409961685823,
        "f1_macro": 0.4899516353632481
    }
}