{
    "train": {
        "f1_weighted": 0.8769808670434288,
        "f1_micro": 0.876564220642707,
        "f1_macro": 0.809935648193666
    },
    "val": {
        "f1_weighted": 0.6588681186427074,
        "f1_micro": 0.6627592425608656,
        "f1_macro": 0.5395640305319457
    },
    "test": {
        "f1_weighted": 0.6459203081618498,
        "f1_micro": 0.6459770114942529,
        "f1_macro": 0.48929946811703984
    }
}