{
    "train": {
        "f1_weighted": {
            "mean": 0.8261795130025439,
            "std": 0.04185993730231781
        },
        "f1_micro": {
            "mean": 0.8311542696966663,
            "std": 0.03742633179730933
        },
        "f1_macro": {
            "mean": 0.7321387336039752,
            "std": 0.06330497333901182
        }
    },
    "val": {
        "f1_weighted": {
            "mean": 0.6356465689979849,
            "std": 0.014598631001864633
        },
        "f1_micro": {
            "mean": 0.6506762849413886,
            "std": 0.007426964934886916
        },
        "f1_macro": {
            "mean": 0.5033861442885559,
            "std": 0.019411078709021243
        }
    },
    "test": {
        "f1_weighted": {
            "mean": 0.6420367498651782,
            "std": 0.01239616559148733
        },
        "f1_micro": {
            "mean": 0.6553256704980843,
            "std": 0.008951424887471134
        },
        "f1_macro": {
            "mean": 0.47250247483198826,
            "std": 0.022219380126586696
        }
    }
}