{
    "train": {
        "f1_weighted": 0.8135148492727855,
        "f1_micro": 0.8139388865634156,
        "f1_macro": 0.8106647439626212
    },
    "val": {
        "f1_weighted": 0.6453677003408451,
        "f1_micro": 0.6459183673469387,
        "f1_macro": 0.6302772287000205
    },
    "test": {
        "f1_weighted": 0.6662484490189333,
        "f1_micro": 0.6726263871763255,
        "f1_macro": 0.63801611204086
    }
}