{
    "train": {
        "f1_weighted": 0.8077038790225555,
        "f1_micro": 0.8078694014231896,
        "f1_macro": 0.8101889118885701
    },
    "val": {
        "f1_weighted": 0.6250089915521343,
        "f1_micro": 0.6255102040816326,
        "f1_macro": 0.6223162232870774
    },
    "test": {
        "f1_weighted": 0.6823682065361055,
        "f1_micro": 0.6824907521578298,
        "f1_macro": 0.6746134482673231
    }
}