{
    "train": {
        "f1_weighted": 0.7834109820653399,
        "accuracy": 0.7910701771949145
    },
    "val": {
        "f1_weighted": 0.6063239532505246,
        "accuracy": 0.6257889990982868
    },
    "test": {
        "f1_weighted": 0.6444744512549023,
        "accuracy": 0.6567049808429118
    }
}