{
    "train": {
        "f1_weighted": 0.7338805569896962,
        "f1_micro": 0.7460206226849534,
        "f1_macro": 0.5449273080809788,
        "accuracy": 0.7460206226849534
    },
    "val": {
        "f1_weighted": 0.6009750633943286,
        "f1_micro": 0.6221821460775473,
        "f1_macro": 0.4179633000440715,
        "accuracy": 0.6221821460775473
    },
    "test": {
        "f1_weighted": 0.630482238481461,
        "f1_micro": 0.6409961685823755,
        "f1_macro": 0.4358154523029349,
        "accuracy": 0.6409961685823755
    }
}