{
    "train": {
        "f1_weighted": 0.6223943050033574,
        "f1_micro": 0.6280870657178735,
        "f1_macro": 0.6324913207024672,
        "cross_entropy_loss": 0.8879357576370239
    },
    "val": {
        "f1_weighted": 0.5786710562690401,
        "f1_micro": 0.5795918367346938,
        "f1_macro": 0.5468682678751661,
        "cross_entropy_loss": 1.0163419246673584
    },
    "test": {
        "f1_weighted": 0.5425514673819954,
        "f1_micro": 0.5450061652281134,
        "f1_macro": 0.5236849868095254,
        "cross_entropy_loss": 1.0584185123443604
    }
}