{
    "train": {
        "f1_weighted": 0.6937603992854285,
        "f1_micro": 0.6992465466722478,
        "f1_macro": 0.7043015188223897,
        "cross_entropy_loss": 0.7451972365379333
    },
    "val": {
        "f1_weighted": 0.5887092816378287,
        "f1_micro": 0.5897959183673469,
        "f1_macro": 0.5690172358489739,
        "cross_entropy_loss": 1.0016796588897705
    },
    "test": {
        "f1_weighted": 0.5997269974495136,
        "f1_micro": 0.6017262638717632,
        "f1_macro": 0.5837574502137723,
        "cross_entropy_loss": 0.9978417158126831
    }
}