{
    "train": {
        "f1_weighted": 0.6281442190612694,
        "f1_micro": 0.6320636249476769,
        "f1_macro": 0.6450442754672536,
        "cross_entropy_loss": 0.8949035406112671
    },
    "val": {
        "f1_weighted": 0.5899887122864151,
        "f1_micro": 0.5908163265306122,
        "f1_macro": 0.5663273203085921,
        "cross_entropy_loss": 1.0095564126968384
    },
    "test": {
        "f1_weighted": 0.5703450564759809,
        "f1_micro": 0.5696670776818742,
        "f1_macro": 0.5572451694526493,
        "cross_entropy_loss": 1.044754981994629
    }
}