{
    "train": {
        "f1_weighted": 0.7748532991028932,
        "f1_micro": 0.776475512766848,
        "f1_macro": 0.7688014738826614
    },
    "val": {
        "f1_weighted": 0.5545125414697899,
        "f1_micro": 0.5510204081632653,
        "f1_macro": 0.533286418015482
    },
    "test": {
        "f1_weighted": 0.5472687145613347,
        "f1_micro": 0.5505548705302096,
        "f1_macro": 0.5259734284003496
    }
}