{
    "train": {
        "f1_weighted": 0.7583038305243062,
        "f1_micro": 0.7595228128924236,
        "f1_macro": 0.7593516834677837,
        "cross_entropy_loss": 0.6288254857063293
    },
    "val": {
        "f1_weighted": 0.5998452573949464,
        "f1_micro": 0.5979591836734693,
        "f1_macro": 0.5717213577511796,
        "cross_entropy_loss": 1.0431718826293945
    },
    "test": {
        "f1_weighted": 0.5809510503543392,
        "f1_micro": 0.5850801479654747,
        "f1_macro": 0.5619249561591126,
        "cross_entropy_loss": 1.1525195837020874
    }
}