{
    "train": {
        "f1_weighted": 0.7826565710611507,
        "f1_micro": 0.7844286312264546,
        "f1_macro": 0.7911591855189952,
        "cross_entropy_loss": 0.5788434147834778
    },
    "val": {
        "f1_weighted": 0.5959302466375176,
        "f1_micro": 0.5979591836734693,
        "f1_macro": 0.5774189693177103,
        "cross_entropy_loss": 1.0297675132751465
    },
    "test": {
        "f1_weighted": 0.5862314649368544,
        "f1_micro": 0.5869297163995068,
        "f1_macro": 0.5788826374143934,
        "cross_entropy_loss": 1.1449649333953857
    }
}