{
    "train": {
        "f1_weighted": 0.8137804359324039,
        "f1_micro": 0.8165982580838924,
        "f1_macro": 0.7100232908204613
    },
    "val": {
        "f1_weighted": 0.628880252161224,
        "f1_micro": 0.6402164111812444,
        "f1_macro": 0.5053794964015307
    },
    "test": {
        "f1_weighted": 0.6445345767650572,
        "f1_micro": 0.650191570881226,
        "f1_macro": 0.4871372205501463
    }
}