{
    "train": {
        "f1_weighted": 0.794051778578118,
        "f1_micro": 0.8005806387025728,
        "f1_macro": 0.6811971953306847
    },
    "val": {
        "f1_weighted": 0.6313279508633052,
        "f1_micro": 0.648331830477908,
        "f1_macro": 0.4990421372007975
    },
    "test": {
        "f1_weighted": 0.641286284781604,
        "f1_micro": 0.6567049808429118,
        "f1_macro": 0.4743801584053167
    }
}