{
    "train": {
        "f1_weighted": 0.7930488903902373,
        "f1_micro": 0.7936375052323148,
        "f1_macro": 0.8006487582601172
    },
    "val": {
        "f1_weighted": 0.623010840476797,
        "f1_micro": 0.6183673469387755,
        "f1_macro": 0.6100868044171636
    },
    "test": {
        "f1_weighted": 0.6413629944490657,
        "f1_micro": 0.6405672009864365,
        "f1_macro": 0.6225906102702626
    }
}