{
    "train": {
        "f1_weighted": 0.6886074981408817,
        "f1_micro": 0.6944328170782754,
        "f1_macro": 0.6932506899842069
    },
    "val": {
        "f1_weighted": 0.584595684923443,
        "f1_micro": 0.5816326530612245,
        "f1_macro": 0.5785883279338292
    },
    "test": {
        "f1_weighted": 0.6217443068306454,
        "f1_micro": 0.62577065351418,
        "f1_macro": 0.5996531225476834
    }
}