{
    "train": {
        "f1_weighted": 0.8550306275306607,
        "f1_micro": 0.8560066973629135,
        "f1_macro": 0.8592015565249985
    },
    "val": {
        "f1_weighted": 0.641390883710583,
        "f1_micro": 0.6428571428571429,
        "f1_macro": 0.6298824113989906
    },
    "test": {
        "f1_weighted": 0.6402895513062028,
        "f1_micro": 0.6436498150431565,
        "f1_macro": 0.6192710437771668
    }
}