{
    "train": {
        "f1_weighted": {
            "mean": 0.7368166077480187,
            "std": 0.07430024200031984
        },
        "f1_micro": {
            "mean": 0.7415655085809962,
            "std": 0.07108155682192191
        },
        "f1_macro": {
            "mean": 0.7437260528943901,
            "std": 0.07306451589263727
        }
    },
    "val": {
        "f1_weighted": {
            "mean": 0.6103505330427158,
            "std": 0.023951528391278072
        },
        "f1_micro": {
            "mean": 0.6085714285714285,
            "std": 0.025478347455984672
        },
        "f1_macro": {
            "mean": 0.5996911600298225,
            "std": 0.0218700413223068
        }
    },
    "test": {
        "f1_weighted": {
            "mean": 0.630447898083335,
            "std": 0.00856743990543373
        },
        "f1_micro": {
            "mean": 0.632799013563502,
            "std": 0.007833479740699667
        },
        "f1_macro": {
            "mean": 0.6098800056339786,
            "std": 0.009398902886171902
        }
    }
}