{
    "train": {
        "f1_weighted": 0.8420993738093988,
        "f1_micro": 0.8461307438182,
        "f1_macro": 0.7511693726915686
    },
    "val": {
        "f1_weighted": 0.6606161517713668,
        "f1_micro": 0.6717763751127142,
        "f1_macro": 0.5315709937247922
    },
    "test": {
        "f1_weighted": 0.6602939200428541,
        "f1_micro": 0.675095785440613,
        "f1_macro": 0.49677720578022805
    }
}