{
    "train": {
        "f1_weighted": 0.8010537635485085,
        "f1_micro": 0.8056862548803684,
        "f1_macro": 0.6882767459916633
    },
    "val": {
        "f1_weighted": 0.6450494009297757,
        "f1_micro": 0.6591523895401262,
        "f1_macro": 0.5008628612936521
    },
    "test": {
        "f1_weighted": 0.6667876461596535,
        "f1_micro": 0.6731800766283524,
        "f1_macro": 0.5087956375038304
    }
}