{
    "train": {
        "f1_weighted": 0.7207277047801138,
        "f1_micro": 0.7327059765742316,
        "f1_macro": 0.5403305801714493
    },
    "val": {
        "f1_weighted": 0.6340270484043775,
        "f1_micro": 0.6528403967538323,
        "f1_macro": 0.4680668491803046
    },
    "test": {
        "f1_weighted": 0.6511146375304423,
        "f1_micro": 0.664367816091954,
        "f1_macro": 0.46105839511602703
    }
}