{
    "train": {
        "f1_weighted": 0.8354064968801778,
        "f1_micro": 0.83842226449094,
        "f1_macro": 0.7348570633238621
    },
    "val": {
        "f1_weighted": 0.6620553214562692,
        "f1_micro": 0.6699729486023445,
        "f1_macro": 0.54569834315882
    },
    "test": {
        "f1_weighted": 0.6574570381984132,
        "f1_micro": 0.667816091954023,
        "f1_macro": 0.49092870488646223
    }
}