{
    "train": {
        "f1_weighted": {
            "mean": 0.7721621930323741,
            "std": 0.04303335154346995
        },
        "f1_micro": {
            "mean": 0.780298328160977,
            "std": 0.03939857188028798
        },
        "f1_macro": {
            "mean": 0.6322637607729137,
            "std": 0.07683091488397827
        }
    },
    "val": {
        "f1_weighted": {
            "mean": 0.6438414856382503,
            "std": 0.010068423714966346
        },
        "f1_micro": {
            "mean": 0.6589720468890893,
            "std": 0.006993947494919845
        },
        "f1_macro": {
            "mean": 0.4945557995573358,
            "std": 0.022787623846780777
        }
    },
    "test": {
        "f1_weighted": {
            "mean": 0.6582246917982009,
            "std": 0.0036974118114415228
        },
        "f1_micro": {
            "mean": 0.6709578544061303,
            "std": 0.005431431462580623
        },
        "f1_macro": {
            "mean": 0.4845628298409491,
            "std": 0.016437045673153194
        }
    }
}