{
    "train": {
        "f1_weighted": {
            "mean": 0.7821547750516191,
            "std": 0.038266300482977494
        },
        "f1_micro": {
            "mean": 0.7906096706377015,
            "std": 0.03412798519266619
        },
        "f1_macro": {
            "mean": 0.6504146728951776,
            "std": 0.06251461763745061
        }
    },
    "val": {
        "f1_weighted": {
            "mean": 0.6401370397926268,
            "std": 0.01597247665783787
        },
        "f1_micro": {
            "mean": 0.6573489630297565,
            "std": 0.010865551185855422
        },
        "f1_macro": {
            "mean": 0.4947829358495784,
            "std": 0.032419017336482926
        }
    },
    "test": {
        "f1_weighted": {
            "mean": 0.6606137126666348,
            "std": 0.003252343498695551
        },
        "f1_micro": {
            "mean": 0.6748659003831418,
            "std": 0.004215255950796942
        },
        "f1_macro": {
            "mean": 0.48503557468074254,
            "std": 0.016580888800681946
        }
    }
}