{
    "train": {
        "f1_weighted": 0.4578409528272782,
        "f1_micro": 0.507952486410308,
        "f1_macro": 0.3738569186970945,
        "cross_entropy_loss": 1.395782232284546
    },
    "val": {
        "f1_weighted": 0.39507833609157267,
        "f1_micro": 0.45014880952380953,
        "f1_macro": 0.31757196143905186,
        "cross_entropy_loss": 1.5521906614303589
    },
    "test": {
        "f1_weighted": 0.35613157259134526,
        "f1_micro": 0.4209337349397591,
        "f1_macro": 0.29785404026895146,
        "cross_entropy_loss": 1.5921921730041504
    }
}