{
    "train": {
        "f1_weighted": {
            "mean": 0.4578409528272782,
            "std": 0.0
        },
        "f1_micro": {
            "mean": 0.507952486410308,
            "std": 0.0
        },
        "f1_macro": {
            "mean": 0.3738569186970945,
            "std": 0.0
        },
        "cross_entropy_loss": {
            "mean": 1.395782232284546,
            "std": 0.0
        }
    },
    "val": {
        "f1_weighted": {
            "mean": 0.39507833609157267,
            "std": 0.0
        },
        "f1_micro": {
            "mean": 0.45014880952380953,
            "std": 0.0
        },
        "f1_macro": {
            "mean": 0.31757196143905186,
            "std": 0.0
        },
        "cross_entropy_loss": {
            "mean": 1.5521906614303589,
            "std": 0.0
        }
    },
    "test": {
        "f1_weighted": {
            "mean": 0.35613157259134526,
            "std": 0.0
        },
        "f1_micro": {
            "mean": 0.4209337349397591,
            "std": 0.0
        },
        "f1_macro": {
            "mean": 0.29785404026895146,
            "std": 0.0
        },
        "cross_entropy_loss": {
            "mean": 1.5921921730041504,
            "std": 0.0
        }
    }
}