{
    "train": {
        "f1_weighted": 0.6436321359686553,
        "f1_micro": 0.654039347007116,
        "f1_macro": 0.6625028260468028
    },
    "val": {
        "f1_weighted": 0.5901026853779915,
        "f1_micro": 0.5948979591836735,
        "f1_macro": 0.5633730314897426
    },
    "test": {
        "f1_weighted": 0.6084095345749436,
        "f1_micro": 0.6134401972872996,
        "f1_macro": 0.5911227715382724
    }
}