{
    "train": {
        "f1_weighted": 0.6799652744214725,
        "f1_micro": 0.6818752616157387,
        "f1_macro": 0.6941171071849325
    },
    "val": {
        "f1_weighted": 0.6034206364293064,
        "f1_micro": 0.5969387755102041,
        "f1_macro": 0.5987640360151534
    },
    "test": {
        "f1_weighted": 0.64031859326233,
        "f1_micro": 0.6381011097410604,
        "f1_macro": 0.6294633487063964
    }
}