{
    "train": {
        "f1_weighted": 0.6649835099757722,
        "f1_micro": 0.675177898702386,
        "f1_macro": 0.676214025485771
    },
    "val": {
        "f1_weighted": 0.5783468504450631,
        "f1_micro": 0.5846938775510204,
        "f1_macro": 0.5678280300565455
    },
    "test": {
        "f1_weighted": 0.629829400859484,
        "f1_micro": 0.6387176325524044,
        "f1_macro": 0.6051165017827184
    }
}