{
    "train": {
        "f1_weighted": 0.7520822256349775,
        "f1_micro": 0.7555462536626203,
        "f1_macro": 0.7622997568540896
    },
    "val": {
        "f1_weighted": 0.5836222761941002,
        "f1_micro": 0.5785714285714286,
        "f1_macro": 0.5895947551241018
    },
    "test": {
        "f1_weighted": 0.6515746543649881,
        "f1_micro": 0.6541307028360049,
        "f1_macro": 0.635519048594258
    }
}