{
    "train": {
        "f1_weighted": 0.9364148969572337,
        "f1_micro": 0.9363299629592552,
        "f1_macro": 0.8914109841853312
    },
    "val": {
        "f1_weighted": 0.6468736231430366,
        "f1_micro": 0.6519386834986475,
        "f1_macro": 0.52634266332031
    },
    "test": {
        "f1_weighted": 0.6422445516917733,
        "f1_micro": 0.6455938697318008,
        "f1_macro": 0.49069083194452506
    }
}