{
    "train": {
        "f1_weighted": 0.9730074718669987,
        "f1_micro": 0.9729702672940235,
        "f1_macro": 0.9511572572213419
    },
    "val": {
        "f1_weighted": 0.6697576529836298,
        "f1_micro": 0.6735798016230838,
        "f1_macro": 0.5592685408730029
    },
    "test": {
        "f1_weighted": 0.6400165048649149,
        "f1_micro": 0.6409961685823755,
        "f1_macro": 0.4925606514737689
    }
}