{
    "train": {
        "f1_weighted": 0.9224421684056842,
        "f1_micro": 0.9227149864851336,
        "f1_macro": 0.8724490230899118
    },
    "val": {
        "f1_weighted": 0.667793744901749,
        "f1_micro": 0.6735798016230838,
        "f1_macro": 0.5517492307894537
    },
    "test": {
        "f1_weighted": 0.6556417083642505,
        "f1_micro": 0.6593869731800767,
        "f1_macro": 0.5067450204544744
    }
}