{
    "train": {
        "f1_weighted": 0.8879341040026804,
        "f1_micro": 0.8884773250575633,
        "f1_macro": 0.8172597553394753
    },
    "val": {
        "f1_weighted": 0.6606723421474391,
        "f1_micro": 0.6672678088367899,
        "f1_macro": 0.5423956389955862
    },
    "test": {
        "f1_weighted": 0.6551341963546025,
        "f1_micro": 0.6593869731800767,
        "f1_macro": 0.4965870467719603
    }
}