{
    "train": {
        "f1_weighted": {
            "mean": 0.919318248622296,
            "std": 0.034577397577526155
        },
        "f1_micro": {
            "mean": 0.9197317048753628,
            "std": 0.034127092453501165
        },
        "f1_macro": {
            "mean": 0.865980383603036,
            "std": 0.05475368580855804
        }
    },
    "val": {
        "f1_weighted": {
            "mean": 0.6588595539524624,
            "std": 0.009368417119853664
        },
        "f1_micro": {
            "mean": 0.6645626690712354,
            "std": 0.008889996424790773
        },
        "f1_macro": {
            "mean": 0.5410348797421752,
            "std": 0.01348223569071777
        }
    },
    "test": {
        "f1_weighted": {
            "mean": 0.6488372458467773,
            "std": 0.006520227446716935
        },
        "f1_micro": {
            "mean": 0.6527969348659004,
            "std": 0.007898298070023064
        },
        "f1_macro": {
            "mean": 0.49677497990054953,
            "std": 0.005558436558017645
        }
    }
}