{
    "train": {
        "f1_weighted": 0.5406086219066729,
        "f1_micro": 0.5877793436682102,
        "f1_macro": 0.46384511654391153
    },
    "val": {
        "f1_weighted": 0.3917946125659927,
        "f1_micro": 0.44419642857142855,
        "f1_macro": 0.31845583578321207
    },
    "test": {
        "f1_weighted": 0.3572850634037867,
        "f1_micro": 0.41792168674698793,
        "f1_macro": 0.30033519709691214
    }
}