{
    "train": {
        "f1_weighted": 0.759144931754335,
        "f1_micro": 0.7618250313938887,
        "f1_macro": 0.7475091813548556,
        "cross_entropy_loss": 0.652455747127533
    },
    "val": {
        "f1_weighted": 0.5658967758091937,
        "f1_micro": 0.5775510204081633,
        "f1_macro": 0.5018465173043198,
        "cross_entropy_loss": 1.1501587629318237
    },
    "test": {
        "f1_weighted": 0.5353735366597814,
        "f1_micro": 0.5456226880394575,
        "f1_macro": 0.5085323724901509,
        "cross_entropy_loss": 1.244956374168396
    }
}