{
    "train": {
        "f1_weighted": 0.4374940204915673,
        "f1_micro": 0.4815784175558687,
        "f1_macro": 0.34621076914754667,
        "cross_entropy_loss": 1.4432533979415894
    },
    "val": {
        "f1_weighted": 0.3770124628899182,
        "f1_micro": 0.4174107142857143,
        "f1_macro": 0.31039839753828147,
        "cross_entropy_loss": 1.5902637243270874
    },
    "test": {
        "f1_weighted": 0.3516599826288742,
        "f1_micro": 0.40662650602409633,
        "f1_macro": 0.28808294974652376,
        "cross_entropy_loss": 1.6150972843170166
    }
}