{
    "train": {
        "f1_weighted": 0.7501134397761802,
        "f1_micro": 0.7592351586745419,
        "f1_macro": 0.6131245526400312
    },
    "val": {
        "f1_weighted": 0.6425248332150488,
        "f1_micro": 0.6600541027953111,
        "f1_macro": 0.4971476459351559
    },
    "test": {
        "f1_weighted": 0.6476281577070186,
        "f1_micro": 0.6616858237547892,
        "f1_macro": 0.45672461913381107
    }
}