{
    "train": {
        "f1_weighted": 0.7690452555461886,
        "f1_micro": 0.7749524476924617,
        "f1_macro": 0.6322169748344239
    },
    "val": {
        "f1_weighted": 0.655177432220043,
        "f1_micro": 0.6690712353471596,
        "f1_macro": 0.517330288582985
    },
    "test": {
        "f1_weighted": 0.6526904320921303,
        "f1_micro": 0.6624521072796935,
        "f1_macro": 0.4745886983481741
    }
}