{
    "train": {
        "f1_weighted": {
            "mean": 0.7731162865536604,
            "std": 0.029911691672339567
        },
        "f1_micro": {
            "mean": 0.778476323956352,
            "std": 0.02774516562977793
        },
        "f1_macro": {
            "mean": 0.6448009342663215,
            "std": 0.045456685137371985
        }
    },
    "val": {
        "f1_weighted": {
            "mean": 0.6486159721373916,
            "std": 0.007693418015158033
        },
        "f1_micro": {
            "mean": 0.660595130748422,
            "std": 0.00690502785178601
        },
        "f1_macro": {
            "mean": 0.51457714696945,
            "std": 0.02184670837076501
        }
    },
    "test": {
        "f1_weighted": {
            "mean": 0.6536283749227403,
            "std": 0.007088433492516165
        },
        "f1_micro": {
            "mean": 0.6633716475095786,
            "std": 0.00310888318392351
        },
        "f1_macro": {
            "mean": 0.47754653438311623,
            "std": 0.020651813560863264
        }
    }
}