{
    "train": {
        "f1_weighted": 0.6679790589348508,
        "f1_micro": 0.6961657823605967,
        "f1_macro": 0.43854648611553854,
        "cross_entropy_loss": 0.946000337600708
    },
    "val": {
        "f1_weighted": 0.5900565288058943,
        "f1_micro": 0.6284941388638413,
        "f1_macro": 0.3896025408424681,
        "cross_entropy_loss": 1.1183159351348877
    },
    "test": {
        "f1_weighted": 0.6274371906122705,
        "f1_micro": 0.6578544061302682,
        "f1_macro": 0.3986121496211708,
        "cross_entropy_loss": 1.0263819694519043
    }
}