{
    "train": {
        "f1_weighted": 0.7010777835172609,
        "f1_micro": 0.7205926519171089,
        "f1_macro": 0.48034999608207507,
        "cross_entropy_loss": 0.8788129091262817
    },
    "val": {
        "f1_weighted": 0.5996792408431303,
        "f1_micro": 0.6230838593327321,
        "f1_macro": 0.4052951879176984,
        "cross_entropy_loss": 1.092468500137329
    },
    "test": {
        "f1_weighted": 0.6460032877471293,
        "f1_micro": 0.6674329501915709,
        "f1_macro": 0.4263493669645902,
        "cross_entropy_loss": 1.019587755203247
    }
}