{
    "train": {
        "f1_weighted": 0.5481107707992506,
        "f1_micro": 0.5763036037849809,
        "f1_macro": 0.4760764699794787,
        "cross_entropy_loss": 1.2149370908737183
    },
    "val": {
        "f1_weighted": 0.37915528887822475,
        "f1_micro": 0.4166666666666667,
        "f1_macro": 0.31264094811650883,
        "cross_entropy_loss": 1.5993139743804932
    },
    "test": {
        "f1_weighted": 0.3628141542935622,
        "f1_micro": 0.4088855421686746,
        "f1_macro": 0.29831739847278754,
        "cross_entropy_loss": 1.6422454118728638
    }
}