{
    "train": {
        "f1_weighted": 0.40521617398352294,
        "f1_micro": 0.4626535131870344,
        "f1_macro": 0.30909027922980314,
        "cross_entropy_loss": 1.4953582286834717
    },
    "val": {
        "f1_weighted": 0.3586112554105537,
        "f1_micro": 0.4211309523809524,
        "f1_macro": 0.27803549702488295,
        "cross_entropy_loss": 1.588682770729065
    },
    "test": {
        "f1_weighted": 0.3361905926988301,
        "f1_micro": 0.4028614457831326,
        "f1_macro": 0.2757481946327319,
        "cross_entropy_loss": 1.6295077800750732
    }
}