{
    "train": {
        "f1_weighted": 0.4490334002065064,
        "f1_micro": 0.5061405274813771,
        "f1_macro": 0.36419059678776705,
        "cross_entropy_loss": 1.3829841613769531
    },
    "val": {
        "f1_weighted": 0.3653467708303781,
        "f1_micro": 0.42782738095238093,
        "f1_macro": 0.2883574910195077,
        "cross_entropy_loss": 1.5865004062652588
    },
    "test": {
        "f1_weighted": 0.3362929249995309,
        "f1_micro": 0.4006024096385542,
        "f1_macro": 0.2800458053664195,
        "cross_entropy_loss": 1.6304762363433838
    }
}