{
    "train": {
        "f1_weighted": 0.40575788325417717,
        "f1_micro": 0.46678075296959937,
        "f1_macro": 0.3112468630019101,
        "cross_entropy_loss": 1.500930905342102
    },
    "val": {
        "f1_weighted": 0.36936819697041023,
        "f1_micro": 0.4330357142857143,
        "f1_macro": 0.2897747479940232,
        "cross_entropy_loss": 1.5831876993179321
    },
    "test": {
        "f1_weighted": 0.32410597490573595,
        "f1_micro": 0.39683734939759036,
        "f1_macro": 0.25798939508987384,
        "cross_entropy_loss": 1.621435284614563
    }
}