{
    "train": {
        "f1_weighted": {
            "mean": 0.45351075204431535,
            "std": 0.052186235719652696
        },
        "f1_micro": {
            "mean": 0.5047513589691967,
            "std": 0.04095471583085494
        },
        "f1_macro": {
            "mean": 0.36560093579484754,
            "std": 0.06059354844759198
        },
        "cross_entropy_loss": {
            "mean": 1.3930302858352661,
            "std": 0.10432602449935284
        }
    },
    "val": {
        "f1_weighted": {
            "mean": 0.37174909580899806,
            "std": 0.009846770789679571
        },
        "f1_micro": {
            "mean": 0.42782738095238093,
            "std": 0.008444202951851843
        },
        "f1_macro": {
            "mean": 0.29664589328388713,
            "std": 0.01438085919533249
        },
        "cross_entropy_loss": {
            "mean": 1.5861181974411012,
            "std": 0.008532268420449322
        }
    },
    "test": {
        "f1_weighted": {
            "mean": 0.3394487161028848,
            "std": 0.012684683488181778
        },
        "f1_micro": {
            "mean": 0.4019578313253012,
            "std": 0.00396745176877091
        },
        "f1_macro": {
            "mean": 0.2770956545003932,
            "std": 0.0129595943888376
        },
        "cross_entropy_loss": {
            "mean": 1.6285321235656738,
            "std": 0.008174232018013686
        }
    }
}