{
    "train": {
        "f1_weighted": 0.8501142011847496,
        "f1_micro": 0.8491000418585182,
        "f1_macro": 0.8500491900057483
    },
    "val": {
        "f1_weighted": 0.6490300854854256,
        "f1_micro": 0.6459183673469387,
        "f1_macro": 0.6386350049481786
    },
    "test": {
        "f1_weighted": 0.6523716136187232,
        "f1_micro": 0.6491985203452528,
        "f1_macro": 0.6494707078045648
    }
}