{
    "train": {
        "f1_weighted": {
            "mean": 0.8097755383053893,
            "std": 0.0
        },
        "f1_micro": {
            "mean": 0.8110087902888239,
            "std": 0.0
        },
        "f1_macro": {
            "mean": 0.8088670506506315,
            "std": 0.0
        },
        "cross_entropy_loss": {
            "mean": 0.5148695707321167,
            "std": 0.0
        }
    },
    "val": {
        "f1_weighted": {
            "mean": 0.6317916338148072,
            "std": 0.0
        },
        "f1_micro": {
            "mean": 0.6285714285714286,
            "std": 0.0
        },
        "f1_macro": {
            "mean": 0.610473104417859,
            "std": 0.0
        },
        "cross_entropy_loss": {
            "mean": 0.9606673121452332,
            "std": 0.0
        }
    },
    "test": {
        "f1_weighted": {
            "mean": 0.6447655020662497,
            "std": 0.0
        },
        "f1_micro": {
            "mean": 0.6461159062885327,
            "std": 0.0
        },
        "f1_macro": {
            "mean": 0.6240156006436136,
            "std": 0.0
        },
        "cross_entropy_loss": {
            "mean": 0.9687869548797607,
            "std": 0.0
        }
    }
}