{
    "train": {
        "f1_weighted": 0.8323546997375154,
        "f1_micro": 0.8327752197572206,
        "f1_macro": 0.8309376440072115,
        "cross_entropy_loss": 0.5062773823738098
    },
    "val": {
        "f1_weighted": 0.6104009592802201,
        "f1_micro": 0.6061224489795919,
        "f1_macro": 0.5947311686291213,
        "cross_entropy_loss": 0.9994702935218811
    },
    "test": {
        "f1_weighted": 0.6344961744018409,
        "f1_micro": 0.6350184956843403,
        "f1_macro": 0.6200295263452795,
        "cross_entropy_loss": 0.9701521396636963
    }
}