{
    "train": {
        "f1_weighted": 0.44825915853304377,
        "f1_micro": 0.48943023958123616,
        "f1_macro": 0.374686582127098
    },
    "val": {
        "f1_weighted": 0.3564862068770398,
        "f1_micro": 0.4069940476190476,
        "f1_macro": 0.2848434465976958
    },
    "test": {
        "f1_weighted": 0.33765379702234827,
        "f1_micro": 0.3938253012048193,
        "f1_macro": 0.28212939368193163
    }
}