{
    "train": {
        "f1_weighted": {
            "mean": 0.4740149592448155,
            "std": 0.0441194494815056
        },
        "f1_micro": {
            "mean": 0.5223676263338031,
            "std": 0.039998884103412985
        },
        "f1_macro": {
            "mean": 0.39652870615115376,
            "std": 0.047831641520209696
        }
    },
    "val": {
        "f1_weighted": {
            "mean": 0.3683753528788999,
            "std": 0.015320391033848167
        },
        "f1_micro": {
            "mean": 0.42202380952380947,
            "std": 0.01082736295451265
        },
        "f1_macro": {
            "mean": 0.29824023032082553,
            "std": 0.0185195911541697
        }
    },
    "test": {
        "f1_weighted": {
            "mean": 0.3419174020415331,
            "std": 0.014504574202315794
        },
        "f1_micro": {
            "mean": 0.4052710843373494,
            "std": 0.011081308517558537
        },
        "f1_macro": {
            "mean": 0.2839526044724196,
            "std": 0.015775627891531325
        }
    }
}