{
    "train": {
        "f1_weighted": 0.7064487441306042,
        "f1_micro": 0.7101297614064462,
        "f1_macro": 0.7117401317581603,
        "cross_entropy_loss": 0.7356561422348022
    },
    "val": {
        "f1_weighted": 0.6094537265519209,
        "f1_micro": 0.6061224489795919,
        "f1_macro": 0.5907397943867402,
        "cross_entropy_loss": 1.0506128072738647
    },
    "test": {
        "f1_weighted": 0.5853762086321677,
        "f1_micro": 0.5881627620221949,
        "f1_macro": 0.5663667573934216,
        "cross_entropy_loss": 1.1097238063812256
    }
}