{
    "train": {
        "f1_weighted": 0.6275213550041545,
        "f1_micro": 0.6326915027208037,
        "f1_macro": 0.6314383679049478,
        "cross_entropy_loss": 0.9196367263793945
    },
    "val": {
        "f1_weighted": 0.5770709960545943,
        "f1_micro": 0.5755102040816327,
        "f1_macro": 0.5426490019009033,
        "cross_entropy_loss": 1.0695465803146362
    },
    "test": {
        "f1_weighted": 0.5628652690883744,
        "f1_micro": 0.5659679408138101,
        "f1_macro": 0.5403408610466022,
        "cross_entropy_loss": 1.1123957633972168
    }
}