{
    "train": {
        "f1_weighted": 0.9117832298050897,
        "f1_micro": 0.9123064043532859,
        "f1_macro": 0.9064254313289376
    },
    "val": {
        "f1_weighted": 0.641969421463617,
        "f1_micro": 0.6408163265306123,
        "f1_macro": 0.6205394655979233
    },
    "test": {
        "f1_weighted": 0.672592182050849,
        "f1_micro": 0.6775585696670777,
        "f1_macro": 0.6450039568996779
    }
}