{
    "train": {
        "f1_weighted": 0.773620248759482,
        "f1_micro": 0.7748011720385098,
        "f1_macro": 0.7799348239171368
    },
    "val": {
        "f1_weighted": 0.6358637530991339,
        "f1_micro": 0.6377551020408163,
        "f1_macro": 0.6118947266207706
    },
    "test": {
        "f1_weighted": 0.6273119619490156,
        "f1_micro": 0.6325524044389642,
        "f1_macro": 0.6139281837399905
    }
}