{
    "train": {
        "f1_weighted": {
            "mean": 0.7552305986558749,
            "std": 0.09359432781780383
        },
        "f1_micro": {
            "mean": 0.7594390958560068,
            "std": 0.09017500437358124
        },
        "f1_macro": {
            "mean": 0.7629168471119334,
            "std": 0.0863649833271849
        }
    },
    "val": {
        "f1_weighted": {
            "mean": 0.6190330174106282,
            "std": 0.021247293851645813
        },
        "f1_micro": {
            "mean": 0.6208163265306123,
            "std": 0.01782183097520064
        },
        "f1_macro": {
            "mean": 0.6011867577431034,
            "std": 0.022131804340734
        }
    },
    "test": {
        "f1_weighted": {
            "mean": 0.631782893500434,
            "std": 0.028687516907438537
        },
        "f1_micro": {
            "mean": 0.6362515413070283,
            "std": 0.028082597137867295
        },
        "f1_macro": {
            "mean": 0.6113390114432597,
            "std": 0.026925633034175195
        }
    }
}