{
    "train": {
        "f1_weighted": {
            "mean": 0.6829479777626982,
            "std": 0.0
        },
        "f1_micro": {
            "mean": 0.6923398911678527,
            "std": 0.0
        },
        "f1_macro": {
            "mean": 0.6929581759453494,
            "std": 0.0
        },
        "cross_entropy_loss": {
            "mean": 0.755455732345581,
            "std": 0.0
        }
    },
    "val": {
        "f1_weighted": {
            "mean": 0.6137479494751953,
            "std": 0.0
        },
        "f1_micro": {
            "mean": 0.6214285714285714,
            "std": 0.0
        },
        "f1_macro": {
            "mean": 0.6039359022757714,
            "std": 0.0
        },
        "cross_entropy_loss": {
            "mean": 0.9254831671714783,
            "std": 0.0
        }
    },
    "test": {
        "f1_weighted": {
            "mean": 0.6440306363350341,
            "std": 0.0
        },
        "f1_micro": {
            "mean": 0.6510480887792849,
            "std": 0.0
        },
        "f1_macro": {
            "mean": 0.6238227836403085,
            "std": 0.0
        },
        "cross_entropy_loss": {
            "mean": 0.8861032724380493,
            "std": 0.0
        }
    }
}