{
    "train": {
        "f1_weighted": 0.7969876290845399,
        "f1_micro": 0.7971954792800335,
        "f1_macro": 0.8000191353634887
    },
    "val": {
        "f1_weighted": 0.647394132473441,
        "f1_micro": 0.6459183673469387,
        "f1_macro": 0.6291518436380891
    },
    "test": {
        "f1_weighted": 0.6668983433148451,
        "f1_micro": 0.6664611590628853,
        "f1_macro": 0.6604613681441293
    }
}