{
    "train": {
        "f1_weighted": 0.8457642681077762,
        "f1_micro": 0.8449141900376727,
        "f1_macro": 0.8456814514541198
    },
    "val": {
        "f1_weighted": 0.6613952402869665,
        "f1_micro": 0.6602040816326531,
        "f1_macro": 0.6626296944064947
    },
    "test": {
        "f1_weighted": 0.6874278208122253,
        "f1_micro": 0.684956843403206,
        "f1_macro": 0.6807868579778104
    }
}