{
    "train": {
        "f1_weighted": 0.7741230616961932,
        "f1_micro": 0.776475512766848,
        "f1_macro": 0.7690547449089332
    },
    "val": {
        "f1_weighted": 0.6195077812519636,
        "f1_micro": 0.6153061224489796,
        "f1_macro": 0.6019698424767559
    },
    "test": {
        "f1_weighted": 0.6178643929689295,
        "f1_micro": 0.6226880394574599,
        "f1_macro": 0.5972270345054614
    }
}