{
    "train": {
        "f1_weighted": 0.8536806438881207,
        "f1_micro": 0.8551695269987442,
        "f1_macro": 0.8424180953379966
    },
    "val": {
        "f1_weighted": 0.6289078011716842,
        "f1_micro": 0.6214285714285714,
        "f1_macro": 0.6085771714388185
    },
    "test": {
        "f1_weighted": 0.651916901211622,
        "f1_micro": 0.6553637484586929,
        "f1_macro": 0.6272761867189112
    }
}