{
    "train": {
        "f1_weighted": 0.7632491377695007,
        "f1_micro": 0.7666919986972099,
        "f1_macro": 0.6521608620643534,
        "cross_entropy_loss": 0.1835181564092636
    },
    "val": {
        "f1_weighted": 0.5827676395815942,
        "f1_micro": 0.5946882217090069,
        "f1_macro": 0.32177370052892057,
        "cross_entropy_loss": 0.22621095180511475
    },
    "test": {
        "f1_weighted": 0.5657513435662475,
        "f1_micro": 0.5713134568896051,
        "f1_macro": 0.46293973457127996,
        "cross_entropy_loss": 0.37444740533828735
    }
}