{
    "train": {
        "f1_weighted": {
            "mean": 0.7632491377695007,
            "std": 0.0
        },
        "f1_micro": {
            "mean": 0.7666919986972099,
            "std": 0.0
        },
        "f1_macro": {
            "mean": 0.6521608620643534,
            "std": 0.0
        },
        "cross_entropy_loss": {
            "mean": 0.1835181564092636,
            "std": 0.0
        }
    },
    "val": {
        "f1_weighted": {
            "mean": 0.5827676395815942,
            "std": 0.0
        },
        "f1_micro": {
            "mean": 0.5946882217090069,
            "std": 0.0
        },
        "f1_macro": {
            "mean": 0.32177370052892057,
            "std": 0.0
        },
        "cross_entropy_loss": {
            "mean": 0.22621095180511475,
            "std": 0.0
        }
    },
    "test": {
        "f1_weighted": {
            "mean": 0.5657513435662475,
            "std": 0.0
        },
        "f1_micro": {
            "mean": 0.5713134568896051,
            "std": 0.0
        },
        "f1_macro": {
            "mean": 0.46293973457127996,
            "std": 0.0
        },
        "cross_entropy_loss": {
            "mean": 0.37444740533828735,
            "std": 0.0
        }
    }
}