{
    "train": {
        "f1_weighted": 0.48130658731176473,
        "f1_micro": 0.5184215824441313,
        "f1_macro": 0.40250379518339724
    },
    "val": {
        "f1_weighted": 0.4012561164051146,
        "f1_micro": 0.44345238095238093,
        "f1_macro": 0.3404866302397379
    },
    "test": {
        "f1_weighted": 0.37860491715673605,
        "f1_micro": 0.4322289156626506,
        "f1_macro": 0.32350500696429757
    }
}