{
    "train": {
        "f1_weighted": 0.644715247773026,
        "f1_micro": 0.6664988926917657,
        "f1_macro": 0.5910828321575066
    },
    "val": {
        "f1_weighted": 0.41568695915678366,
        "f1_micro": 0.44642857142857145,
        "f1_macro": 0.3501757181116861
    },
    "test": {
        "f1_weighted": 0.36745489243110324,
        "f1_micro": 0.41039156626506024,
        "f1_macro": 0.31485025570847835
    }
}