{
    "train": {
        "f1_weighted": 0.5826286774814101,
        "f1_micro": 0.6179786591503926,
        "f1_macro": 0.5150236719140554
    },
    "val": {
        "f1_weighted": 0.4040888326107927,
        "f1_micro": 0.44494047619047616,
        "f1_macro": 0.33853366361676934
    },
    "test": {
        "f1_weighted": 0.3659827194058067,
        "f1_micro": 0.42018072289156627,
        "f1_macro": 0.3078194584636038
    }
}