{
    "train": {
        "f1_weighted": {
            "mean": 0.5599685357736565,
            "std": 0.053565051443730895
        },
        "f1_micro": {
            "mean": 0.5947453191061003,
            "std": 0.048371531973692615
        },
        "f1_macro": {
            "mean": 0.4910099669232027,
            "std": 0.06202149525072976
        }
    },
    "val": {
        "f1_weighted": {
            "mean": 0.3984691090554173,
            "std": 0.012161066330783293
        },
        "f1_micro": {
            "mean": 0.4404761904761904,
            "std": 0.00861297388600463
        },
        "f1_macro": {
            "mean": 0.33129294467669734,
            "std": 0.015255529270347859
        }
    },
    "test": {
        "f1_weighted": {
            "mean": 0.36673743921494834,
            "std": 0.006883645605723674
        },
        "f1_micro": {
            "mean": 0.4197289156626506,
            "std": 0.007073505160130951
        },
        "f1_macro": {
            "mean": 0.3113342917813241,
            "std": 0.007683720357892152
        }
    }
}