{
    "train": {
        "f1_weighted": 0.7268922335609423,
        "f1_micro": 0.7272917538719129,
        "f1_macro": 0.7278493679304545
    },
    "val": {
        "f1_weighted": 0.6140862670860775,
        "f1_micro": 0.610204081632653,
        "f1_macro": 0.5789710175430216
    },
    "test": {
        "f1_weighted": 0.6471618100788904,
        "f1_micro": 0.6473489519112207,
        "f1_macro": 0.6202215258773144
    }
}