{
    "train": {
        "f1_weighted": 0.7316544383736676,
        "f1_micro": 0.7335705316031812,
        "f1_macro": 0.733042310243157
    },
    "val": {
        "f1_weighted": 0.6219850521376608,
        "f1_micro": 0.6214285714285714,
        "f1_macro": 0.601239632446142
    },
    "test": {
        "f1_weighted": 0.6598682017158749,
        "f1_micro": 0.6658446362515413,
        "f1_macro": 0.6324692525404018
    }
}