{
    "train": {
        "f1_weighted": {
            "mean": 0.7466216807518734,
            "std": 0.02933274370489767
        },
        "f1_micro": {
            "mean": 0.7481372959397238,
            "std": 0.028510106855017963
        },
        "f1_macro": {
            "mean": 0.7458764999674693,
            "std": 0.027688573043293366
        }
    },
    "val": {
        "f1_weighted": {
            "mean": 0.6254602862913603,
            "std": 0.014851979307614543
        },
        "f1_micro": {
            "mean": 0.6263265306122449,
            "std": 0.01447973206127897
        },
        "f1_macro": {
            "mean": 0.6057733911704557,
            "std": 0.019024000247167813
        }
    },
    "test": {
        "f1_weighted": {
            "mean": 0.656841588466522,
            "std": 0.012639279150065965
        },
        "f1_micro": {
            "mean": 0.659679408138101,
            "std": 0.012373537562813418
        },
        "f1_macro": {
            "mean": 0.632968666642945,
            "std": 0.010190057694418279
        }
    }
}