{
    "train": {
        "f1_weighted": 0.5718041717660093,
        "f1_micro": 0.5982484397020335,
        "f1_macro": 0.5098282016269041
    },
    "val": {
        "f1_weighted": 0.38469013967470655,
        "f1_micro": 0.42336309523809523,
        "f1_macro": 0.31676365623089586
    },
    "test": {
        "f1_weighted": 0.37183453236952557,
        "f1_micro": 0.41566265060240964,
        "f1_macro": 0.31537480212534363
    }
}