{
  "best_metric": 0.5801627334002505,
  "best_model_checkpoint": "results/MELD/roberta-large/SEEDS/2021-05-09-09-46-30-speaker_mode-upper-num_past_utterances-0-num_future_utterances-0-batch_size-16-seed-1/checkpoint-625",
  "epoch": 2.0,
  "global_step": 1250,
  "is_hyper_param_search": false,
  "is_local_process_zero": true,
  "is_world_process_zero": true,
  "log_history": [
    {
      "epoch": 1.0,
      "learning_rate": 1.5124055527391055e-05,
      "loss": 1.3781,
      "step": 625
    },
    {
      "epoch": 1.0,
      "eval_f1_macro": 0.3853087971374408,
      "eval_f1_micro": 0.6131650135256989,
      "eval_f1_weighted": 0.5801627334002505,
      "eval_loss": 1.20829176902771,
      "eval_runtime": 2.4396,
      "eval_samples_per_second": 454.583,
      "step": 625
    },
    {
      "epoch": 2.0,
      "learning_rate": 1.1465009835280315e-05,
      "loss": 1.0547,
      "step": 1250
    },
    {
      "epoch": 2.0,
      "eval_f1_macro": 0.38584204188793964,
      "eval_f1_micro": 0.6104598737601443,
      "eval_f1_weighted": 0.5644420652931306,
      "eval_loss": 1.223161220550537,
      "eval_runtime": 2.4542,
      "eval_samples_per_second": 451.873,
      "step": 1250
    }
  ],
  "max_steps": 3125,
  "num_train_epochs": 5,
  "total_flos": 780219442405908.0,
  "trial_name": null,
  "trial_params": null
}
