{
    "train": {
        "f1_weighted": 0.8767926018788834,
        "f1_micro": 0.8781659825808389,
        "f1_macro": 0.7976248981791205
    },
    "val": {
        "f1_weighted": 0.6492004065864574,
        "f1_micro": 0.6564472497745717,
        "f1_macro": 0.5254183247325236
    },
    "test": {
        "f1_weighted": 0.6511492679583446,
        "f1_micro": 0.6586206896551724,
        "f1_macro": 0.49729134885801907
    }
}