{
    "train": {
        "f1_weighted": 0.8196209281984459,
        "f1_micro": 0.8223045349884873,
        "f1_macro": 0.7168533110724964
    },
    "val": {
        "f1_weighted": 0.6237976292322166,
        "f1_micro": 0.6348061316501352,
        "f1_macro": 0.4886811155489726
    },
    "test": {
        "f1_weighted": 0.6609223440322074,
        "f1_micro": 0.6670498084291188,
        "f1_macro": 0.5262589269305654
    }
}