{
    "train": {
        "f1_weighted": 0.805095765492108,
        "f1_micro": 0.8102913204524977,
        "f1_macro": 0.6915450280489034
    },
    "val": {
        "f1_weighted": 0.6221387373832586,
        "f1_micro": 0.6375112714156899,
        "f1_macro": 0.5032943262288757
    },
    "test": {
        "f1_weighted": 0.6465781038087163,
        "f1_micro": 0.6586206896551724,
        "f1_macro": 0.47191287728791514
    }
}