{
    "train": {
        "f1_weighted": 0.8541749315080996,
        "f1_micro": 0.856642306537191,
        "f1_macro": 0.7683626353570807
    },
    "val": {
        "f1_weighted": 0.6288626905051214,
        "f1_micro": 0.6384129846708747,
        "f1_macro": 0.5017716724754627
    },
    "test": {
        "f1_weighted": 0.6467497142865782,
        "f1_micro": 0.653639846743295,
        "f1_macro": 0.5062487542210887
    }
}