{
    "train": {
        "f1_weighted": 0.8468746071195002,
        "f1_micro": 0.8498348183001302,
        "f1_macro": 0.7533234599292934
    },
    "val": {
        "f1_weighted": 0.6293017925594762,
        "f1_micro": 0.6411181244364292,
        "f1_macro": 0.4978908857188692
    },
    "test": {
        "f1_weighted": 0.6400394152301625,
        "f1_micro": 0.6486590038314176,
        "f1_macro": 0.4743654130028367
    }
}