{
    "train": {
        "f1_weighted": {
            "mean": 0.8344142531095826,
            "std": 0.016515572212357745
        },
        "f1_micro": {
            "mean": 0.8372409650615678,
            "std": 0.016423235475851488
        },
        "f1_macro": {
            "mean": 0.7372499834631902,
            "std": 0.02567574626850342
        }
    },
    "val": {
        "f1_weighted": {
            "mean": 0.6307162942764613,
            "std": 0.005249104365267029
        },
        "f1_micro": {
            "mean": 0.6414788097385031,
            "std": 0.005398243299223023
        },
        "f1_macro": {
            "mean": 0.49954842672492,
            "std": 0.005985821949830769
        }
    },
    "test": {
        "f1_weighted": {
            "mean": 0.6477467836594959,
            "std": 0.007802511842435909
        },
        "f1_micro": {
            "mean": 0.6547892720306514,
            "std": 0.006840985171085262
        },
        "f1_macro": {
            "mean": 0.494169673044324,
            "std": 0.01931553342748697
        }
    }
}