{
    "train": {
        "f1_weighted": 0.6995127677750883,
        "f1_micro": 0.7082461280870657,
        "f1_macro": 0.7094926672149918,
        "cross_entropy_loss": 0.7580272555351257
    },
    "val": {
        "f1_weighted": 0.5783299103469766,
        "f1_micro": 0.5806122448979592,
        "f1_macro": 0.5547799867246362,
        "cross_entropy_loss": 1.0888570547103882
    },
    "test": {
        "f1_weighted": 0.5728197198950286,
        "f1_micro": 0.5795314426633785,
        "f1_macro": 0.553737881962454,
        "cross_entropy_loss": 1.1237080097198486
    }
}