{
    "train": {
        "f1_weighted": 0.8271270706215565,
        "f1_micro": 0.8324156572229452,
        "f1_macro": 0.7289655398177214
    },
    "val": {
        "f1_weighted": 0.6414113605798569,
        "f1_micro": 0.6582506762849414,
        "f1_macro": 0.5048512246471681
    },
    "test": {
        "f1_weighted": 0.646477566631654,
        "f1_micro": 0.6628352490421456,
        "f1_macro": 0.48584459900624427
    }
}