{
    "train": {
        "f1_weighted": 0.7862218964335477,
        "f1_micro": 0.7922714986485133,
        "f1_macro": 0.6633487789811942
    },
    "val": {
        "f1_weighted": 0.6427687558078061,
        "f1_micro": 0.654643823264202,
        "f1_macro": 0.5200244051924316
    },
    "test": {
        "f1_weighted": 0.649422847727522,
        "f1_micro": 0.660536398467433,
        "f1_macro": 0.5000394000012338
    }
}