{
    "train": {
        "f1_weighted": {
            "mean": 0.7949854430601687,
            "std": 0.0411928811045711
        },
        "f1_micro": {
            "mean": 0.8018620482530785,
            "std": 0.037446506287255446
        },
        "f1_macro": {
            "mean": 0.6664424788722177,
            "std": 0.06861860004525562
        }
    },
    "val": {
        "f1_weighted": {
            "mean": 0.6384734183310974,
            "std": 0.006344983034861134
        },
        "f1_micro": {
            "mean": 0.6524797114517583,
            "std": 0.006158114005036567
        },
        "f1_macro": {
            "mean": 0.4983186288002816,
            "std": 0.016303676058753935
        }
    },
    "test": {
        "f1_weighted": {
            "mean": 0.6524163191046717,
            "std": 0.0038411386610116153
        },
        "f1_micro": {
            "mean": 0.6641379310344827,
            "std": 0.005470212505003751
        },
        "f1_macro": {
            "mean": 0.4855734431262048,
            "std": 0.010647316471591792
        }
    }
}