{
    "train": {
        "f1_weighted": 0.816022094940808,
        "f1_micro": 0.816450397655923,
        "f1_macro": 0.8163750835456298,
        "cross_entropy_loss": 0.5059748888015747
    },
    "val": {
        "f1_weighted": 0.6647787484882929,
        "f1_micro": 0.6663265306122449,
        "f1_macro": 0.6347152819825377,
        "cross_entropy_loss": 0.9520854353904724
    },
    "test": {
        "f1_weighted": 0.6688640761791121,
        "f1_micro": 0.6701602959309494,
        "f1_macro": 0.6584717812236518,
        "cross_entropy_loss": 0.9274479150772095
    }
}