{
    "train": {
        "f1_weighted": {
            "mean": 0.7690134334942189,
            "std": 0.048253340638068756
        },
        "f1_micro": {
            "mean": 0.7710757639179574,
            "std": 0.04669155879180609
        },
        "f1_macro": {
            "mean": 0.7737112687798969,
            "std": 0.04540179234169016
        },
        "cross_entropy_loss": {
            "mean": 0.6096606969833374,
            "std": 0.107592251948927
        }
    },
    "val": {
        "f1_weighted": {
            "mean": 0.6409434024672546,
            "std": 0.01988364076438535
        },
        "f1_micro": {
            "mean": 0.6416326530612245,
            "std": 0.01887506878330097
        },
        "f1_macro": {
            "mean": 0.6178790825585695,
            "std": 0.019488795416422334
        },
        "cross_entropy_loss": {
            "mean": 0.9247047305107117,
            "std": 0.027799103476147224
        }
    },
    "test": {
        "f1_weighted": {
            "mean": 0.6613779998837509,
            "std": 0.015572667965818545
        },
        "f1_micro": {
            "mean": 0.6623921085080149,
            "std": 0.01422872674402137
        },
        "f1_macro": {
            "mean": 0.6447949685158896,
            "std": 0.01754624687366322
        },
        "cross_entropy_loss": {
            "mean": 0.8905954241752625,
            "std": 0.029386272113242542
        }
    }
}