{
    "train": {
        "f1_weighted": {
            "mean": 0.6849679840123198,
            "std": 0.04360258637662888
        },
        "f1_micro": {
            "mean": 0.6912515696944328,
            "std": 0.04058277785325847
        },
        "f1_macro": {
            "mean": 0.6976911047757469,
            "std": 0.04000718105370396
        }
    },
    "val": {
        "f1_weighted": {
            "mean": 0.6084358847572452,
            "std": 0.013496366579604187
        },
        "f1_micro": {
            "mean": 0.6106122448979592,
            "std": 0.015074436989893377
        },
        "f1_macro": {
            "mean": 0.5910619891511296,
            "std": 0.017347469930390307
        }
    },
    "test": {
        "f1_weighted": {
            "mean": 0.6273265765423924,
            "std": 0.018459730296492362
        },
        "f1_micro": {
            "mean": 0.6293464858199753,
            "std": 0.01770354672891497
        },
        "f1_macro": {
            "mean": 0.6105188254332333,
            "std": 0.02117619521035686
        }
    }
}