{
    "train": {
        "f1_weighted": 0.7296247822206869,
        "f1_micro": 0.7463209530483532,
        "f1_macro": 0.5305185224619052,
        "cross_entropy_loss": 0.830483078956604
    },
    "val": {
        "f1_weighted": 0.6099011923283209,
        "f1_micro": 0.6330027051397655,
        "f1_macro": 0.4356511027684977,
        "cross_entropy_loss": 1.1079858541488647
    },
    "test": {
        "f1_weighted": 0.6402587588150824,
        "f1_micro": 0.6590038314176245,
        "f1_macro": 0.4385393748079589,
        "cross_entropy_loss": 1.0573158264160156
    }
}