{
    "train": {
        "f1_weighted": 0.7659775377995233,
        "f1_micro": 0.7793572930223246,
        "f1_macro": 0.6168381052286696
    },
    "val": {
        "f1_weighted": 0.584419042360907,
        "f1_micro": 0.6176735798016231,
        "f1_macro": 0.4067652180429088
    },
    "test": {
        "f1_weighted": 0.6179024264059093,
        "f1_micro": 0.6429118773946361,
        "f1_macro": 0.41595678036715966
    }
}