{
    "train": {
        "f1_weighted": {
            "mean": 0.7659775377995233,
            "std": 0.0
        },
        "f1_micro": {
            "mean": 0.7793572930223246,
            "std": 0.0
        },
        "f1_macro": {
            "mean": 0.6168381052286696,
            "std": 0.0
        }
    },
    "val": {
        "f1_weighted": {
            "mean": 0.584419042360907,
            "std": 0.0
        },
        "f1_micro": {
            "mean": 0.6176735798016231,
            "std": 0.0
        },
        "f1_macro": {
            "mean": 0.4067652180429088,
            "std": 0.0
        }
    },
    "test": {
        "f1_weighted": {
            "mean": 0.6179024264059093,
            "std": 0.0
        },
        "f1_micro": {
            "mean": 0.6429118773946361,
            "std": 0.0
        },
        "f1_macro": {
            "mean": 0.41595678036715966,
            "std": 0.0
        }
    }
}