{
    "train": {
        "f1_weighted": 0.538186587501972,
        "f1_micro": 0.580128850412724,
        "f1_macro": 0.46658114226103126
    },
    "val": {
        "f1_weighted": 0.39674334504223113,
        "f1_micro": 0.44494047619047616,
        "f1_macro": 0.3266446044131795
    },
    "test": {
        "f1_weighted": 0.3602166011123845,
        "f1_micro": 0.4118975903614458,
        "f1_macro": 0.30654696301006445
    }
}