{
    "train": {
        "f1_weighted": {
            "mean": 0.5170713156907155,
            "std": 0.06089358665674974
        },
        "f1_micro": {
            "mean": 0.5587074692973626,
            "std": 0.05074872541717847
        },
        "f1_macro": {
            "mean": 0.44246732232799546,
            "std": 0.07056470295148592
        }
    },
    "val": {
        "f1_weighted": {
            "mean": 0.38539337172246124,
            "std": 0.018458345908996292
        },
        "f1_micro": {
            "mean": 0.4331845238095238,
            "std": 0.01095949561876308
        },
        "f1_macro": {
            "mean": 0.3159690719149547,
            "std": 0.022707619477021216
        }
    },
    "test": {
        "f1_weighted": {
            "mean": 0.35484296796404685,
            "std": 0.020360610931008407
        },
        "f1_micro": {
            "mean": 0.4106927710843373,
            "std": 0.003886592741133718
        },
        "f1_macro": {
            "mean": 0.29862950862598947,
            "std": 0.02606566118498012
        }
    }
}