{
    "train": {
        "f1_weighted": 0.7172269524460119,
        "f1_micro": 0.7174550020929259,
        "f1_macro": 0.7216816220007671
    },
    "val": {
        "f1_weighted": 0.6256380570558434,
        "f1_micro": 0.6234693877551021,
        "f1_macro": 0.5984761663878017
    },
    "test": {
        "f1_weighted": 0.6559520043317886,
        "f1_micro": 0.6584463625154131,
        "f1_macro": 0.6314512749934341
    }
}