{
    "train": {
        "f1_weighted": 0.805596296256366,
        "f1_micro": 0.8144959455400942,
        "f1_macro": 0.7041888014040983,
        "cross_entropy_loss": 0.7287951111793518
    },
    "val": {
        "f1_weighted": 0.6126123494661073,
        "f1_micro": 0.6420198376916141,
        "f1_macro": 0.4637877239023607,
        "cross_entropy_loss": 1.1385868787765503
    },
    "test": {
        "f1_weighted": 0.6373244804600333,
        "f1_micro": 0.6636015325670498,
        "f1_macro": 0.45635641719104136,
        "cross_entropy_loss": 1.079785943031311
    }
}