{
    "train": {
        "f1_weighted": {
            "mean": 0.7765989827316573,
            "std": 0.0381493435131914
        },
        "f1_micro": {
            "mean": 0.7859445389928922,
            "std": 0.03369293244174184
        },
        "f1_macro": {
            "mean": 0.6604832582367919,
            "std": 0.061773553251217306
        },
        "cross_entropy_loss": {
            "mean": 0.8000139117240905,
            "std": 0.06622234392954503
        }
    },
    "val": {
        "f1_weighted": {
            "mean": 0.6300538562726092,
            "std": 0.01306442172089633
        },
        "f1_micro": {
            "mean": 0.6528403967538322,
            "std": 0.007587262026316537
        },
        "f1_macro": {
            "mean": 0.484515333354995,
            "std": 0.014396151255336222
        },
        "cross_entropy_loss": {
            "mean": 1.1345481157302857,
            "std": 0.012699845194858814
        }
    },
    "test": {
        "f1_weighted": {
            "mean": 0.6486493575983692,
            "std": 0.005926564124363397
        },
        "f1_micro": {
            "mean": 0.6699616858237547,
            "std": 0.00537273506297566
        },
        "f1_macro": {
            "mean": 0.46887017850884966,
            "std": 0.009798620934744283
        },
        "cross_entropy_loss": {
            "mean": 1.0700180053710937,
            "std": 0.009108077353447664
        }
    }
}