{
    "train": {
        "f1_weighted": 0.9491312956840929,
        "f1_micro": 0.9504891195847475,
        "f1_macro": 0.822930181555345,
        "cross_entropy_loss": 0.16471558809280396
    },
    "val": {
        "f1_weighted": 0.9109376157681032,
        "f1_micro": 0.9125910509885536,
        "f1_macro": 0.6264895408043164,
        "cross_entropy_loss": 0.2850964069366455
    },
    "test": {
        "f1_weighted": 0.8919656537287295,
        "f1_micro": 0.8949964763918252,
        "f1_macro": 0.7339330617505132,
        "cross_entropy_loss": 0.3335726261138916
    }
}