{
    "train": {
        "f1_weighted": 0.8476327488625894,
        "f1_micro": 0.8463309640604665,
        "f1_macro": 0.7629316202187041
    },
    "val": {
        "f1_weighted": 0.6629446040193075,
        "f1_micro": 0.6627592425608656,
        "f1_macro": 0.5421693678862654
    },
    "test": {
        "f1_weighted": 0.6488125532106198,
        "f1_micro": 0.6452107279693486,
        "f1_macro": 0.4922989459980779
    }
}