{
    "train": {
        "f1_weighted": 0.8482071695310713,
        "f1_micro": 0.8514365802382621,
        "f1_macro": 0.748065227815647
    },
    "val": {
        "f1_weighted": 0.6507889545521764,
        "f1_micro": 0.6618575293056808,
        "f1_macro": 0.522912428997003
    },
    "test": {
        "f1_weighted": 0.6502627511337655,
        "f1_micro": 0.660536398467433,
        "f1_macro": 0.47520921422608203
    }
}