{
    "train": {
        "f1_weighted": 0.7843131532433966,
        "f1_micro": 0.7839623585944537,
        "f1_macro": 0.673536105187569
    },
    "val": {
        "f1_weighted": 0.6498824275079718,
        "f1_micro": 0.654643823264202,
        "f1_macro": 0.5365421631454523
    },
    "test": {
        "f1_weighted": 0.6516637074435854,
        "f1_micro": 0.6532567049808429,
        "f1_macro": 0.4698502781785009
    }
}