{
    "train": {
        "f1_weighted": 0.7983275048207077,
        "f1_micro": 0.8017819601561718,
        "f1_macro": 0.6880488057878841
    },
    "val": {
        "f1_weighted": 0.6346150646537815,
        "f1_micro": 0.648331830477908,
        "f1_macro": 0.49478725237707616
    },
    "test": {
        "f1_weighted": 0.6628740990809421,
        "f1_micro": 0.6693486590038314,
        "f1_macro": 0.49630775499318236
    }
}