{
    "train": {
        "f1_weighted": {
            "mean": 0.7811410630886831,
            "std": 0.03181014489918327
        },
        "f1_micro": {
            "mean": 0.7852037240965062,
            "std": 0.029361300140782372
        },
        "f1_macro": {
            "mean": 0.6617457669699853,
            "std": 0.05314342567533117
        }
    },
    "val": {
        "f1_weighted": {
            "mean": 0.6448494629728769,
            "std": 0.007433019550414176
        },
        "f1_micro": {
            "mean": 0.6569882777276825,
            "std": 0.006051564196776395
        },
        "f1_macro": {
            "mean": 0.5131502016278787,
            "std": 0.013613654594213579
        }
    },
    "test": {
        "f1_weighted": {
            "mean": 0.6591202703565695,
            "std": 0.0041983306201973
        },
        "f1_micro": {
            "mean": 0.6670498084291188,
            "std": 0.004900621288986812
        },
        "f1_macro": {
            "mean": 0.48870146842797724,
            "std": 0.018293442319963202
        }
    }
}