{
    "train": {
        "f1_weighted": 0.8180050177214092,
        "f1_micro": 0.8239062969266193,
        "f1_macro": 0.7079085705175727
    },
    "val": {
        "f1_weighted": 0.6376412333488829,
        "f1_micro": 0.6537421100090172,
        "f1_macro": 0.5069709324841202
    },
    "test": {
        "f1_weighted": 0.6437790319103222,
        "f1_micro": 0.6593869731800767,
        "f1_macro": 0.471251471703004
    }
}