{
    "train": {
        "f1_weighted": 0.8309906418046907,
        "f1_micro": 0.8320152167384123,
        "f1_macro": 0.7323492410884315
    },
    "val": {
        "f1_weighted": 0.6350805877920764,
        "f1_micro": 0.6411181244364292,
        "f1_macro": 0.5285465172877418
    },
    "test": {
        "f1_weighted": 0.6490008569493926,
        "f1_micro": 0.6505747126436782,
        "f1_macro": 0.4995421239650821
    }
}