{
    "train": {
        "f1_weighted": 0.7568596925598773,
        "f1_micro": 0.7687456201822004,
        "f1_macro": 0.6128558916168478
    },
    "val": {
        "f1_weighted": 0.6258230437864994,
        "f1_micro": 0.648331830477908,
        "f1_macro": 0.4732671774855151
    },
    "test": {
        "f1_weighted": 0.6411727775766847,
        "f1_micro": 0.6597701149425287,
        "f1_macro": 0.4599840389776734
    }
}