{
    "train": {
        "f1_weighted": 0.4250376126814175,
        "f1_micro": 0.48792027380712705,
        "f1_macro": 0.33247262865021815
    },
    "val": {
        "f1_weighted": 0.34936529419170664,
        "f1_micro": 0.4174107142857143,
        "f1_macro": 0.2681404869574907
    },
    "test": {
        "f1_weighted": 0.3130724630114266,
        "f1_micro": 0.3930722891566265,
        "f1_macro": 0.23977864474079133
    }
}