{
    "train": {
        "f1_weighted": 0.6547213617406441,
        "f1_micro": 0.6603181247383842,
        "f1_macro": 0.6499710542376086
    },
    "val": {
        "f1_weighted": 0.5865077553923308,
        "f1_micro": 0.5836734693877551,
        "f1_macro": 0.5613080868989242
    },
    "test": {
        "f1_weighted": 0.5818414141581035,
        "f1_micro": 0.5881627620221949,
        "f1_macro": 0.5505927587357812
    }
}