{
    "train": {
        "f1_weighted": 0.8179228413500046,
        "f1_micro": 0.8195897865215571,
        "f1_macro": 0.8137764988107615
    },
    "val": {
        "f1_weighted": 0.598400061950424,
        "f1_micro": 0.5928571428571429,
        "f1_macro": 0.5820720172096158
    },
    "test": {
        "f1_weighted": 0.5892034958191478,
        "f1_micro": 0.591861898890259,
        "f1_macro": 0.5714184555296268
    }
}