{
    "train": {
        "f1_weighted": 0.6267419143979337,
        "f1_micro": 0.6456676433654248,
        "f1_macro": 0.6396912533663792
    },
    "val": {
        "f1_weighted": 0.5585717685188192,
        "f1_micro": 0.5714285714285714,
        "f1_macro": 0.5291675666397683
    },
    "test": {
        "f1_weighted": 0.5570869088005901,
        "f1_micro": 0.5678175092478421,
        "f1_macro": 0.5374240613226116
    }
}