{
    "train": {
        "f1_weighted": {
            "mean": 0.717244374310982,
            "std": 0.06581611149493251
        },
        "f1_micro": {
            "mean": 0.7233570531603182,
            "std": 0.06140908549587198
        },
        "f1_macro": {
            "mean": 0.7186474508422106,
            "std": 0.061359325044613354
        }
    },
    "val": {
        "f1_weighted": {
            "mean": 0.5691347995798142,
            "std": 0.018940399022022294
        },
        "f1_micro": {
            "mean": 0.5677551020408164,
            "std": 0.020383658757851048
        },
        "f1_macro": {
            "mean": 0.547876985127737,
            "std": 0.021000554944230358
        }
    },
    "test": {
        "f1_weighted": {
            "mean": 0.5748837394813624,
            "std": 0.015661128665271657
        },
        "f1_micro": {
            "mean": 0.5803945745992602,
            "std": 0.01444611750392861
        },
        "f1_macro": {
            "mean": 0.5527630120997206,
            "std": 0.014570771191408639
        }
    }
}