{
    "train": {
        "f1_weighted": 0.6991073000146113,
        "f1_micro": 0.7158874762238461,
        "f1_macro": 0.48307398506433435,
        "cross_entropy_loss": 0.8889598846435547
    },
    "val": {
        "f1_weighted": 0.6029359260634072,
        "f1_micro": 0.6266907123534716,
        "f1_macro": 0.4135605298183474,
        "cross_entropy_loss": 1.0959937572479248
    },
    "test": {
        "f1_weighted": 0.6438365123770068,
        "f1_micro": 0.6636015325670498,
        "f1_macro": 0.4249123332356282,
        "cross_entropy_loss": 1.0337384939193726
    }
}