{
    "train": {
        "f1_weighted": 0.7378025230870794,
        "f1_micro": 0.7548303133446791,
        "f1_macro": 0.5344445393099824,
        "cross_entropy_loss": 0.8078035116195679
    },
    "val": {
        "f1_weighted": 0.6044039005919974,
        "f1_micro": 0.6321009918845807,
        "f1_macro": 0.411345025556979,
        "cross_entropy_loss": 1.1111952066421509
    },
    "test": {
        "f1_weighted": 0.6469965610692916,
        "f1_micro": 0.6659003831417625,
        "f1_macro": 0.44407427610199784,
        "cross_entropy_loss": 1.0360742807388306
    }
}