{
    "train": {
        "f1_weighted": 0.9307674230134125,
        "f1_micro": 0.9350502428961203,
        "f1_macro": 0.6835299809420229,
        "cross_entropy_loss": 0.21426045894622803
    },
    "val": {
        "f1_weighted": 0.9022499094675283,
        "f1_micro": 0.9053069719042663,
        "f1_macro": 0.5960840069805388,
        "cross_entropy_loss": 0.32024773955345154
    },
    "test": {
        "f1_weighted": 0.8686443154049602,
        "f1_micro": 0.875968992248062,
        "f1_macro": 0.603975907535039,
        "cross_entropy_loss": 0.37402617931365967
    }
}