{
    "train": {
        "f1_weighted": 0.9511749829132569,
        "f1_micro": 0.9516204165834831,
        "f1_macro": 0.8216432895101841,
        "cross_entropy_loss": 0.16630613803863525
    },
    "val": {
        "f1_weighted": 0.9086000507446674,
        "f1_micro": 0.9084287200832466,
        "f1_macro": 0.6490197771174758,
        "cross_entropy_loss": 0.3154774308204651
    },
    "test": {
        "f1_weighted": 0.8831531025447578,
        "f1_micro": 0.8851303735024665,
        "f1_macro": 0.7071400112225709,
        "cross_entropy_loss": 0.3573561906814575
    }
}