{
    "train": {
        "f1_weighted": 0.923380688084622,
        "f1_micro": 0.9259333200239569,
        "f1_macro": 0.698384141883365,
        "cross_entropy_loss": 0.22999007999897003
    },
    "val": {
        "f1_weighted": 0.8968066416045842,
        "f1_micro": 0.8969823100936525,
        "f1_macro": 0.6076967716313878,
        "cross_entropy_loss": 0.3233276605606079
    },
    "test": {
        "f1_weighted": 0.8590210290248907,
        "f1_micro": 0.8632840028188865,
        "f1_macro": 0.5821532981971661,
        "cross_entropy_loss": 0.40334174036979675
    }
}