{
    "train": {
        "f1_weighted": 0.9246403957687128,
        "f1_micro": 0.9273308045518067,
        "f1_macro": 0.6748541261289437,
        "cross_entropy_loss": 0.22856202721595764
    },
    "val": {
        "f1_weighted": 0.9098683987204318,
        "f1_micro": 0.9136316337148803,
        "f1_macro": 0.5907874083995708,
        "cross_entropy_loss": 0.2955175042152405
    },
    "test": {
        "f1_weighted": 0.860386715505083,
        "f1_micro": 0.864693446088795,
        "f1_macro": 0.5903006226945933,
        "cross_entropy_loss": 0.3800621032714844
    }
}