{
    "train": {
        "f1_weighted": 0.9034640784492767,
        "f1_micro": 0.9126239435682438,
        "f1_macro": 0.5654530044795507,
        "cross_entropy_loss": 0.2716940641403198
    },
    "val": {
        "f1_weighted": 0.8900339842245251,
        "f1_micro": 0.8969823100936525,
        "f1_macro": 0.5319799767198384,
        "cross_entropy_loss": 0.30959972739219666
    },
    "test": {
        "f1_weighted": 0.8428099649612758,
        "f1_micro": 0.8548273431994361,
        "f1_macro": 0.5068138619057817,
        "cross_entropy_loss": 0.4222518801689148
    }
}