{
    "train": {
        "f1_weighted": 0.7529510375438796,
        "f1_micro": 0.7561741314357472,
        "f1_macro": 0.7552296663676022
    },
    "val": {
        "f1_weighted": 0.6281140786648882,
        "f1_micro": 0.636734693877551,
        "f1_macro": 0.6169340970744195
    },
    "test": {
        "f1_weighted": 0.6497822784347927,
        "f1_micro": 0.6553637484586929,
        "f1_macro": 0.6238399862755212
    }
}