{
    "train": {
        "f1_weighted": {
            "mean": 0.7785038892334905,
            "std": 0.0498692474514515
        },
        "f1_micro": {
            "mean": 0.7802009208874006,
            "std": 0.049470747895425445
        },
        "f1_macro": {
            "mean": 0.778901316115898,
            "std": 0.04830406365019766
        }
    },
    "val": {
        "f1_weighted": {
            "mean": 0.6414785777985104,
            "std": 0.017807170847863634
        },
        "f1_micro": {
            "mean": 0.6451020408163266,
            "std": 0.018919148873186593
        },
        "f1_macro": {
            "mean": 0.6217808143267668,
            "std": 0.013753991063817667
        }
    },
    "test": {
        "f1_weighted": {
            "mean": 0.6484001289858472,
            "std": 0.01817469065921586
        },
        "f1_micro": {
            "mean": 0.6536374845869297,
            "std": 0.0191793102262838
        },
        "f1_macro": {
            "mean": 0.6262635302623083,
            "std": 0.013083933141764833
        }
    }
}