{
    "train": {
        "f1_weighted": 0.8114724522603706,
        "f1_micro": 0.8137295939723733,
        "f1_macro": 0.8170624739623996
    },
    "val": {
        "f1_weighted": 0.6112940450023967,
        "f1_micro": 0.6091836734693877,
        "f1_macro": 0.6026827729198491
    },
    "test": {
        "f1_weighted": 0.6556378909763044,
        "f1_micro": 0.655980271270037,
        "f1_macro": 0.6400002534537044
    }
}