{
  "best_metric": 0.6244535097759496,
  "best_model_checkpoint": "results/MELD/roberta-large/SEEDS/2021-05-17-18-24-48-speaker_mode-None-num_past_utterances-1000-num_future_utterances-1000-batch_size-4-seed-3/checkpoint-4996",
  "epoch": 2.0,
  "global_step": 4996,
  "is_hyper_param_search": false,
  "is_local_process_zero": true,
  "is_world_process_zero": true,
  "log_history": [
    {
      "epoch": 1.0,
      "learning_rate": 7.087195857429464e-06,
      "loss": 1.5083,
      "step": 2498
    },
    {
      "epoch": 1.0,
      "eval_f1_macro": 0.40040363439668863,
      "eval_f1_micro": 0.630297565374211,
      "eval_f1_weighted": 0.5948133232091153,
      "eval_loss": 1.2220603227615356,
      "eval_runtime": 12.0297,
      "eval_samples_per_second": 92.189,
      "step": 2498
    },
    {
      "epoch": 2.0,
      "learning_rate": 5.34173540720678e-06,
      "loss": 1.0608,
      "step": 4996
    },
    {
      "epoch": 2.0,
      "eval_f1_macro": 0.4801969034813203,
      "eval_f1_micro": 0.6402164111812444,
      "eval_f1_weighted": 0.6244535097759496,
      "eval_loss": 1.0446457862854004,
      "eval_runtime": 12.0228,
      "eval_samples_per_second": 92.241,
      "step": 4996
    }
  ],
  "max_steps": 12490,
  "num_train_epochs": 5,
  "total_flos": 5193795552728376.0,
  "trial_name": null,
  "trial_params": null
}
