{
    "train": {
        "f1_weighted": 0.6516611982740607,
        "f1_micro": 0.6708304076277763,
        "f1_macro": 0.49222761948630994,
        "cross_entropy_loss": 0.2521520256996155
    },
    "val": {
        "f1_weighted": 0.5828385334613211,
        "f1_micro": 0.616491422246818,
        "f1_macro": 0.3209948381925874,
        "cross_entropy_loss": 0.22444869577884674
    },
    "test": {
        "f1_weighted": 0.5413585501015208,
        "f1_micro": 0.5636509207365893,
        "f1_macro": 0.37142090125456534,
        "cross_entropy_loss": 0.36478206515312195
    }
}