{
    "train": {
        "f1_weighted": {
            "mean": 0.6516611982740607,
            "std": 0.0
        },
        "f1_micro": {
            "mean": 0.6708304076277763,
            "std": 0.0
        },
        "f1_macro": {
            "mean": 0.49222761948630994,
            "std": 0.0
        },
        "cross_entropy_loss": {
            "mean": 0.2521520256996155,
            "std": 0.0
        }
    },
    "val": {
        "f1_weighted": {
            "mean": 0.5828385334613211,
            "std": 0.0
        },
        "f1_micro": {
            "mean": 0.616491422246818,
            "std": 0.0
        },
        "f1_macro": {
            "mean": 0.3209948381925874,
            "std": 0.0
        },
        "cross_entropy_loss": {
            "mean": 0.22444869577884674,
            "std": 0.0
        }
    },
    "test": {
        "f1_weighted": {
            "mean": 0.5413585501015208,
            "std": 0.0
        },
        "f1_micro": {
            "mean": 0.5636509207365893,
            "std": 0.0
        },
        "f1_macro": {
            "mean": 0.37142090125456534,
            "std": 0.0
        },
        "cross_entropy_loss": {
            "mean": 0.36478206515312195,
            "std": 0.0
        }
    }
}