{
    "train": {
        "f1_weighted": 0.8068488765700104,
        "f1_micro": 0.8127940734808289,
        "f1_macro": 0.701823558067436
    },
    "val": {
        "f1_weighted": 0.6333299481100239,
        "f1_micro": 0.6492335437330928,
        "f1_macro": 0.49825157846114265
    },
    "test": {
        "f1_weighted": 0.6506561619032675,
        "f1_micro": 0.6639846743295019,
        "f1_macro": 0.4829780473569053
    }
}