{
    "train": {
        "f1_weighted": 0.7393719186297207,
        "f1_micro": 0.7425701130179991,
        "f1_macro": 0.732809392519283
    },
    "val": {
        "f1_weighted": 0.6111383625363673,
        "f1_micro": 0.6163265306122448,
        "f1_macro": 0.6107545253551879
    },
    "test": {
        "f1_weighted": 0.6838167262808403,
        "f1_micro": 0.6898890258939581,
        "f1_macro": 0.6512998346120872
    }
}