{
    "train": {
        "f1_weighted": 0.7785077206566943,
        "f1_micro": 0.7802427794056089,
        "f1_macro": 0.7818575778872504,
        "cross_entropy_loss": 0.6147820949554443
    },
    "val": {
        "f1_weighted": 0.5906974910066265,
        "f1_micro": 0.5877551020408164,
        "f1_macro": 0.5715871413156127,
        "cross_entropy_loss": 1.0926378965377808
    },
    "test": {
        "f1_weighted": 0.5645833870032083,
        "f1_micro": 0.5678175092478421,
        "f1_macro": 0.5434315763865745,
        "cross_entropy_loss": 1.173725962638855
    }
}