{
    "train": {
        "f1_weighted": {
            "mean": 0.746584325013812,
            "std": 0.02773304652026552
        },
        "f1_micro": {
            "mean": 0.7493093344495605,
            "std": 0.027226512708120723
        },
        "f1_macro": {
            "mean": 0.747784487113559,
            "std": 0.027667438321526457
        },
        "cross_entropy_loss": {
            "mean": 0.6824352145195007,
            "std": 0.06741171337093847
        }
    },
    "val": {
        "f1_weighted": {
            "mean": 0.5857177999862939,
            "std": 0.01197152487628349
        },
        "f1_micro": {
            "mean": 0.5873469387755101,
            "std": 0.0110769524449893
        },
        "f1_macro": {
            "mean": 0.5570028737265665,
            "std": 0.015250753529843038
        },
        "cross_entropy_loss": {
            "mean": 1.0831047534942626,
            "std": 0.008916853034049882
        }
    },
    "test": {
        "f1_weighted": {
            "mean": 0.5550426187286309,
            "std": 0.0071124446659568625
        },
        "f1_micro": {
            "mean": 0.5583230579531443,
            "std": 0.00791073486182266
        },
        "f1_macro": {
            "mean": 0.5341447361574508,
            "std": 0.008302219642562645
        },
        "cross_entropy_loss": {
            "mean": 1.1964382886886598,
            "std": 0.016617387645899498
        }
    }
}