{
    "train": {
        "f1_weighted": 0.8146301354814043,
        "f1_micro": 0.8151946421096693,
        "f1_macro": 0.8117756566080961
    },
    "val": {
        "f1_weighted": 0.6386236988301733,
        "f1_micro": 0.6357142857142857,
        "f1_macro": 0.6283763566268621
    },
    "test": {
        "f1_weighted": 0.6948213109669301,
        "f1_micro": 0.6948212083847103,
        "f1_macro": 0.6743351553897753
    }
}