{
    "train": {
        "f1_weighted": 0.8447794526364164,
        "f1_micro": 0.8440770196735036,
        "f1_macro": 0.8437573107162897
    },
    "val": {
        "f1_weighted": 0.6290750730077304,
        "f1_micro": 0.6265306122448979,
        "f1_macro": 0.623789357667403
    },
    "test": {
        "f1_weighted": 0.6531576911582474,
        "f1_micro": 0.6498150431565968,
        "f1_macro": 0.6437306698019111
    }
}