{
    "train": {
        "f1_weighted": {
            "mean": 0.8163566255427904,
            "std": 0.014999191570792705
        },
        "f1_micro": {
            "mean": 0.8163248221012976,
            "std": 0.014816732954593742
        },
        "f1_macro": {
            "mean": 0.815687436891689,
            "std": 0.014454379539476644
        }
    },
    "val": {
        "f1_weighted": {
            "mean": 0.6404426591952578,
            "std": 0.013830733788351125
        },
        "f1_micro": {
            "mean": 0.6387755102040817,
            "std": 0.013003699854754306
        },
        "f1_macro": {
            "mean": 0.6290656244729366,
            "std": 0.006444580992989606
        }
    },
    "test": {
        "f1_weighted": {
            "mean": 0.6784038536620902,
            "std": 0.016492687522232232
        },
        "f1_micro": {
            "mean": 0.6786683107274969,
            "std": 0.016535688891975563
        },
        "f1_macro": {
            "mean": 0.6615095485552386,
            "std": 0.016968442749827985
        }
    }
}