{
    "train": {
        "f1_weighted": 0.8168863167105359,
        "f1_micro": 0.8179154457932188,
        "f1_macro": 0.8204642794542157
    },
    "val": {
        "f1_weighted": 0.6447148537897194,
        "f1_micro": 0.639795918367347,
        "f1_macro": 0.6387790856543231
    },
    "test": {
        "f1_weighted": 0.667055008119575,
        "f1_micro": 0.6676942046855734,
        "f1_macro": 0.6489824117406883
    }
}