{
    "train": {
        "f1_weighted": 0.8725971857739852,
        "f1_micro": 0.8727501046462955,
        "f1_macro": 0.8712248217475769
    },
    "val": {
        "f1_weighted": 0.6625460150308911,
        "f1_micro": 0.6622448979591836,
        "f1_macro": 0.6493632288553675
    },
    "test": {
        "f1_weighted": 0.6682555119745397,
        "f1_micro": 0.6738594327990136,
        "f1_macro": 0.6416265823936843
    }
}