{
    "train": {
        "f1_weighted": 0.8639323667668125,
        "f1_micro": 0.8654248639598158,
        "f1_macro": 0.8555819883322213
    },
    "val": {
        "f1_weighted": 0.6648163966596576,
        "f1_micro": 0.6663265306122449,
        "f1_macro": 0.6584777025174393
    },
    "test": {
        "f1_weighted": 0.665727478597839,
        "f1_micro": 0.6726263871763255,
        "f1_macro": 0.6399982011653026
    }
}