{
    "train": {
        "f1_weighted": 0.8473109964254948,
        "f1_micro": 0.8468315146661327,
        "f1_macro": 0.7535184465261128
    },
    "val": {
        "f1_weighted": 0.6587594124108919,
        "f1_micro": 0.6609558160504959,
        "f1_macro": 0.5464615060133099
    },
    "test": {
        "f1_weighted": 0.6657122603888556,
        "f1_micro": 0.6662835249042146,
        "f1_macro": 0.5092024356033126
    }
}