{
    "train": {
        "f1_weighted": {
            "mean": 0.780523833868546,
            "std": 0.03410335730857931
        },
        "f1_micro": {
            "mean": 0.7845830413454801,
            "std": 0.031498557897411496
        },
        "f1_macro": {
            "mean": 0.6512033413054982,
            "std": 0.05265565330645854
        }
    },
    "val": {
        "f1_weighted": {
            "mean": 0.6472059299506008,
            "std": 0.009568097681640478
        },
        "f1_micro": {
            "mean": 0.6573489630297565,
            "std": 0.004151799615228583
        },
        "f1_macro": {
            "mean": 0.5082141245446038,
            "std": 0.022969773295095315
        }
    },
    "test": {
        "f1_weighted": {
            "mean": 0.6577967712259486,
            "std": 0.0055368269915245134
        },
        "f1_micro": {
            "mean": 0.6647509578544062,
            "std": 0.004083651369953774
        },
        "f1_macro": {
            "mean": 0.48705138153297434,
            "std": 0.014761365734522958
        }
    }
}