{
    "train": {
        "f1_weighted": 0.5605660207969995,
        "f1_micro": 0.599657741091202,
        "f1_macro": 0.4913466057137443
    },
    "val": {
        "f1_weighted": 0.38864134841069775,
        "f1_micro": 0.4367559523809524,
        "f1_macro": 0.3222851203606271
    },
    "test": {
        "f1_weighted": 0.3408668078661908,
        "f1_micro": 0.40210843373493976,
        "f1_macro": 0.2804857064402529
    }
}