{
    "train": {
        "f1_weighted": 0.4657675201469563,
        "f1_micro": 0.5213408496074089,
        "f1_macro": 0.38046629997321074
    },
    "val": {
        "f1_weighted": 0.3781202063497534,
        "f1_micro": 0.43154761904761907,
        "f1_macro": 0.30986709280476354
    },
    "test": {
        "f1_weighted": 0.34958975434476997,
        "f1_micro": 0.41716867469879526,
        "f1_macro": 0.2901005563978117
    }
}