{
    "train": {
        "f1_weighted": 0.6824872498855483,
        "f1_micro": 0.6810380912515697,
        "f1_macro": 0.6899132635270089,
        "cross_entropy_loss": 0.8042100667953491
    },
    "val": {
        "f1_weighted": 0.5987833124050987,
        "f1_micro": 0.5979591836734693,
        "f1_macro": 0.5730324630564518,
        "cross_entropy_loss": 1.028289794921875
    },
    "test": {
        "f1_weighted": 0.5588169320619945,
        "f1_micro": 0.5591861898890259,
        "f1_macro": 0.5467699074334144,
        "cross_entropy_loss": 1.1318483352661133
    }
}