{
    "train": {
        "f1_weighted": 0.6826460289732132,
        "f1_micro": 0.6879447467559648,
        "f1_macro": 0.6919869347986168,
        "cross_entropy_loss": 0.7772905230522156
    },
    "val": {
        "f1_weighted": 0.5691325260613712,
        "f1_micro": 0.563265306122449,
        "f1_macro": 0.5537040165782282,
        "cross_entropy_loss": 1.0340592861175537
    },
    "test": {
        "f1_weighted": 0.5922260123151206,
        "f1_micro": 0.596177558569667,
        "f1_macro": 0.5730224131556311,
        "cross_entropy_loss": 1.023605227470398
    }
}