{
    "train": {
        "f1_weighted": {
            "mean": 0.6903059600866279,
            "std": 0.014410381014115346
        },
        "f1_micro": {
            "mean": 0.6936793637505232,
            "std": 0.015068252617430193
        },
        "f1_macro": {
            "mean": 0.7003055530514817,
            "std": 0.01601891544429105
        },
        "cross_entropy_loss": {
            "mean": 0.7594112396240235,
            "std": 0.03807554486735193
        }
    },
    "val": {
        "f1_weighted": {
            "mean": 0.583581918146571,
            "std": 0.017865249362493483
        },
        "f1_micro": {
            "mean": 0.5838775510204081,
            "std": 0.018143763894606417
        },
        "f1_macro": {
            "mean": 0.5651390844502264,
            "std": 0.009731170016387595
        },
        "cross_entropy_loss": {
            "mean": 1.0243930578231812,
            "std": 0.014678472822157536
        }
    },
    "test": {
        "f1_weighted": {
            "mean": 0.5832706325228738,
            "std": 0.012343931833617912
        },
        "f1_micro": {
            "mean": 0.5858199753390875,
            "std": 0.013610500346778413
        },
        "f1_macro": {
            "mean": 0.5677705146939643,
            "std": 0.010632208573886151
        },
        "cross_entropy_loss": {
            "mean": 1.0698820114135743,
            "std": 0.03698794834224466
        }
    }
}