{
    "train": {
        "f1_weighted": {
            "mean": 0.7740757089186044,
            "std": 0.028142456931294278
        },
        "f1_micro": {
            "mean": 0.7816398037841626,
            "std": 0.02562579764077162
        },
        "f1_macro": {
            "mean": 0.6417063452452736,
            "std": 0.0485033407993257
        }
    },
    "val": {
        "f1_weighted": {
            "mean": 0.633376829264716,
            "std": 0.006865131805774441
        },
        "f1_micro": {
            "mean": 0.6510369702434626,
            "std": 0.007077156671000381
        },
        "f1_macro": {
            "mean": 0.4870721848905098,
            "std": 0.018455349608346987
        }
    },
    "test": {
        "f1_weighted": {
            "mean": 0.651081402660498,
            "std": 0.0072464149548009706
        },
        "f1_micro": {
            "mean": 0.6632183908045977,
            "std": 0.008267343423301855
        },
        "f1_macro": {
            "mean": 0.47670360908713827,
            "std": 0.0215497724038471
        }
    }
}