{
    "train": {
        "f1_weighted": 0.7761662392144029,
        "f1_micro": 0.7766848053578904,
        "f1_macro": 0.7733945544275981
    },
    "val": {
        "f1_weighted": 0.542762582400674,
        "f1_micro": 0.536734693877551,
        "f1_macro": 0.5202355207307131
    },
    "test": {
        "f1_weighted": 0.5416939827098071,
        "f1_micro": 0.5456226880394575,
        "f1_macro": 0.5231332519498822
    }
}