{
    "train": {
        "f1_weighted": 0.7210200565056101,
        "f1_micro": 0.7256174131435748,
        "f1_macro": 0.7067641867934072
    },
    "val": {
        "f1_weighted": 0.5581745321703854,
        "f1_micro": 0.5520408163265306,
        "f1_macro": 0.5339376875257665
    },
    "test": {
        "f1_weighted": 0.5395152055941183,
        "f1_micro": 0.5524044389642416,
        "f1_macro": 0.5055115165903784
    }
}