{
    "train": {
        "f1_weighted": 0.7005641929611652,
        "f1_micro": 0.7064771248373211,
        "f1_macro": 0.5196556435854486
    },
    "val": {
        "f1_weighted": 0.6287750641068193,
        "f1_micro": 0.6411181244364292,
        "f1_macro": 0.46287595585312097
    },
    "test": {
        "f1_weighted": 0.6352126273744816,
        "f1_micro": 0.639080459770115,
        "f1_macro": 0.43773924027151606
    }
}