{
    "train": {
        "f1_weighted": 0.7969502763494922,
        "f1_micro": 0.8002803083391731,
        "f1_macro": 0.6910519857454418
    },
    "val": {
        "f1_weighted": 0.6621110306896665,
        "f1_micro": 0.672678088367899,
        "f1_macro": 0.5259587067768272
    },
    "test": {
        "f1_weighted": 0.66250525337187,
        "f1_micro": 0.6697318007662836,
        "f1_macro": 0.4930002590309929
    }
}