{
    "train": {
        "f1_weighted": 0.7869803702433718,
        "f1_micro": 0.7904695164681149,
        "f1_macro": 0.6721610028573347
    },
    "val": {
        "f1_weighted": 0.6329863923949346,
        "f1_micro": 0.6447249774571686,
        "f1_macro": 0.48756103811320417
    },
    "test": {
        "f1_weighted": 0.6564266789220364,
        "f1_micro": 0.6662835249042146,
        "f1_macro": 0.49437229659412857
    }
}