{
    "train": {
        "f1_weighted": 0.7296582651783327,
        "f1_micro": 0.7439183101411553,
        "f1_macro": 0.5662590887226961
    },
    "val": {
        "f1_weighted": 0.6214643041037365,
        "f1_micro": 0.648331830477908,
        "f1_macro": 0.4550563534279232
    },
    "test": {
        "f1_weighted": 0.6414767782182551,
        "f1_micro": 0.6620689655172414,
        "f1_macro": 0.4379901464871588
    }
}