{
    "train": {
        "f1_weighted": 0.7990971531250955,
        "f1_micro": 0.8065872459705676,
        "f1_macro": 0.6828873504996175
    },
    "val": {
        "f1_weighted": 0.627118839854532,
        "f1_micro": 0.6501352569882777,
        "f1_macro": 0.48312258652067214
    },
    "test": {
        "f1_weighted": 0.6484554304266565,
        "f1_micro": 0.6647509578544061,
        "f1_macro": 0.4776666429528359
    }
}