{
    "train": {
        "f1_weighted": 0.8180478169394323,
        "f1_micro": 0.8244068475322855,
        "f1_macro": 0.7165635713611656
    },
    "val": {
        "f1_weighted": 0.6419448271053891,
        "f1_micro": 0.6618575293056808,
        "f1_macro": 0.5106679670160261
    },
    "test": {
        "f1_weighted": 0.6467298186694718,
        "f1_micro": 0.6639846743295019,
        "f1_macro": 0.47166756548426175
    }
}