{
    "train": {
        "f1_weighted": 0.7990983808247895,
        "f1_micro": 0.802682951246371,
        "f1_macro": 0.7131209419973461
    },
    "val": {
        "f1_weighted": 0.6229532149669781,
        "f1_micro": 0.6375112714156899,
        "f1_macro": 0.472217951270661
    },
    "test": {
        "f1_weighted": 0.6512483196022096,
        "f1_micro": 0.6609195402298851,
        "f1_macro": 0.5039481348697568
    }
}