{
    "train": {
        "f1_weighted": 0.7740474254569794,
        "f1_micro": 0.7813594954449895,
        "f1_macro": 0.6616233576525037
    },
    "val": {
        "f1_weighted": 0.6311538755178641,
        "f1_micro": 0.6501352569882777,
        "f1_macro": 0.49718032771310317
    },
    "test": {
        "f1_weighted": 0.6530181844213833,
        "f1_micro": 0.6685823754789272,
        "f1_macro": 0.4929358955066935
    }
}