{
    "train": {
        "f1_weighted": 0.7702089638262366,
        "f1_micro": 0.7761537691460607,
        "f1_macro": 0.6359596103150811
    },
    "val": {
        "f1_weighted": 0.6311996257998449,
        "f1_micro": 0.648331830477908,
        "f1_macro": 0.4919428420171534
    },
    "test": {
        "f1_weighted": 0.6557323135384732,
        "f1_micro": 0.6628352490421456,
        "f1_macro": 0.5003313048485043
    }
}