{
    "train": {
        "f1_weighted": 0.7868050249741653,
        "f1_micro": 0.7956752427670438,
        "f1_macro": 0.6752021027079954
    },
    "val": {
        "f1_weighted": 0.6167348890179162,
        "f1_micro": 0.6411181244364292,
        "f1_macro": 0.47940084994010296
    },
    "test": {
        "f1_weighted": 0.6583120332064536,
        "f1_micro": 0.678544061302682,
        "f1_macro": 0.5007934941104899
    }
}