{
    "train": {
        "f1_weighted": {
            "mean": 0.785211606293137,
            "std": 0.012993272044953074
        },
        "f1_micro": {
            "mean": 0.7934327760536591,
            "std": 0.01065363612025149
        },
        "f1_macro": {
            "mean": 0.6748403924834685,
            "std": 0.023771251031772668
        }
    },
    "val": {
        "f1_weighted": {
            "mean": 0.6195558446247006,
            "std": 0.010961566538278874
        },
        "f1_micro": {
            "mean": 0.642560865644725,
            "std": 0.00659176443011614
        },
        "f1_macro": {
            "mean": 0.47709528976911314,
            "std": 0.014303837862563078
        }
    },
    "test": {
        "f1_weighted": {
            "mean": 0.6469362305198418,
            "std": 0.012080403755997176
        },
        "f1_micro": {
            "mean": 0.6641379310344828,
            "std": 0.010019285289612939
        },
        "f1_macro": {
            "mean": 0.4794266986614427,
            "std": 0.030217556881972165
        }
    }
}