{
    "train": {
        "f1_weighted": 0.7566236273000094,
        "f1_micro": 0.7694463910301331,
        "f1_macro": 0.5820909484002622,
        "accuracy": 0.7694463910301331
    },
    "val": {
        "f1_weighted": 0.6147145834860083,
        "f1_micro": 0.6366095581605049,
        "f1_macro": 0.4742821766117963,
        "accuracy": 0.6366095581605049
    },
    "test": {
        "f1_weighted": 0.6335820667905033,
        "f1_micro": 0.650191570881226,
        "f1_macro": 0.4404449095507994,
        "accuracy": 0.650191570881226
    }
}