{
    "train": {
        "f1_weighted": 0.7548164442674105,
        "f1_micro": 0.7644408849734707,
        "f1_macro": 0.5812350507096127,
        "accuracy": 0.7644408849734708
    },
    "val": {
        "f1_weighted": 0.6038742654718942,
        "f1_micro": 0.6239855725879171,
        "f1_macro": 0.4550959877927481,
        "accuracy": 0.6239855725879171
    },
    "test": {
        "f1_weighted": 0.6327035954302057,
        "f1_micro": 0.6429118773946361,
        "f1_macro": 0.4374839495495144,
        "accuracy": 0.6429118773946361
    }
}