{
    "train": {
        "f1_weighted": {
            "mean": 0.751404245589798,
            "std": 0.020151264461664358
        },
        "f1_micro": {
            "mean": 0.7630994093502854,
            "std": 0.017205152711752585
        },
        "f1_macro": {
            "mean": 0.5741957157680312,
            "std": 0.03845404800559455
        },
        "accuracy": {
            "mean": 0.7630994093502854,
            "std": 0.017205152711752585
        }
    },
    "val": {
        "f1_weighted": {
            "mean": 0.6051607834475037,
            "std": 0.005402012952980961
        },
        "f1_micro": {
            "mean": 0.6266907123534716,
            "std": 0.005100860459416011
        },
        "f1_macro": {
            "mean": 0.4463350696922495,
            "std": 0.018956471361196447
        },
        "accuracy": {
            "mean": 0.6266907123534716,
            "std": 0.005100860459416011
        }
    },
    "test": {
        "f1_weighted": {
            "mean": 0.6327342756554012,
            "std": 0.002069320691176984
        },
        "f1_micro": {
            "mean": 0.6455938697318008,
            "std": 0.0032600838906026784
        },
        "f1_macro": {
            "mean": 0.4380586026689851,
            "std": 0.009817401172135764
        },
        "accuracy": {
            "mean": 0.6455938697318008,
            "std": 0.0032600838906026784
        }
    }
}