{
    "train": {
        "f1_weighted": 0.6936548300850139,
        "f1_micro": 0.714586044649114,
        "f1_macro": 0.46822700650597354,
        "cross_entropy_loss": 0.8977156281471252
    },
    "val": {
        "f1_weighted": 0.6130464907566159,
        "f1_micro": 0.6393146979260595,
        "f1_macro": 0.43154668703688426,
        "cross_entropy_loss": 1.1023616790771484
    },
    "test": {
        "f1_weighted": 0.6411768350952004,
        "f1_micro": 0.6613026819923372,
        "f1_macro": 0.4304350987008987,
        "cross_entropy_loss": 1.0417795181274414
    }
}