{
    "train": {
        "f1_weighted": 0.7332893570106794,
        "f1_micro": 0.748723595955551,
        "f1_macro": 0.5328185141797428,
        "cross_entropy_loss": 0.8258922696113586
    },
    "val": {
        "f1_weighted": 0.5967323878180584,
        "f1_micro": 0.6230838593327321,
        "f1_macro": 0.40700782245220407,
        "cross_entropy_loss": 1.127187967300415
    },
    "test": {
        "f1_weighted": 0.6383551186588287,
        "f1_micro": 0.6555555555555556,
        "f1_macro": 0.4370951552040009,
        "cross_entropy_loss": 1.0508854389190674
    }
}