{
    "train": {
        "f1_weighted": 0.5385598694721174,
        "f1_micro": 0.5705657338433662,
        "f1_macro": 0.47243667069587053
    },
    "val": {
        "f1_weighted": 0.40440965869496753,
        "f1_micro": 0.44345238095238093,
        "f1_macro": 0.3374602336582049
    },
    "test": {
        "f1_weighted": 0.3622247042057169,
        "f1_micro": 0.4164156626506024,
        "f1_macro": 0.300289234305078
    }
}