{
    "train": {
        "f1_weighted": 0.929304215171612,
        "f1_micro": 0.9313901643707992,
        "f1_macro": 0.7277222128398381,
        "cross_entropy_loss": 0.22810758650302887
    },
    "val": {
        "f1_weighted": 0.8963218611021617,
        "f1_micro": 0.8980228928199792,
        "f1_macro": 0.6049898206916223,
        "cross_entropy_loss": 0.32140907645225525
    },
    "test": {
        "f1_weighted": 0.8656256714242425,
        "f1_micro": 0.8696264975334743,
        "f1_macro": 0.6548655634565351,
        "cross_entropy_loss": 0.4074430465698242
    }
}