{
    "train": {
        "f1_weighted": {
            "mean": 0.7353544254182599,
            "std": 0.07306241521438556
        },
        "f1_micro": {
            "mean": 0.7394725826705735,
            "std": 0.0706171190937263
        },
        "f1_macro": {
            "mean": 0.7377863796730846,
            "std": 0.07101581154771616
        }
    },
    "val": {
        "f1_weighted": {
            "mean": 0.6019561474984843,
            "std": 0.013183767874178699
        },
        "f1_micro": {
            "mean": 0.6006122448979593,
            "std": 0.011114488819747009
        },
        "f1_macro": {
            "mean": 0.5869488838412573,
            "std": 0.01510532214835071
        }
    },
    "test": {
        "f1_weighted": {
            "mean": 0.6297205818132794,
            "std": 0.016380762623175893
        },
        "f1_micro": {
            "mean": 0.6331689272503083,
            "std": 0.015296724879015037
        },
        "f1_macro": {
            "mean": 0.6069388877896151,
            "std": 0.017812175414724275
        }
    }
}