{
    "train": {
        "f1_weighted": 0.4786981454058002,
        "f1_micro": 0.5077511576404268,
        "f1_macro": 0.4015662910253292
    },
    "val": {
        "f1_weighted": 0.394390931506702,
        "f1_micro": 0.42857142857142855,
        "f1_macro": 0.3235101294167162
    },
    "test": {
        "f1_weighted": 0.36231111084302803,
        "f1_micro": 0.40662650602409633,
        "f1_macro": 0.3045483984920732
    }
}