{
    "train": {
        "f1_weighted": 0.5133297540136029,
        "f1_micro": 0.5639218844372861,
        "f1_macro": 0.43777417763352017
    },
    "val": {
        "f1_weighted": 0.3856060643043329,
        "f1_micro": 0.4427083333333333,
        "f1_macro": 0.30813061469887926
    },
    "test": {
        "f1_weighted": 0.35513486020839835,
        "f1_micro": 0.4164156626506024,
        "f1_macro": 0.2987201770631107
    }
}