{
    "train": {
        "f1_weighted": 0.4893082307184346,
        "f1_micro": 0.5270787195490235,
        "f1_macro": 0.41080634030189456
    },
    "val": {
        "f1_weighted": 0.39377772476432726,
        "f1_micro": 0.4382440476190476,
        "f1_macro": 0.31712615047734494
    },
    "test": {
        "f1_weighted": 0.37928933505740264,
        "f1_micro": 0.4352409638554217,
        "f1_macro": 0.32476254684408346
    }
}