{
    "train": {
        "f1_weighted": {
            "mean": 0.485194613333414,
            "std": 0.05287810096474486
        },
        "f1_micro": {
            "mean": 0.5301389168512181,
            "std": 0.04175529565426302
        },
        "f1_macro": {
            "mean": 0.40687085641499604,
            "std": 0.06249394975413151
        }
    },
    "val": {
        "f1_weighted": {
            "mean": 0.38292125131940435,
            "std": 0.015454978368118951
        },
        "f1_micro": {
            "mean": 0.43303571428571425,
            "std": 0.006313453403451309
        },
        "f1_macro": {
            "mean": 0.3074229932786875,
            "std": 0.01728722879898767
        }
    },
    "test": {
        "f1_weighted": {
            "mean": 0.3593502666968459,
            "std": 0.01778951302075306
        },
        "f1_micro": {
            "mean": 0.41852409638554217,
            "std": 0.010416636425175062
        },
        "f1_macro": {
            "mean": 0.3023829276543172,
            "std": 0.019529639992398796
        }
    }
}