{
    "train": {
        "f1_weighted": 0.4634742763257346,
        "f1_micro": 0.5126837125025167,
        "f1_macro": 0.37217251969411386,
        "cross_entropy_loss": 1.3860591650009155
    },
    "val": {
        "f1_weighted": 0.3854675942278449,
        "f1_micro": 0.4337797619047619,
        "f1_macro": 0.30775311987332993,
        "cross_entropy_loss": 1.5861173868179321
    },
    "test": {
        "f1_weighted": 0.3504616820444114,
        "f1_micro": 0.4118975903614458,
        "f1_macro": 0.29015114932344227,
        "cross_entropy_loss": 1.6220283508300781
    }
}