{
    "train": {
        "f1_weighted": 0.8280967984618517,
        "f1_micro": 0.830054416073671,
        "f1_macro": 0.8326341158413443
    },
    "val": {
        "f1_weighted": 0.629175152908684,
        "f1_micro": 0.6295918367346939,
        "f1_macro": 0.6439415978561028
    },
    "test": {
        "f1_weighted": 0.6439145171729724,
        "f1_micro": 0.6467324290998767,
        "f1_macro": 0.6354224850487741
    }
}