{
    "train": {
        "f1_weighted": 0.8409361912557729,
        "f1_micro": 0.839891167852658,
        "f1_macro": 0.8444679023702673
    },
    "val": {
        "f1_weighted": 0.6629444952337571,
        "f1_micro": 0.6642857142857143,
        "f1_macro": 0.6470344418971421
    },
    "test": {
        "f1_weighted": 0.6679705376077862,
        "f1_micro": 0.6639950678175093,
        "f1_macro": 0.6621272048767811
    }
}