{
    "train": {
        "f1_weighted": 0.8393527657209928,
        "f1_micro": 0.8417748011720385,
        "f1_macro": 0.8317311578863786,
        "cross_entropy_loss": 0.41781163215637207
    },
    "val": {
        "f1_weighted": 0.6477356193969946,
        "f1_micro": 0.6469387755102041,
        "f1_macro": 0.6343370273222654,
        "cross_entropy_loss": 0.9469776749610901
    },
    "test": {
        "f1_weighted": 0.6797302935154765,
        "f1_micro": 0.6886559802712701,
        "f1_macro": 0.6505979613525509,
        "cross_entropy_loss": 0.825345516204834
    }
}