{
    "train": {
        "f1_weighted": 0.7910726330292782,
        "f1_micro": 0.790916701548765,
        "f1_macro": 0.7945631558335702,
        "cross_entropy_loss": 0.554632306098938
    },
    "val": {
        "f1_weighted": 0.6487950007997669,
        "f1_micro": 0.65,
        "f1_macro": 0.6345230613106104,
        "cross_entropy_loss": 0.9231842756271362
    },
    "test": {
        "f1_weighted": 0.6706721101478178,
        "f1_micro": 0.6726263871763255,
        "f1_macro": 0.666227657983926,
        "cross_entropy_loss": 0.9000188708305359
    }
}