{
    "train": {
        "f1_weighted": 0.8045036258276282,
        "f1_micro": 0.8057764755127668,
        "f1_macro": 0.8005371998226071,
        "cross_entropy_loss": 0.5159924626350403
    },
    "val": {
        "f1_weighted": 0.6277890110180703,
        "f1_micro": 0.6234693877551021,
        "f1_macro": 0.6122089749251208,
        "cross_entropy_loss": 0.937745988368988
    },
    "test": {
        "f1_weighted": 0.6868513903280524,
        "f1_micro": 0.688039457459926,
        "f1_macro": 0.6675388150645477,
        "cross_entropy_loss": 0.845393180847168
    }
}