{
    "train": {
        "f1_weighted": 0.8620886486222472,
        "f1_micro": 0.8616575973210548,
        "f1_macro": 0.8628258468787408,
        "cross_entropy_loss": 0.3838980495929718
    },
    "val": {
        "f1_weighted": 0.6597471692984491,
        "f1_micro": 0.6561224489795918,
        "f1_macro": 0.6426814924589302,
        "cross_entropy_loss": 0.923832893371582
    },
    "test": {
        "f1_weighted": 0.6736926176716096,
        "f1_micro": 0.6713933415536375,
        "f1_macro": 0.6614771346055518,
        "cross_entropy_loss": 0.8892524242401123
    }
}