{
    "train": {
        "f1_weighted": 0.7966864882248469,
        "f1_micro": 0.7971954792800335,
        "f1_macro": 0.7973502270937208
    },
    "val": {
        "f1_weighted": 0.6222252544273751,
        "f1_micro": 0.6234693877551021,
        "f1_macro": 0.5986426218975903
    },
    "test": {
        "f1_weighted": 0.6628327533061567,
        "f1_micro": 0.6695437731196054,
        "f1_macro": 0.6293609465686507
    }
}