{
    "train": {
        "f1_weighted": {
            "mean": 0.8180434485406577,
            "std": 0.024993045559303404
        },
        "f1_micro": {
            "mean": 0.8179573043114274,
            "std": 0.02477317107471228
        },
        "f1_macro": {
            "mean": 0.8177013638165176,
            "std": 0.02610127746868269
        }
    },
    "val": {
        "f1_weighted": {
            "mean": 0.649800109150602,
            "std": 0.015536684254611265
        },
        "f1_micro": {
            "mean": 0.6479591836734693,
            "std": 0.01394640780675091
        },
        "f1_macro": {
            "mean": 0.6326981152308429,
            "std": 0.017410331515416804
        }
    },
    "test": {
        "f1_weighted": {
            "mean": 0.677628107579783,
            "std": 0.017771475060174794
        },
        "f1_micro": {
            "mean": 0.6779284833538841,
            "std": 0.016755815181571432
        },
        "f1_macro": {
            "mean": 0.6621870031386056,
            "std": 0.022955842893039827
        }
    }
}