{
    "train": {
        "f1_weighted": 0.7907755676411772,
        "f1_micro": 0.8025828411252378,
        "f1_macro": 0.6774961379967053
    },
    "val": {
        "f1_weighted": 0.6149189614198951,
        "f1_micro": 0.6447249774571686,
        "f1_macro": 0.4882434602286417
    },
    "test": {
        "f1_weighted": 0.61773759953577,
        "f1_micro": 0.6478927203065135,
        "f1_macro": 0.42958216755128664
    }
}