{
    "train": {
        "f1_weighted": 0.792181536809273,
        "f1_micro": 0.7985784362799079,
        "f1_macro": 0.6903269926353579
    },
    "val": {
        "f1_weighted": 0.6268946050022598,
        "f1_micro": 0.6474301172227231,
        "f1_macro": 0.4851261053261476
    },
    "test": {
        "f1_weighted": 0.6503572911860646,
        "f1_micro": 0.6693486590038314,
        "f1_macro": 0.47786883120385604
    }
}