{
    "train": {
        "f1_weighted": 0.793063986652357,
        "f1_micro": 0.8006807488237061,
        "f1_macro": 0.6740984840422397
    },
    "val": {
        "f1_weighted": 0.638252245072405,
        "f1_micro": 0.6555455365193869,
        "f1_macro": 0.4999334039310242
    },
    "test": {
        "f1_weighted": 0.6448891741781506,
        "f1_micro": 0.6620689655172414,
        "f1_macro": 0.47581027192451086
    }
}