{
    "train": {
        "f1_weighted": 0.7470129097766095,
        "f1_micro": 0.757232956251877,
        "f1_macro": 0.6016165951120674,
        "cross_entropy_loss": 0.8415518999099731
    },
    "val": {
        "f1_weighted": 0.6346279282702936,
        "f1_micro": 0.6528403967538323,
        "f1_macro": 0.4884240612135513,
        "cross_entropy_loss": 1.1031213998794556
    },
    "test": {
        "f1_weighted": 0.6546137219130505,
        "f1_micro": 0.6697318007662836,
        "f1_macro": 0.47293472519914553,
        "cross_entropy_loss": 1.0285193920135498
    }
}