{
    "train": {
        "f1_weighted": 0.7748176775094636,
        "f1_micro": 0.7777555310841926,
        "f1_macro": 0.6534829983347091,
        "cross_entropy_loss": 0.8244776129722595
    },
    "val": {
        "f1_weighted": 0.6365950571181502,
        "f1_micro": 0.6465284039675383,
        "f1_macro": 0.5143540078445273,
        "cross_entropy_loss": 1.1258140802383423
    },
    "test": {
        "f1_weighted": 0.6578839251214709,
        "f1_micro": 0.6620689655172414,
        "f1_macro": 0.49742713479129697,
        "cross_entropy_loss": 1.044044017791748
    }
}