{
    "train": {
        "f1_weighted": {
            "mean": 0.7745516203090432,
            "std": 0.029326187952006567
        },
        "f1_micro": {
            "mean": 0.7806186805486035,
            "std": 0.027062163760494532
        },
        "f1_macro": {
            "mean": 0.6539956737529227,
            "std": 0.04598332306298249
        },
        "cross_entropy_loss": {
            "mean": 0.8060622453689575,
            "std": 0.054439267168515604
        }
    },
    "val": {
        "f1_weighted": {
            "mean": 0.6452536815744024,
            "std": 0.01311764316521577
        },
        "f1_micro": {
            "mean": 0.6600541027953111,
            "std": 0.013129143172733147
        },
        "f1_macro": {
            "mean": 0.5130546896958622,
            "std": 0.023982352766083608
        },
        "cross_entropy_loss": {
            "mean": 1.10778751373291,
            "std": 0.033734047259800636
        }
    },
    "test": {
        "f1_weighted": {
            "mean": 0.6584027208008089,
            "std": 0.004145955583870256
        },
        "f1_micro": {
            "mean": 0.6704980842911877,
            "std": 0.006533662451277296
        },
        "f1_macro": {
            "mean": 0.4935888564682667,
            "std": 0.014785633994601742
        },
        "cross_entropy_loss": {
            "mean": 1.046024775505066,
            "std": 0.02583748035887514
        }
    }
}