{
    "train": {
        "f1_weighted": 0.654598792881227,
        "f1_micro": 0.6615738802846379,
        "f1_macro": 0.6675431870985039
    },
    "val": {
        "f1_weighted": 0.6000264631790835,
        "f1_micro": 0.6010204081632653,
        "f1_macro": 0.5815912442673914
    },
    "test": {
        "f1_weighted": 0.6201526400943843,
        "f1_micro": 0.6177558569667078,
        "f1_macro": 0.6028890738567448
    }
}