{
    "train": {
        "f1_weighted": 0.8001060323543027,
        "f1_micro": 0.8061868054860346,
        "f1_macro": 0.6779070059099948
    },
    "val": {
        "f1_weighted": 0.630128207773727,
        "f1_micro": 0.6420198376916141,
        "f1_macro": 0.4998736400000508
    },
    "test": {
        "f1_weighted": 0.6438622528384755,
        "f1_micro": 0.6559386973180077,
        "f1_macro": 0.47247646672833676
    }
}