{
    "train": {
        "f1_weighted": 0.7333116121688068,
        "f1_micro": 0.7352448723315195,
        "f1_macro": 0.7439874756694379
    },
    "val": {
        "f1_weighted": 0.6386127615256861,
        "f1_micro": 0.6346938775510204,
        "f1_macro": 0.6289004874257508
    },
    "test": {
        "f1_weighted": 0.633441376087449,
        "f1_micro": 0.6356350184956844,
        "f1_macro": 0.6296731738969948
    }
}