{
    "train": {
        "f1_weighted": 0.6498107370065019,
        "f1_micro": 0.6555043951444118,
        "f1_macro": 0.6661475878436135
    },
    "val": {
        "f1_weighted": 0.5870361693084925,
        "f1_micro": 0.5887755102040816,
        "f1_macro": 0.5608397101713679
    },
    "test": {
        "f1_weighted": 0.6057347284997561,
        "f1_micro": 0.6085080147965475,
        "f1_macro": 0.5912489082350448
    }
}