{
    "train": {
        "f1_weighted": 0.8859731648633246,
        "f1_micro": 0.8861448304730013,
        "f1_macro": 0.8814724846930061
    },
    "val": {
        "f1_weighted": 0.6560135713915667,
        "f1_micro": 0.6591836734693878,
        "f1_macro": 0.6231975817567758
    },
    "test": {
        "f1_weighted": 0.6483868908662314,
        "f1_micro": 0.6522811344019729,
        "f1_macro": 0.6234407151047091
    }
}