{
    "train": {
        "f1_weighted": 0.7205943948808987,
        "f1_micro": 0.7247802427794056,
        "f1_macro": 0.7240409487130973,
        "cross_entropy_loss": 0.6971505880355835
    },
    "val": {
        "f1_weighted": 0.6134657103181584,
        "f1_micro": 0.6112244897959184,
        "f1_macro": 0.5913855547528136,
        "cross_entropy_loss": 1.0128681659698486
    },
    "test": {
        "f1_weighted": 0.6054487612478221,
        "f1_micro": 0.6085080147965475,
        "f1_macro": 0.5843899800495015,
        "cross_entropy_loss": 1.018459677696228
    }
}