{
    "train": {
        "f1_weighted": 0.6983278398552392,
        "f1_micro": 0.7021766429468397,
        "f1_macro": 0.704623709755254,
        "cross_entropy_loss": 0.7536361813545227
    },
    "val": {
        "f1_weighted": 0.5968060422989476,
        "f1_micro": 0.5887755102040816,
        "f1_macro": 0.5811247438856626,
        "cross_entropy_loss": 1.004909873008728
    },
    "test": {
        "f1_weighted": 0.6021099993791281,
        "f1_micro": 0.6029593094944513,
        "f1_macro": 0.5832060571663708,
        "cross_entropy_loss": 0.9756956696510315
    }
}