{
    "train": {
        "f1_weighted": {
            "mean": 0.8006829180976682,
            "std": 0.03829625098236899
        },
        "f1_micro": {
            "mean": 0.8010883214734198,
            "std": 0.039967016466500936
        },
        "f1_macro": {
            "mean": 0.7986861639933978,
            "std": 0.03630133165614328
        }
    },
    "val": {
        "f1_weighted": {
            "mean": 0.6498491503419848,
            "std": 0.011657339142120249
        },
        "f1_micro": {
            "mean": 0.6493877551020408,
            "std": 0.012540646118969179
        },
        "f1_macro": {
            "mean": 0.6342328567642559,
            "std": 0.01362702287683082
        }
    },
    "test": {
        "f1_weighted": {
            "mean": 0.6638364708184276,
            "std": 0.01947548203890809
        },
        "f1_micro": {
            "mean": 0.666584463625154,
            "std": 0.02149676334309662
        },
        "f1_macro": {
            "mean": 0.647339970614587,
            "std": 0.012643333575693524
        }
    }
}