{
    "train": {
        "f1_weighted": 0.7379331645101285,
        "f1_micro": 0.74173294265383,
        "f1_macro": 0.7343565768502294,
        "cross_entropy_loss": 0.7041411995887756
    },
    "val": {
        "f1_weighted": 0.5596110705639367,
        "f1_micro": 0.5571428571428572,
        "f1_macro": 0.5374781318300944,
        "cross_entropy_loss": 1.0723000764846802
    },
    "test": {
        "f1_weighted": 0.5813728098251899,
        "f1_micro": 0.5906288532675709,
        "f1_macro": 0.5507447763802918,
        "cross_entropy_loss": 1.068083643913269
    }
}