{
    "train": {
        "f1_weighted": 0.7484151913797875,
        "f1_micro": 0.7526161573880283,
        "f1_macro": 0.7423449482594112,
        "cross_entropy_loss": 0.671030580997467
    },
    "val": {
        "f1_weighted": 0.5860794850611738,
        "f1_micro": 0.6,
        "f1_macro": 0.53265059234599,
        "cross_entropy_loss": 1.0303165912628174
    },
    "test": {
        "f1_weighted": 0.5800349573066326,
        "f1_micro": 0.5850801479654747,
        "f1_macro": 0.5548198284490796,
        "cross_entropy_loss": 1.062178134918213
    }
}