{
    "train": {
        "f1_weighted": 0.8250929873196925,
        "f1_micro": 0.8264964420259523,
        "f1_macro": 0.8215571202667244,
        "cross_entropy_loss": 0.5065103769302368
    },
    "val": {
        "f1_weighted": 0.598598837091143,
        "f1_micro": 0.6122448979591837,
        "f1_macro": 0.5624135258189543,
        "cross_entropy_loss": 1.0401936769485474
    },
    "test": {
        "f1_weighted": 0.5864952776720136,
        "f1_micro": 0.591861898890259,
        "f1_macro": 0.5632824027245201,
        "cross_entropy_loss": 1.0810725688934326
    }
}