{
    "train": {
        "f1_weighted": 0.8139486155224456,
        "f1_micro": 0.8147760569275848,
        "f1_macro": 0.8116657533521211,
        "cross_entropy_loss": 0.5201929211616516
    },
    "val": {
        "f1_weighted": 0.602509810471694,
        "f1_micro": 0.610204081632653,
        "f1_macro": 0.5554228885134999,
        "cross_entropy_loss": 1.0172960758209229
    },
    "test": {
        "f1_weighted": 0.5886338877952939,
        "f1_micro": 0.5906288532675709,
        "f1_macro": 0.5738564470891162,
        "cross_entropy_loss": 1.1427308320999146
    }
}