{
    "train": {
        "f1_weighted": 0.8314462335181085,
        "f1_micro": 0.8323566345751361,
        "f1_macro": 0.8277380566853786,
        "cross_entropy_loss": 0.4928824305534363
    },
    "val": {
        "f1_weighted": 0.6088362604448623,
        "f1_micro": 0.6142857142857143,
        "f1_macro": 0.5714646113555423,
        "cross_entropy_loss": 1.053181529045105
    },
    "test": {
        "f1_weighted": 0.6079449204549596,
        "f1_micro": 0.6085080147965475,
        "f1_macro": 0.5834295298383113,
        "cross_entropy_loss": 1.0204927921295166
    }
}