{
    "train": {
        "f1_weighted": 0.9045802601050118,
        "f1_micro": 0.9113595528049511,
        "f1_macro": 0.585440147077739,
        "cross_entropy_loss": 0.28243008255958557
    },
    "val": {
        "f1_weighted": 0.8985819168314885,
        "f1_micro": 0.9042663891779397,
        "f1_macro": 0.5446786461021446,
        "cross_entropy_loss": 0.3065384328365326
    },
    "test": {
        "f1_weighted": 0.8452673377704784,
        "f1_micro": 0.8555320648343904,
        "f1_macro": 0.5255866185630961,
        "cross_entropy_loss": 0.43462076783180237
    }
}