{
    "train": {
        "f1_weighted": 0.9393735093787526,
        "f1_micro": 0.9407067278897984,
        "f1_macro": 0.7619503511397419,
        "cross_entropy_loss": 0.1944352090358734
    },
    "val": {
        "f1_weighted": 0.8994057581783451,
        "f1_micro": 0.9001040582726326,
        "f1_macro": 0.6361721378585128,
        "cross_entropy_loss": 0.3123873174190521
    },
    "test": {
        "f1_weighted": 0.8719142847956695,
        "f1_micro": 0.8738548273431994,
        "f1_macro": 0.6853141018380567,
        "cross_entropy_loss": 0.392495721578598
    }
}