{
    "train": {
        "f1_weighted": {
            "mean": 0.9201402513633786,
            "std": 0.013854181859522143
        },
        "f1_micro": {
            "mean": 0.9249218074133226,
            "std": 0.01107396108663405
        },
        "f1_macro": {
            "mean": 0.6641610400046813,
            "std": 0.07426034259262511
        },
        "cross_entropy_loss": {
            "mean": 0.24402567744255066,
            "std": 0.033120991751624834
        }
    },
    "val": {
        "f1_weighted": {
            "mean": 0.8983069881254966,
            "std": 0.004510090088964061
        },
        "f1_micro": {
            "mean": 0.9023933402705515,
            "std": 0.004078234743447568
        },
        "f1_macro": {
            "mean": 0.5843794381729258,
            "std": 0.03827942732455772
        },
        "cross_entropy_loss": {
            "mean": 0.3142754852771759,
            "std": 0.005123090137481245
        }
    },
    "test": {
        "f1_weighted": {
            "mean": 0.8563660115715402,
            "std": 0.011271297793113155
        },
        "f1_micro": {
            "mean": 0.863706835799859,
            "std": 0.00754545951477054
        },
        "f1_macro": {
            "mean": 0.591912616425445,
            "std": 0.06660892862043401
        },
        "cross_entropy_loss": {
            "mean": 0.4133902907371521,
            "std": 0.015837801254392537
        }
    }
}