{
    "train": {
        "f1_weighted": 0.654429783911548,
        "f1_micro": 0.6609460025115111,
        "f1_macro": 0.6703579625972051
    },
    "val": {
        "f1_weighted": 0.5931191477673995,
        "f1_micro": 0.5948979591836735,
        "f1_macro": 0.569716847233242
    },
    "test": {
        "f1_weighted": 0.5892068236164859,
        "f1_micro": 0.594327990135635,
        "f1_macro": 0.5683879095699235
    }
}