{
    "train": {
        "f1_weighted": 0.6838342386527654,
        "f1_micro": 0.7066773450795876,
        "f1_macro": 0.4559084714836193,
        "cross_entropy_loss": 0.9124741554260254
    },
    "val": {
        "f1_weighted": 0.5770432113137399,
        "f1_micro": 0.6095581605049594,
        "f1_macro": 0.3875479008590291,
        "cross_entropy_loss": 1.1502283811569214
    },
    "test": {
        "f1_weighted": 0.624278605341894,
        "f1_micro": 0.6475095785440613,
        "f1_macro": 0.39486195903216487,
        "cross_entropy_loss": 1.0667096376419067
    }
}