{
    "train": {
        "f1_weighted": 0.7136653502668537,
        "f1_micro": 0.731204324757233,
        "f1_macro": 0.5124473720923388,
        "cross_entropy_loss": 0.8658120632171631
    },
    "val": {
        "f1_weighted": 0.587188506618108,
        "f1_micro": 0.6140667267808837,
        "f1_macro": 0.4223646541176714,
        "cross_entropy_loss": 1.1453540325164795
    },
    "test": {
        "f1_weighted": 0.6330377668320638,
        "f1_micro": 0.6505747126436782,
        "f1_macro": 0.43490093758166204,
        "cross_entropy_loss": 1.0779414176940918
    }
}