{
    "train": {
        "f1_weighted": 0.5505835443954085,
        "f1_micro": 0.5830481175760016,
        "f1_macro": 0.4825944188171426
    },
    "val": {
        "f1_weighted": 0.379519024538403,
        "f1_micro": 0.42336309523809523,
        "f1_macro": 0.3088128756320812
    },
    "test": {
        "f1_weighted": 0.364359603677309,
        "f1_micro": 0.41792168674698793,
        "f1_macro": 0.31016154067332863
    }
}