{
    "train": {
        "f1_weighted": 0.8482320630172062,
        "f1_micro": 0.8515366903593955,
        "f1_macro": 0.7603640351702211
    },
    "val": {
        "f1_weighted": 0.6461272710153548,
        "f1_micro": 0.6600541027953111,
        "f1_macro": 0.5175896860330741
    },
    "test": {
        "f1_weighted": 0.649566419735175,
        "f1_micro": 0.6597701149425287,
        "f1_macro": 0.500662796910104
    }
}