{
    "train": {
        "f1_weighted": 0.789824751373395,
        "f1_micro": 0.7976774451897087,
        "f1_macro": 0.6267859673109352,
        "cross_entropy_loss": 0.7079796195030212
    },
    "val": {
        "f1_weighted": 0.6170644892697138,
        "f1_micro": 0.6339044183949504,
        "f1_macro": 0.4716534542175967,
        "cross_entropy_loss": 1.147560715675354
    },
    "test": {
        "f1_weighted": 0.6497775057973888,
        "f1_micro": 0.660536398467433,
        "f1_macro": 0.46096036739044194,
        "cross_entropy_loss": 1.077775478363037
    }
}