{
    "train": {
        "f1_weighted": 0.4414644612064935,
        "f1_micro": 0.49536943829273206,
        "f1_macro": 0.34861424728922835,
        "cross_entropy_loss": 1.4165395498275757
    },
    "val": {
        "f1_weighted": 0.3791673162126097,
        "f1_micro": 0.4337797619047619,
        "f1_macro": 0.3025960831025811,
        "cross_entropy_loss": 1.5661894083023071
    },
    "test": {
        "f1_weighted": 0.35201751318360863,
        "f1_micro": 0.41716867469879526,
        "f1_macro": 0.28965402366316145,
        "cross_entropy_loss": 1.6184651851654053
    }
}