{
    "train": {
        "f1_weighted": 0.43829426526737625,
        "f1_micro": 0.4899335615059392,
        "f1_macro": 0.34707545980177773,
        "cross_entropy_loss": 1.4292129278182983
    },
    "val": {
        "f1_weighted": 0.3629344781613628,
        "f1_micro": 0.41294642857142855,
        "f1_macro": 0.2928605158202212,
        "cross_entropy_loss": 1.5778437852859497
    },
    "test": {
        "f1_weighted": 0.3401751370543808,
        "f1_micro": 0.401355421686747,
        "f1_macro": 0.2806056674530725,
        "cross_entropy_loss": 1.6331305503845215
    }
}