{
    "train": {
        "f1_weighted": 0.44446526603313946,
        "f1_micro": 0.49476545198308836,
        "f1_macro": 0.3519130675614829,
        "cross_entropy_loss": 1.4177783727645874
    },
    "val": {
        "f1_weighted": 0.3784072821506801,
        "f1_micro": 0.42931547619047616,
        "f1_macro": 0.29905600778168295,
        "cross_entropy_loss": 1.5804179906845093
    },
    "test": {
        "f1_weighted": 0.3437342171534077,
        "f1_micro": 0.40662650602409633,
        "f1_macro": 0.27908828033531735,
        "cross_entropy_loss": 1.6392686367034912
    }
}