{
    "train": {
        "f1_weighted": 0.7671633142046113,
        "f1_micro": 0.7718490339373311,
        "f1_macro": 0.6451285928549203,
        "cross_entropy_loss": 0.8107944130897522
    },
    "val": {
        "f1_weighted": 0.6390532639402687,
        "f1_micro": 0.6501352569882777,
        "f1_macro": 0.5078896586658764,
        "cross_entropy_loss": 1.1011523008346558
    },
    "test": {
        "f1_weighted": 0.6653430449721819,
        "f1_micro": 0.675095785440613,
        "f1_macro": 0.5012803972010194,
        "cross_entropy_loss": 1.0294888019561768
    }
}