{
    "train": {
        "f1_weighted": {
            "mean": 0.7671633142046113,
            "std": 0.0
        },
        "f1_micro": {
            "mean": 0.7718490339373311,
            "std": 0.0
        },
        "f1_macro": {
            "mean": 0.6451285928549203,
            "std": 0.0
        },
        "cross_entropy_loss": {
            "mean": 0.8107944130897522,
            "std": 0.0
        }
    },
    "val": {
        "f1_weighted": {
            "mean": 0.6390532639402687,
            "std": 0.0
        },
        "f1_micro": {
            "mean": 0.6501352569882777,
            "std": 0.0
        },
        "f1_macro": {
            "mean": 0.5078896586658764,
            "std": 0.0
        },
        "cross_entropy_loss": {
            "mean": 1.1011523008346558,
            "std": 0.0
        }
    },
    "test": {
        "f1_weighted": {
            "mean": 0.6653430449721819,
            "std": 0.0
        },
        "f1_micro": {
            "mean": 0.675095785440613,
            "std": 0.0
        },
        "f1_macro": {
            "mean": 0.5012803972010194,
            "std": 0.0
        },
        "cross_entropy_loss": {
            "mean": 1.0294888019561768,
            "std": 0.0
        }
    }
}