{
    "train": {
        "f1_weighted": 0.7494518854778502,
        "f1_micro": 0.7589348283111422,
        "f1_macro": 0.6111197897829383,
        "cross_entropy_loss": 0.8355097770690918
    },
    "val": {
        "f1_weighted": 0.6349811067680577,
        "f1_micro": 0.6555455365193869,
        "f1_macro": 0.4766383110907673,
        "cross_entropy_loss": 1.082322597503662
    },
    "test": {
        "f1_weighted": 0.6520082465026051,
        "f1_micro": 0.6670498084291188,
        "f1_macro": 0.47248393950639367,
        "cross_entropy_loss": 1.0132791996002197
    }
}