{
    "train": {
        "f1_weighted": 0.6864274708959983,
        "f1_micro": 0.6917120133947259,
        "f1_macro": 0.6696336704952266,
        "cross_entropy_loss": 0.8334510326385498
    },
    "val": {
        "f1_weighted": 0.5287647108149569,
        "f1_micro": 0.5346938775510204,
        "f1_macro": 0.487302686461437,
        "cross_entropy_loss": 1.2575279474258423
    },
    "test": {
        "f1_weighted": 0.5136863099869875,
        "f1_micro": 0.5215782983970407,
        "f1_macro": 0.4839481970790025,
        "cross_entropy_loss": 1.2940746545791626
    }
}