{
    "train": {
        "f1_weighted": 0.7232072748137283,
        "f1_micro": 0.7268731686898285,
        "f1_macro": 0.7202449584659435
    },
    "val": {
        "f1_weighted": 0.6246191845564546,
        "f1_micro": 0.6275510204081632,
        "f1_macro": 0.6061145030648428
    },
    "test": {
        "f1_weighted": 0.6225993213723423,
        "f1_micro": 0.6294697903822442,
        "f1_macro": 0.5945605332503815
    }
}