{
    "train": {
        "f1_weighted": 0.7026705176227129,
        "f1_micro": 0.7103390539974885,
        "f1_macro": 0.7085057118236815
    },
    "val": {
        "f1_weighted": 0.5928498871908635,
        "f1_micro": 0.5877551020408164,
        "f1_macro": 0.5830081080919562
    },
    "test": {
        "f1_weighted": 0.6401227557297169,
        "f1_micro": 0.6418002466091245,
        "f1_macro": 0.6195352481943545
    }
}