{
    "train": {
        "f1_weighted": {
            "mean": 0.7502705749827435,
            "std": 0.04653439945215633
        },
        "f1_micro": {
            "mean": 0.7552532440351613,
            "std": 0.044477822260830704
        },
        "f1_macro": {
            "mean": 0.7520647670617009,
            "std": 0.0465941098556876
        }
    },
    "val": {
        "f1_weighted": {
            "mean": 0.6037366873218434,
            "std": 0.01689038938228174
        },
        "f1_micro": {
            "mean": 0.6046938775510204,
            "std": 0.017033176828461474
        },
        "f1_macro": {
            "mean": 0.59257615681236,
            "std": 0.011869193772410897
        }
    },
    "test": {
        "f1_weighted": {
            "mean": 0.6418095591234778,
            "std": 0.01642198880360372
        },
        "f1_micro": {
            "mean": 0.6464858199753392,
            "std": 0.014498645193429022
        },
        "f1_macro": {
            "mean": 0.6188466686726739,
            "std": 0.019626953753689926
        }
    }
}