{
    "train": {
        "f1_weighted": 0.7845284080312556,
        "f1_micro": 0.7912703974371809,
        "f1_macro": 0.6375867984712151,
        "accuracy": 0.7912703974371809
    },
    "val": {
        "f1_weighted": 0.6068029814990887,
        "f1_micro": 0.6248872858431019,
        "f1_macro": 0.44921111234146893,
        "accuracy": 0.6248872858431019
    },
    "test": {
        "f1_weighted": 0.6361526248832461,
        "f1_micro": 0.6467432950191571,
        "f1_macro": 0.4536164063075126,
        "accuracy": 0.6467432950191571
    }
}