{
    "train": {
        "f1_weighted": 0.7332138840187769,
        "accuracy": 0.7463209530483532
    },
    "val": {
        "f1_weighted": 0.6028211136639906,
        "accuracy": 0.6239855725879171
    },
    "test": {
        "f1_weighted": 0.6352772215119755,
        "accuracy": 0.6475095785440613
    }
}