{
    "train": {
        "f1_weighted": 0.7771246687131945,
        "f1_micro": 0.7785684386772708,
        "f1_macro": 0.7789711404160627
    },
    "val": {
        "f1_weighted": 0.6107836473383336,
        "f1_micro": 0.6051020408163266,
        "f1_macro": 0.5925398933957752
    },
    "test": {
        "f1_weighted": 0.6465513311686425,
        "f1_micro": 0.6479654747225647,
        "f1_macro": 0.6226871496936559
    }
}