{
    "train": {
        "f1_weighted": 0.8438607456716597,
        "f1_micro": 0.8449141900376727,
        "f1_macro": 0.8429977322384553
    },
    "val": {
        "f1_weighted": 0.6215752510756173,
        "f1_micro": 0.6183673469387755,
        "f1_macro": 0.6123979351445299
    },
    "test": {
        "f1_weighted": 0.6527008360824588,
        "f1_micro": 0.6553637484586929,
        "f1_macro": 0.6334556698799644
    }
}