{
    "train": {
        "f1_weighted": {
            "mean": 0.805596296256366,
            "std": 0.0
        },
        "f1_micro": {
            "mean": 0.8144959455400942,
            "std": 0.0
        },
        "f1_macro": {
            "mean": 0.7041888014040983,
            "std": 0.0
        },
        "cross_entropy_loss": {
            "mean": 0.7287951111793518,
            "std": 0.0
        }
    },
    "val": {
        "f1_weighted": {
            "mean": 0.6126123494661073,
            "std": 0.0
        },
        "f1_micro": {
            "mean": 0.6420198376916141,
            "std": 0.0
        },
        "f1_macro": {
            "mean": 0.4637877239023607,
            "std": 0.0
        },
        "cross_entropy_loss": {
            "mean": 1.1385868787765503,
            "std": 0.0
        }
    },
    "test": {
        "f1_weighted": {
            "mean": 0.6373244804600333,
            "std": 0.0
        },
        "f1_micro": {
            "mean": 0.6636015325670498,
            "std": 0.0
        },
        "f1_macro": {
            "mean": 0.45635641719104136,
            "std": 0.0
        },
        "cross_entropy_loss": {
            "mean": 1.079785943031311,
            "std": 0.0
        }
    }
}