{
    "train": {
        "f1_weighted": {
            "mean": 0.7018383438868143,
            "std": 0.04617141045843248
        },
        "f1_micro": {
            "mean": 0.7075763917957304,
            "std": 0.04352710301001485
        },
        "f1_macro": {
            "mean": 0.7131371760622084,
            "std": 0.044228987718477206
        }
    },
    "val": {
        "f1_weighted": {
            "mean": 0.5918075275715408,
            "std": 0.02333256120030157
        },
        "f1_micro": {
            "mean": 0.5924489795918368,
            "std": 0.02585964744727695
        },
        "f1_macro": {
            "mean": 0.5787054144370727,
            "std": 0.022234022831375422
        }
    },
    "test": {
        "f1_weighted": {
            "mean": 0.6334439573979382,
            "std": 0.015996491941833585
        },
        "f1_micro": {
            "mean": 0.636374845869297,
            "std": 0.017145099226461482
        },
        "f1_macro": {
            "mean": 0.6155622057172059,
            "std": 0.019680575156719116
        }
    }
}