{
    "train": {
        "f1_weighted": 0.4777148314864152,
        "f1_micro": 0.5336219045701631,
        "f1_macro": 0.39283279151074263
    },
    "val": {
        "f1_weighted": 0.37481497266536745,
        "f1_micro": 0.43526785714285715,
        "f1_macro": 0.29649952988066575
    },
    "test": {
        "f1_weighted": 0.3417533434725734,
        "f1_micro": 0.4134036144578313,
        "f1_macro": 0.27581054584278614
    }
}