{
    "train": {
        "f1_weighted": 0.4843138887688791,
        "f1_micro": 0.5290920072478357,
        "f1_macro": 0.4071229678114071
    },
    "val": {
        "f1_weighted": 0.374997639069844,
        "f1_micro": 0.43154761904761907,
        "f1_macro": 0.3018090101941034
    },
    "test": {
        "f1_weighted": 0.3413296533729068,
        "f1_micro": 0.40813253012048195,
        "f1_macro": 0.2770896909986075
    }
}