{
    "train": {
        "f1_weighted": 0.4945805189158074,
        "f1_micro": 0.5289913428628951,
        "f1_macro": 0.4205617424523598
    },
    "val": {
        "f1_weighted": 0.38685022002096564,
        "f1_micro": 0.42336309523809523,
        "f1_macro": 0.3195589300506164
    },
    "test": {
        "f1_weighted": 0.36737364627057795,
        "f1_micro": 0.41792168674698793,
        "f1_macro": 0.3101703058571569
    }
}