{
    "train": {
        "f1_weighted": 0.6470487277524413,
        "f1_micro": 0.6708545434853244,
        "f1_macro": 0.4813270351510963,
        "cross_entropy_loss": 0.258831650018692
    },
    "val": {
        "f1_weighted": 0.5760535979853263,
        "f1_micro": 0.6138297872340427,
        "f1_macro": 0.3275481480272188,
        "cross_entropy_loss": 0.23483020067214966
    },
    "test": {
        "f1_weighted": 0.5542509240699804,
        "f1_micro": 0.5840500390930414,
        "f1_macro": 0.34982673089366595,
        "cross_entropy_loss": 0.3647076189517975
    }
}