{
    "train": {
        "f1_weighted": {
            "mean": 0.6470487277524413,
            "std": 0.0
        },
        "f1_micro": {
            "mean": 0.6708545434853244,
            "std": 0.0
        },
        "f1_macro": {
            "mean": 0.4813270351510963,
            "std": 0.0
        },
        "cross_entropy_loss": {
            "mean": 0.258831650018692,
            "std": 0.0
        }
    },
    "val": {
        "f1_weighted": {
            "mean": 0.5760535979853263,
            "std": 0.0
        },
        "f1_micro": {
            "mean": 0.6138297872340427,
            "std": 0.0
        },
        "f1_macro": {
            "mean": 0.3275481480272188,
            "std": 0.0
        },
        "cross_entropy_loss": {
            "mean": 0.23483020067214966,
            "std": 0.0
        }
    },
    "test": {
        "f1_weighted": {
            "mean": 0.5542509240699804,
            "std": 0.0
        },
        "f1_micro": {
            "mean": 0.5840500390930414,
            "std": 0.0
        },
        "f1_macro": {
            "mean": 0.34982673089366595,
            "std": 0.0
        },
        "cross_entropy_loss": {
            "mean": 0.3647076189517975,
            "std": 0.0
        }
    }
}