{
    "train": {
        "f1_weighted": 0.8329482879427552,
        "f1_micro": 0.8329845123482629,
        "f1_macro": 0.8345627646120456,
        "cross_entropy_loss": 0.4831535816192627
    },
    "val": {
        "f1_weighted": 0.6491880864882453,
        "f1_micro": 0.6510204081632653,
        "f1_macro": 0.6254244519893134,
        "cross_entropy_loss": 0.895868182182312
    },
    "test": {
        "f1_weighted": 0.6726817299522431,
        "f1_micro": 0.6738594327990136,
        "f1_macro": 0.6508380775518819,
        "cross_entropy_loss": 0.8275604844093323
    }
}