{
    "train": {
        "f1_weighted": {
            "mean": 0.8329482879427552,
            "std": 0.0
        },
        "f1_micro": {
            "mean": 0.8329845123482629,
            "std": 0.0
        },
        "f1_macro": {
            "mean": 0.8345627646120456,
            "std": 0.0
        },
        "cross_entropy_loss": {
            "mean": 0.4831535816192627,
            "std": 0.0
        }
    },
    "val": {
        "f1_weighted": {
            "mean": 0.6491880864882453,
            "std": 0.0
        },
        "f1_micro": {
            "mean": 0.6510204081632653,
            "std": 0.0
        },
        "f1_macro": {
            "mean": 0.6254244519893134,
            "std": 0.0
        },
        "cross_entropy_loss": {
            "mean": 0.895868182182312,
            "std": 0.0
        }
    },
    "test": {
        "f1_weighted": {
            "mean": 0.6726817299522431,
            "std": 0.0
        },
        "f1_micro": {
            "mean": 0.6738594327990136,
            "std": 0.0
        },
        "f1_macro": {
            "mean": 0.6508380775518819,
            "std": 0.0
        },
        "cross_entropy_loss": {
            "mean": 0.8275604844093323,
            "std": 0.0
        }
    }
}