{
    "train": {
        "f1_weighted": 0.4690309652531901,
        "f1_micro": 0.5147976645862694,
        "f1_macro": 0.3792643765958572,
        "cross_entropy_loss": 1.3764275312423706
    },
    "val": {
        "f1_weighted": 0.378656233807649,
        "f1_micro": 0.4255952380952381,
        "f1_macro": 0.3026940396286196,
        "cross_entropy_loss": 1.591397762298584
    },
    "test": {
        "f1_weighted": 0.35864860887475014,
        "f1_micro": 0.41566265060240964,
        "f1_macro": 0.302763555346134,
        "cross_entropy_loss": 1.6351468563079834
    }
}