{
    "train": {
        "f1_weighted": {
            "mean": 0.7029596612404075,
            "std": 0.0
        },
        "f1_micro": {
            "mean": 0.7080368354960235,
            "std": 0.0
        },
        "f1_macro": {
            "mean": 0.7079460333813911,
            "std": 0.0
        },
        "cross_entropy_loss": {
            "mean": 0.7580735683441162,
            "std": 0.0
        }
    },
    "val": {
        "f1_weighted": {
            "mean": 0.5572912277787385,
            "std": 0.0
        },
        "f1_micro": {
            "mean": 0.5561224489795918,
            "std": 0.0
        },
        "f1_macro": {
            "mean": 0.5409509144716259,
            "std": 0.0
        },
        "cross_entropy_loss": {
            "mean": 1.0957634449005127,
            "std": 0.0
        }
    },
    "test": {
        "f1_weighted": {
            "mean": 0.5829036148016117,
            "std": 0.0
        },
        "f1_micro": {
            "mean": 0.5869297163995068,
            "std": 0.0
        },
        "f1_macro": {
            "mean": 0.5626937239501458,
            "std": 0.0
        },
        "cross_entropy_loss": {
            "mean": 1.0916416645050049,
            "std": 0.0
        }
    }
}