{
    "train": {
        "f1_weighted": 0.8094784190458398,
        "f1_micro": 0.816898588447292,
        "f1_macro": 0.7055041079614108
    },
    "val": {
        "f1_weighted": 0.6293414826077725,
        "f1_micro": 0.6537421100090172,
        "f1_macro": 0.4945980087846729
    },
    "test": {
        "f1_weighted": 0.6564664246441179,
        "f1_micro": 0.6804597701149425,
        "f1_macro": 0.474289142517868
    }
}