{
    "train": {
        "f1_weighted": 0.7992352727884028,
        "f1_micro": 0.8087896686354991,
        "f1_macro": 0.6966848336985555
    },
    "val": {
        "f1_weighted": 0.6197160733567127,
        "f1_micro": 0.6519386834986475,
        "f1_macro": 0.4616640688496704
    },
    "test": {
        "f1_weighted": 0.6338899001269087,
        "f1_micro": 0.6609195402298851,
        "f1_macro": 0.43992339259905516
    }
}