{
    "train": {
        "f1_weighted": 0.7950629716800011,
        "f1_micro": 0.802682951246371,
        "f1_macro": 0.6940732495740657
    },
    "val": {
        "f1_weighted": 0.6179605075708775,
        "f1_micro": 0.6384129846708747,
        "f1_macro": 0.49250122645532296
    },
    "test": {
        "f1_weighted": 0.6522280531711842,
        "f1_micro": 0.6758620689655173,
        "f1_macro": 0.4905529178516358
    }
}