{
    "train": {
        "f1_weighted": 0.7909604260864654,
        "f1_micro": 0.8017819601561718,
        "f1_macro": 0.6581397339188882
    },
    "val": {
        "f1_weighted": 0.633312994501793,
        "f1_micro": 0.6537421100090172,
        "f1_macro": 0.4992526584797938
    },
    "test": {
        "f1_weighted": 0.6495777179623561,
        "f1_micro": 0.6708812260536399,
        "f1_macro": 0.46193942236612423
    }
}