{
    "train": {
        "f1_weighted": {
            "mean": 0.7621866204585104,
            "std": 0.0
        },
        "f1_micro": {
            "mean": 0.7707478226048654,
            "std": 0.0
        },
        "f1_macro": {
            "mean": 0.63452904226964,
            "std": 0.0
        },
        "cross_entropy_loss": {
            "mean": 0.8185023069381714,
            "std": 0.0
        }
    },
    "val": {
        "f1_weighted": {
            "mean": 0.6361401446446554,
            "std": 0.0
        },
        "f1_micro": {
            "mean": 0.6555455365193869,
            "std": 0.0
        },
        "f1_macro": {
            "mean": 0.5152675425019263,
            "std": 0.0
        },
        "cross_entropy_loss": {
            "mean": 1.1072397232055664,
            "std": 0.0
        }
    },
    "test": {
        "f1_weighted": {
            "mean": 0.6486193873710162,
            "std": 0.0
        },
        "f1_micro": {
            "mean": 0.6647509578544061,
            "std": 0.0
        },
        "f1_macro": {
            "mean": 0.48664424467169837,
            "std": 0.0
        },
        "cross_entropy_loss": {
            "mean": 1.0502837896347046,
            "std": 0.0
        }
    }
}