{
    "train": {
        "f1_weighted": 0.7463016234079742,
        "f1_micro": 0.7505232314776056,
        "f1_macro": 0.7482802005655418
    },
    "val": {
        "f1_weighted": 0.5991540656161403,
        "f1_micro": 0.6010204081632653,
        "f1_macro": 0.5859750606163816
    },
    "test": {
        "f1_weighted": 0.6175257308872666,
        "f1_micro": 0.6214549938347719,
        "f1_macro": 0.5971784126206395
    }
}