{
    "train": {
        "f1_weighted": 0.725830730696244,
        "f1_micro": 0.7450195214736208,
        "f1_macro": 0.5176881580798334,
        "cross_entropy_loss": 0.8228085041046143
    },
    "val": {
        "f1_weighted": 0.590972811141184,
        "f1_micro": 0.6203787195671776,
        "f1_macro": 0.40810259960101014,
        "cross_entropy_loss": 1.1378005743026733
    },
    "test": {
        "f1_weighted": 0.6344164277189319,
        "f1_micro": 0.653639846743295,
        "f1_macro": 0.42168529019329953,
        "cross_entropy_loss": 1.0641202926635742
    }
}