{
    "train": {
        "f1_weighted": {
            "mean": 0.7204945492566874,
            "std": 0.01810615410805943
        },
        "f1_micro": {
            "mean": 0.7389928921813994,
            "std": 0.01650771882444533
        },
        "f1_macro": {
            "mean": 0.5083384489494707,
            "std": 0.028429893391754484
        },
        "cross_entropy_loss": {
            "mean": 0.8398334383964539,
            "std": 0.035907425340289435
        }
    },
    "val": {
        "f1_weighted": {
            "mean": 0.6110518665561153,
            "std": 0.01372437811744459
        },
        "f1_micro": {
            "mean": 0.6373309287646529,
            "std": 0.010871536067160733
        },
        "f1_macro": {
            "mean": 0.42347347898432713,
            "std": 0.022459299962148554
        },
        "cross_entropy_loss": {
            "mean": 1.099279260635376,
            "std": 0.020201159102935243
        }
    },
    "test": {
        "f1_weighted": {
            "mean": 0.6407821939165854,
            "std": 0.004479786122884163
        },
        "f1_micro": {
            "mean": 0.6607662835249043,
            "std": 0.004405963681675096
        },
        "f1_macro": {
            "mean": 0.4260615316499754,
            "std": 0.01194043227031263
        },
        "cross_entropy_loss": {
            "mean": 1.0454888582229613,
            "std": 0.016325575160753215
        }
    }
}