{
    "train": {
        "f1_weighted": 0.9434157377207577,
        "f1_micro": 0.9441671657682837,
        "f1_macro": 0.7932888865862825,
        "cross_entropy_loss": 0.19121873378753662
    },
    "val": {
        "f1_weighted": 0.8992650615195008,
        "f1_micro": 0.9001040582726326,
        "f1_macro": 0.6293602967764335,
        "cross_entropy_loss": 0.3269652724266052
    },
    "test": {
        "f1_weighted": 0.8742551952100555,
        "f1_micro": 0.8780831571529246,
        "f1_macro": 0.6832711668641269,
        "cross_entropy_loss": 0.42653775215148926
    }
}