{
    "train": {
        "f1_weighted": {
            "mean": 0.9347289457917947,
            "std": 0.013077722080049408
        },
        "f1_micro": {
            "mean": 0.9367937712118186,
            "std": 0.011868158378070467
        },
        "f1_macro": {
            "mean": 0.7439987814565556,
            "std": 0.05907813678790276
        },
        "cross_entropy_loss": {
            "mean": 0.2085683226585388,
            "std": 0.03245940673440701
        }
    },
    "val": {
        "f1_weighted": {
            "mean": 0.9008078797220775,
            "std": 0.002642298425260409
        },
        "f1_micro": {
            "mean": 0.9021852237252862,
            "std": 0.0018614509698229578
        },
        "f1_macro": {
            "mean": 0.6207360801897441,
            "std": 0.02706029454770545
        },
        "cross_entropy_loss": {
            "mean": 0.31735530495643616,
            "std": 0.008937820730733471
        }
    },
    "test": {
        "f1_weighted": {
            "mean": 0.8661737346791731,
            "std": 0.009076331861261411
        },
        "f1_micro": {
            "mean": 0.8700493305144468,
            "std": 0.008637944155627669
        },
        "f1_macro": {
            "mean": 0.6393176668692854,
            "std": 0.049255320054869406
        },
        "cross_entropy_loss": {
            "mean": 0.41790708899497986,
            "std": 0.01390182485281214
        }
    }
}