{
    "train": {
        "f1_weighted": 0.7331780664470696,
        "f1_micro": 0.7494243668034838,
        "f1_macro": 0.527141485295563,
        "cross_entropy_loss": 0.827562689781189
    },
    "val": {
        "f1_weighted": 0.6100320085994906,
        "f1_micro": 0.6348061316501352,
        "f1_macro": 0.42050072960523593,
        "cross_entropy_loss": 1.0834332704544067
    },
    "test": {
        "f1_weighted": 0.6489444176322186,
        "f1_micro": 0.6666666666666666,
        "f1_macro": 0.4520158407368097,
        "cross_entropy_loss": 1.0382468700408936
    }
}