{
    "train": {
        "f1_weighted": 0.925138218878669,
        "f1_micro": 0.9276635389631995,
        "f1_macro": 0.7066901009508256,
        "cross_entropy_loss": 0.2283329963684082
    },
    "val": {
        "f1_weighted": 0.8938631743513693,
        "f1_micro": 0.8959417273673256,
        "f1_macro": 0.6075131171690087,
        "cross_entropy_loss": 0.31681790947914124
    },
    "test": {
        "f1_weighted": 0.867114300080084,
        "f1_micro": 0.8703312191684286,
        "f1_macro": 0.6228502054192483,
        "cross_entropy_loss": 0.39460206031799316
    }
}