{
    "train": {
        "f1_weighted": 0.4792880567411857,
        "f1_micro": 0.5138916851218039,
        "f1_macro": 0.4012051460231808,
        "cross_entropy_loss": 1.3966212272644043
    },
    "val": {
        "f1_weighted": 0.38751757186430974,
        "f1_micro": 0.42633928571428575,
        "f1_macro": 0.31794701744928433,
        "cross_entropy_loss": 1.566179871559143
    },
    "test": {
        "f1_weighted": 0.3684261630595872,
        "f1_micro": 0.41490963855421686,
        "f1_macro": 0.31152607187560866,
        "cross_entropy_loss": 1.5966345071792603
    }
}