{
    "train": {
        "f1_weighted": {
            "mean": 0.4792880567411857,
            "std": 0.0
        },
        "f1_micro": {
            "mean": 0.5138916851218039,
            "std": 0.0
        },
        "f1_macro": {
            "mean": 0.4012051460231808,
            "std": 0.0
        },
        "cross_entropy_loss": {
            "mean": 1.3966212272644043,
            "std": 0.0
        }
    },
    "val": {
        "f1_weighted": {
            "mean": 0.38751757186430974,
            "std": 0.0
        },
        "f1_micro": {
            "mean": 0.42633928571428575,
            "std": 0.0
        },
        "f1_macro": {
            "mean": 0.31794701744928433,
            "std": 0.0
        },
        "cross_entropy_loss": {
            "mean": 1.566179871559143,
            "std": 0.0
        }
    },
    "test": {
        "f1_weighted": {
            "mean": 0.3684261630595872,
            "std": 0.0
        },
        "f1_micro": {
            "mean": 0.41490963855421686,
            "std": 0.0
        },
        "f1_macro": {
            "mean": 0.31152607187560866,
            "std": 0.0
        },
        "cross_entropy_loss": {
            "mean": 1.5966345071792603,
            "std": 0.0
        }
    }
}