{
    "train": {
        "f1_weighted": 0.6332921547230215,
        "f1_micro": 0.6431561322729176,
        "f1_macro": 0.6309746197817844
    },
    "val": {
        "f1_weighted": 0.5809209728527377,
        "f1_micro": 0.5836734693877551,
        "f1_macro": 0.546096735837992
    },
    "test": {
        "f1_weighted": 0.5822607088804754,
        "f1_micro": 0.591861898890259,
        "f1_macro": 0.5498022969498023
    }
}