{
    "train": {
        "f1_weighted": 0.6876912750075124,
        "f1_micro": 0.70471327572663,
        "f1_macro": 0.5530175754820263,
        "cross_entropy_loss": 0.2079198658466339
    },
    "val": {
        "f1_weighted": 0.5424333293888318,
        "f1_micro": 0.5700245700245701,
        "f1_macro": 0.2602525249741367,
        "cross_entropy_loss": 0.23791258037090302
    },
    "test": {
        "f1_weighted": 0.49956040832004955,
        "f1_micro": 0.5141843971631206,
        "f1_macro": 0.3670716718398317,
        "cross_entropy_loss": 0.3924877345561981
    }
}