{
    "train": {
        "f1_weighted": {
            "mean": 0.6876912750075124,
            "std": 0.0
        },
        "f1_micro": {
            "mean": 0.70471327572663,
            "std": 0.0
        },
        "f1_macro": {
            "mean": 0.5530175754820263,
            "std": 0.0
        },
        "cross_entropy_loss": {
            "mean": 0.2079198658466339,
            "std": 0.0
        }
    },
    "val": {
        "f1_weighted": {
            "mean": 0.5424333293888318,
            "std": 0.0
        },
        "f1_micro": {
            "mean": 0.5700245700245701,
            "std": 0.0
        },
        "f1_macro": {
            "mean": 0.2602525249741367,
            "std": 0.0
        },
        "cross_entropy_loss": {
            "mean": 0.23791258037090302,
            "std": 0.0
        }
    },
    "test": {
        "f1_weighted": {
            "mean": 0.49956040832004955,
            "std": 0.0
        },
        "f1_micro": {
            "mean": 0.5141843971631206,
            "std": 0.0
        },
        "f1_macro": {
            "mean": 0.3670716718398317,
            "std": 0.0
        },
        "cross_entropy_loss": {
            "mean": 0.3924877345561981,
            "std": 0.0
        }
    }
}