{
    "train": {
        "f1_weighted": 0.6967882108199417,
        "f1_micro": 0.7138852738011813,
        "f1_macro": 0.4899541833943232
    },
    "val": {
        "f1_weighted": 0.6113276959057261,
        "f1_micro": 0.6321009918845807,
        "f1_macro": 0.44016984240679485
    },
    "test": {
        "f1_weighted": 0.6474507631489642,
        "f1_micro": 0.6647509578544061,
        "f1_macro": 0.44121696665371246
    }
}