{
    "train": {
        "f1_weighted": 0.7800583065473973,
        "f1_micro": 0.7810591650815898,
        "f1_macro": 0.6592600549017072
    },
    "val": {
        "f1_weighted": 0.6357215453541118,
        "f1_micro": 0.6411181244364292,
        "f1_macro": 0.495599763865244
    },
    "test": {
        "f1_weighted": 0.649159771961001,
        "f1_micro": 0.6505747126436782,
        "f1_macro": 0.48245418387248346
    }
}