{
    "train": {
        "f1_weighted": {
            "mean": 0.7615043352810821,
            "std": 0.05129765683755502
        },
        "f1_micro": {
            "mean": 0.7713685053558914,
            "std": 0.04648790661077899
        },
        "f1_macro": {
            "mean": 0.6169286805311177,
            "std": 0.0934720838865905
        }
    },
    "val": {
        "f1_weighted": {
            "mean": 0.6274954331813193,
            "std": 0.011627432778851612
        },
        "f1_micro": {
            "mean": 0.6456266907123535,
            "std": 0.012271253984637721
        },
        "f1_macro": {
            "mean": 0.4820379909598347,
            "std": 0.03585403623901284
        }
    },
    "test": {
        "f1_weighted": {
            "mean": 0.6472764508915235,
            "std": 0.0039876984902025795
        },
        "f1_micro": {
            "mean": 0.6626053639846743,
            "std": 0.009364975397671843
        },
        "f1_macro": {
            "mean": 0.4689944147513058,
            "std": 0.01751981642577304
        }
    }
}