{
    "train": {
        "f1_weighted": 0.7312990996979486,
        "f1_micro": 0.7465211732906197,
        "f1_macro": 0.5417067188057382,
        "cross_entropy_loss": 0.8218536376953125
    },
    "val": {
        "f1_weighted": 0.6060486940571488,
        "f1_micro": 0.6348061316501352,
        "f1_macro": 0.42196165524321083,
        "cross_entropy_loss": 1.0964417457580566
    },
    "test": {
        "f1_weighted": 0.6364565111202305,
        "f1_micro": 0.6524904214559387,
        "f1_macro": 0.4371504818434996,
        "cross_entropy_loss": 1.0606874227523804
    }
}