{
    "train": {
        "f1_weighted": 0.6969565441306578,
        "f1_micro": 0.7170887976774452,
        "f1_macro": 0.4740635501521794,
        "cross_entropy_loss": 0.8924234509468079
    },
    "val": {
        "f1_weighted": 0.6141202787645648,
        "f1_micro": 0.6402164111812444,
        "f1_macro": 0.4285882265897674,
        "cross_entropy_loss": 1.0975475311279297
    },
    "test": {
        "f1_weighted": 0.6381792111357434,
        "f1_micro": 0.6586206896551724,
        "f1_macro": 0.4147247409972369,
        "cross_entropy_loss": 1.0298893451690674
    }
}