{
    "train": {
        "f1_weighted": 0.697299183980113,
        "f1_micro": 0.7171889077985785,
        "f1_macro": 0.4782897854309255,
        "cross_entropy_loss": 0.8854607939720154
    },
    "val": {
        "f1_weighted": 0.6063768738007111,
        "f1_micro": 0.6339044183949504,
        "f1_macro": 0.4081335400692026,
        "cross_entropy_loss": 1.0917214155197144
    },
    "test": {
        "f1_weighted": 0.6410107221110404,
        "f1_micro": 0.6639846743295019,
        "f1_macro": 0.41347603119994913,
        "cross_entropy_loss": 1.0310524702072144
    }
}