{
    "train": {
        "f1_weighted": 0.43402175850709074,
        "f1_micro": 0.4927521642842762,
        "f1_macro": 0.3383083178815228,
        "cross_entropy_loss": 1.4227967262268066
    },
    "val": {
        "f1_weighted": 0.36357096318419296,
        "f1_micro": 0.421875,
        "f1_macro": 0.28273366063381494,
        "cross_entropy_loss": 1.576811671257019
    },
    "test": {
        "f1_weighted": 0.3446636634695481,
        "f1_micro": 0.4164156626506024,
        "f1_macro": 0.27806267600168233,
        "cross_entropy_loss": 1.6182541847229004
    }
}