{
    "train": {
        "f1_weighted": {
            "mean": 0.4408953263584537,
            "std": 0.013264271706543488
        },
        "f1_micro": {
            "mean": 0.4943829273203141,
            "std": 0.01337092858101327
        },
        "f1_macro": {
            "mean": 0.34769304449889227,
            "std": 0.014956557323199397
        },
        "cross_entropy_loss": {
            "mean": 1.4186257123947144,
            "std": 0.029707971127069827
        }
    },
    "val": {
        "f1_weighted": {
            "mean": 0.37440146958634524,
            "std": 0.00612326681109451
        },
        "f1_micro": {
            "mean": 0.4279761904761904,
            "std": 0.0034064056971010582
        },
        "f1_macro": {
            "mean": 0.2969523888418963,
            "std": 0.008770514387197583
        },
        "cross_entropy_loss": {
            "mean": 1.5780117750167846,
            "std": 0.004390552549769883
        }
    },
    "test": {
        "f1_weighted": {
            "mean": 0.3439793943909904,
            "std": 0.005323736996521802
        },
        "f1_micro": {
            "mean": 0.40993975903614455,
            "std": 0.005098286409581553
        },
        "f1_macro": {
            "mean": 0.2789324789333171,
            "std": 0.005023685458315412
        },
        "cross_entropy_loss": {
            "mean": 1.6285900115966796,
            "std": 0.006229362287380701
        }
    }
}