{
    "train": {
        "f1_weighted": 0.461900346458946,
        "f1_micro": 0.5187235755989531,
        "f1_macro": 0.3752394847810959,
        "cross_entropy_loss": 1.361868977546692
    },
    "val": {
        "f1_weighted": 0.37633830904856796,
        "f1_micro": 0.4382440476190476,
        "f1_macro": 0.30148123580493363,
        "cross_entropy_loss": 1.5793508291244507
    },
    "test": {
        "f1_weighted": 0.3457979271394657,
        "f1_micro": 0.4194277108433735,
        "f1_macro": 0.2866154204366828,
        "cross_entropy_loss": 1.627261996269226
    }
}