{
    "train": {
        "f1_weighted": {
            "mean": 0.461900346458946,
            "std": 0.0
        },
        "f1_micro": {
            "mean": 0.5187235755989531,
            "std": 0.0
        },
        "f1_macro": {
            "mean": 0.3752394847810959,
            "std": 0.0
        },
        "cross_entropy_loss": {
            "mean": 1.361868977546692,
            "std": 0.0
        }
    },
    "val": {
        "f1_weighted": {
            "mean": 0.37633830904856796,
            "std": 0.0
        },
        "f1_micro": {
            "mean": 0.4382440476190476,
            "std": 0.0
        },
        "f1_macro": {
            "mean": 0.30148123580493363,
            "std": 0.0
        },
        "cross_entropy_loss": {
            "mean": 1.5793508291244507,
            "std": 0.0
        }
    },
    "test": {
        "f1_weighted": {
            "mean": 0.3457979271394657,
            "std": 0.0
        },
        "f1_micro": {
            "mean": 0.4194277108433735,
            "std": 0.0
        },
        "f1_macro": {
            "mean": 0.2866154204366828,
            "std": 0.0
        },
        "cross_entropy_loss": {
            "mean": 1.627261996269226,
            "std": 0.0
        }
    }
}