{
    "train": {
        "f1_weighted": {
            "mean": 0.6910292075450286,
            "std": 0.013740192468191383
        },
        "f1_micro": {
            "mean": 0.6952281289242361,
            "std": 0.012045802304403018
        },
        "f1_macro": {
            "mean": 0.7040512177108686,
            "std": 0.014672590369085544
        },
        "cross_entropy_loss": {
            "mean": 0.7570901393890381,
            "std": 0.03558360107414479
        }
    },
    "val": {
        "f1_weighted": {
            "mean": 0.5913776156728819,
            "std": 0.011548069603463924
        },
        "f1_micro": {
            "mean": 0.5955102040816327,
            "std": 0.010398154451311847
        },
        "f1_macro": {
            "mean": 0.5727991384636019,
            "std": 0.006767693126945704
        },
        "cross_entropy_loss": {
            "mean": 1.0032630801200866,
            "std": 0.00672832908931793
        }
    },
    "test": {
        "f1_weighted": {
            "mean": 0.5833262191567712,
            "std": 0.006867350008526391
        },
        "f1_micro": {
            "mean": 0.5855733662145499,
            "std": 0.0073405060745436596
        },
        "f1_macro": {
            "mean": 0.5697340640443135,
            "std": 0.004636804698960817
        },
        "cross_entropy_loss": {
            "mean": 1.0730893850326537,
            "std": 0.027198664527157954
        }
    }
}