{
    "train": {
        "f1_weighted": 0.42459763109949084,
        "f1_micro": 0.5011073082343467,
        "f1_macro": 0.33341286460150554
    },
    "val": {
        "f1_weighted": 0.3481243879580952,
        "f1_micro": 0.43229166666666663,
        "f1_macro": 0.2684545465045101
    },
    "test": {
        "f1_weighted": 0.3138021312791393,
        "f1_micro": 0.40512048192771083,
        "f1_macro": 0.24762951260133176
    }
}