{
    "train": {
        "f1_weighted": 0.5770745708561767,
        "f1_micro": 0.6036843164888263,
        "f1_macro": 0.5130284848183012
    },
    "val": {
        "f1_weighted": 0.40080730129985315,
        "f1_micro": 0.43452380952380953,
        "f1_macro": 0.33230767335527384
    },
    "test": {
        "f1_weighted": 0.3739441526888589,
        "f1_micro": 0.4194277108433735,
        "f1_macro": 0.3197586425275052
    }
}