{
    "train": {
        "f1_weighted": 0.5450756777883347,
        "f1_micro": 0.5901952889067847,
        "f1_macro": 0.4638353626270715
    },
    "val": {
        "f1_weighted": 0.38199118073651,
        "f1_micro": 0.4330357142857143,
        "f1_macro": 0.30315372387485023
    },
    "test": {
        "f1_weighted": 0.3659770414654585,
        "f1_micro": 0.4209337349397591,
        "f1_macro": 0.30719522256147475
    }
}