{
    "train": {
        "f1_weighted": {
            "mean": 0.520712584458192,
            "std": 0.057447586000711974
        },
        "f1_micro": {
            "mean": 0.5634185625125829,
            "std": 0.044890943585514737
        },
        "f1_macro": {
            "mean": 0.44394279909241,
            "std": 0.0647593342454168
        }
    },
    "val": {
        "f1_weighted": {
            "mean": 0.3834058067486441,
            "std": 0.018695569346826948
        },
        "f1_micro": {
            "mean": 0.43154761904761896,
            "std": 0.003085779963292821
        },
        "f1_macro": {
            "mean": 0.3113366894771783,
            "std": 0.02369377651118551
        }
    },
    "test": {
        "f1_weighted": {
            "mean": 0.3568595921613897,
            "std": 0.02178557207102574
        },
        "f1_micro": {
            "mean": 0.41400602409638554,
            "std": 0.005742673483414966
        },
        "f1_macro": {
            "mean": 0.298691297457612,
            "std": 0.02602266345912093
        }
    }
}