{
    "train": {
        "f1_weighted": 0.840656515809628,
        "f1_micro": 0.8436279907898688,
        "f1_macro": 0.749301318616747
    },
    "val": {
        "f1_weighted": 0.6317738556985488,
        "f1_micro": 0.6420198376916141,
        "f1_macro": 0.5050865660299544
    },
    "test": {
        "f1_weighted": 0.6400154321598442,
        "f1_micro": 0.6482758620689655,
        "f1_macro": 0.48262479692338794
    }
}