{
    "train": {
        "f1_weighted": 0.8452200732454391,
        "f1_micro": 0.8476323956351988,
        "f1_macro": 0.7576751380522625
    },
    "val": {
        "f1_weighted": 0.6269613130097214,
        "f1_micro": 0.6339044183949504,
        "f1_macro": 0.5132362356249994
    },
    "test": {
        "f1_weighted": 0.6387505904048187,
        "f1_micro": 0.6459770114942529,
        "f1_macro": 0.48205401880007226
    }
}