{
    "train": {
        "f1_weighted": 0.8631534385372579,
        "f1_micro": 0.8647512263489839,
        "f1_macro": 0.7860375955280432
    },
    "val": {
        "f1_weighted": 0.6309425280814255,
        "f1_micro": 0.6393146979260595,
        "f1_macro": 0.5131333340137693
    },
    "test": {
        "f1_weighted": 0.6513789351733793,
        "f1_micro": 0.6586206896551724,
        "f1_macro": 0.5001988382364403
    }
}