{
    "train": {
        "f1_weighted": 0.8963564274538675,
        "f1_micro": 0.8973871258384223,
        "f1_macro": 0.8362146097382642
    },
    "val": {
        "f1_weighted": 0.6334298526100804,
        "f1_micro": 0.6429215509467989,
        "f1_macro": 0.512350813748443
    },
    "test": {
        "f1_weighted": 0.6416414913309143,
        "f1_micro": 0.6471264367816092,
        "f1_macro": 0.49804358569313184
    }
}