{
    "train": {
        "f1_weighted": 0.8249766103888867,
        "f1_micro": 0.8302132345580138,
        "f1_macro": 0.7217832070222536
    },
    "val": {
        "f1_weighted": 0.6460668498703217,
        "f1_micro": 0.6618575293056808,
        "f1_macro": 0.5225475223304062
    },
    "test": {
        "f1_weighted": 0.6590882822993784,
        "f1_micro": 0.671647509578544,
        "f1_macro": 0.4926707036548416
    }
}