{
    "train": {
        "f1_weighted": 0.8466319959698974,
        "f1_micro": 0.8464310741815998,
        "f1_macro": 0.7549954735282743
    },
    "val": {
        "f1_weighted": 0.6440361764003967,
        "f1_micro": 0.6456266907123535,
        "f1_macro": 0.5292070333010358
    },
    "test": {
        "f1_weighted": 0.6404837647297665,
        "f1_micro": 0.6417624521072797,
        "f1_macro": 0.49091225993268184
    }
}