{
    "train": {
        "f1_weighted": 0.92720205766353,
        "f1_micro": 0.9275202722995295,
        "f1_macro": 0.8803669639335564
    },
    "val": {
        "f1_weighted": 0.6469575992826986,
        "f1_micro": 0.6519386834986475,
        "f1_macro": 0.5326421318559753
    },
    "test": {
        "f1_weighted": 0.6478964337935839,
        "f1_micro": 0.6513409961685823,
        "f1_macro": 0.5050517497608927
    }
}