{
    "train": {
        "f1_weighted": {
            "mean": 0.9019017341123348,
            "std": 0.020759788908676753
        },
        "f1_micro": {
            "mean": 0.9025127640404446,
            "std": 0.020365007043913044
        },
        "f1_macro": {
            "mean": 0.8388140510435786,
            "std": 0.0325630007356334
        }
    },
    "val": {
        "f1_weighted": {
            "mean": 0.648694278256054,
            "std": 0.005438411028827781
        },
        "f1_micro": {
            "mean": 0.653922452660054,
            "std": 0.0040083157386641925
        },
        "f1_macro": {
            "mean": 0.5344605799192136,
            "std": 0.006636695417471097
        }
    },
    "test": {
        "f1_weighted": {
            "mean": 0.6488661884259882,
            "std": 0.005976032752954391
        },
        "f1_micro": {
            "mean": 0.65272030651341,
            "std": 0.0072518119014994345
        },
        "f1_macro": {
            "mean": 0.5001115697258726,
            "std": 0.010121106898932882
        }
    }
}