{
    "train": {
        "f1_weighted": {
            "mean": 0.8751801489688656,
            "std": 0.03815262385499922
        },
        "f1_micro": {
            "mean": 0.8768044849334267,
            "std": 0.03692061267394134
        },
        "f1_macro": {
            "mean": 0.7979289533494676,
            "std": 0.05883575582024976
        }
    },
    "val": {
        "f1_weighted": {
            "mean": 0.6477215435516681,
            "std": 0.0049072348026815765
        },
        "f1_micro": {
            "mean": 0.6555455365193869,
            "std": 0.006601624965815355
        },
        "f1_macro": {
            "mean": 0.5300387191206453,
            "std": 0.013815273217873543
        }
    },
    "test": {
        "f1_weighted": {
            "mean": 0.6464536789198674,
            "std": 0.007261837258489369
        },
        "f1_micro": {
            "mean": 0.6523371647509577,
            "std": 0.011005176067001545
        },
        "f1_macro": {
            "mean": 0.4920984536412479,
            "std": 0.00711863039151062
        }
    }
}