{
    "train": {
        "f1_weighted": 0.45195362747684575,
        "f1_micro": 0.5118783974229918,
        "f1_macro": 0.3716621761933987
    },
    "val": {
        "f1_weighted": 0.3601489594096774,
        "f1_micro": 0.42782738095238093,
        "f1_macro": 0.2816906299868772
    },
    "test": {
        "f1_weighted": 0.32464062645691416,
        "f1_micro": 0.39759036144578314,
        "f1_macro": 0.2626098184660243
    }
}