{
    "train": {
        "f1_weighted": 0.476976810310441,
        "f1_micro": 0.508455808335011,
        "f1_macro": 0.4072667005557936
    },
    "val": {
        "f1_weighted": 0.35433262484848865,
        "f1_micro": 0.39657738095238093,
        "f1_macro": 0.28257389286753665
    },
    "test": {
        "f1_weighted": 0.345748319212483,
        "f1_micro": 0.39683734939759036,
        "f1_macro": 0.2822191338066361
    }
}