{
    "train": {
        "f1_weighted": 0.48848340690118597,
        "f1_micro": 0.5432856855244614,
        "f1_macro": 0.4038113109153328
    },
    "val": {
        "f1_weighted": 0.3788119321076572,
        "f1_micro": 0.43526785714285715,
        "f1_macro": 0.30352723302491985
    },
    "test": {
        "f1_weighted": 0.3589701811014583,
        "f1_micro": 0.4246987951807229,
        "f1_macro": 0.3028733940706546
    }
}