{
    "train": {
        "f1_weighted": {
            "mean": 0.4582389030223105,
            "std": 0.022351020697026734
        },
        "f1_micro": {
            "mean": 0.5075296959935575,
            "std": 0.02069620584986872
        },
        "f1_macro": {
            "mean": 0.37746680263322635,
            "std": 0.027088048709773764
        }
    },
    "val": {
        "f1_weighted": {
            "mean": 0.36324176051664975,
            "std": 0.01122661404811129
        },
        "f1_micro": {
            "mean": 0.4186011904761905,
            "std": 0.013088472278152399
        },
        "f1_macro": {
            "mean": 0.288505699772693,
            "std": 0.014486463261811536
        }
    },
    "test": {
        "f1_weighted": {
            "mean": 0.33817456445414235,
            "std": 0.016783961868170907
        },
        "f1_micro": {
            "mean": 0.40210843373493976,
            "std": 0.011439836755923461
        },
        "f1_macro": {
            "mean": 0.27527390756187947,
            "std": 0.0219800776070272
        }
    }
}