{
    "train": {
        "f1_weighted": 0.6685886878711441,
        "f1_micro": 0.6745500209292591,
        "f1_macro": 0.6487431882846816,
        "cross_entropy_loss": 0.876133143901825
    },
    "val": {
        "f1_weighted": 0.5300849107829279,
        "f1_micro": 0.5244897959183673,
        "f1_macro": 0.5023288244981652,
        "cross_entropy_loss": 1.2385613918304443
    },
    "test": {
        "f1_weighted": 0.50105597134957,
        "f1_micro": 0.5104808877928483,
        "f1_macro": 0.4681078778448506,
        "cross_entropy_loss": 1.2832657098770142
    }
}