{
    "train": {
        "f1_weighted": 0.7386299655175002,
        "f1_micro": 0.7404771871075764,
        "f1_macro": 0.7261701893555359,
        "cross_entropy_loss": 0.7379723787307739
    },
    "val": {
        "f1_weighted": 0.538607281215212,
        "f1_micro": 0.5326530612244897,
        "f1_macro": 0.5070318095080503,
        "cross_entropy_loss": 1.2592027187347412
    },
    "test": {
        "f1_weighted": 0.5286535629813595,
        "f1_micro": 0.5339087546239211,
        "f1_macro": 0.5031014900393639,
        "cross_entropy_loss": 1.2994707822799683
    }
}