{
    "train": {
        "f1_weighted": 0.7511999381243063,
        "f1_micro": 0.7538719129342822,
        "f1_macro": 0.7573031429794308
    },
    "val": {
        "f1_weighted": 0.5965668136139118,
        "f1_micro": 0.5948979591836735,
        "f1_macro": 0.582516598830583
    },
    "test": {
        "f1_weighted": 0.6182818028400683,
        "f1_micro": 0.6189889025893958,
        "f1_macro": 0.6024553049556374
    }
}