{
    "train": {
        "f1_weighted": 0.7352407726665772,
        "f1_micro": 0.7352448723315195,
        "f1_macro": 0.7373705927041764
    },
    "val": {
        "f1_weighted": 0.6201206301868256,
        "f1_micro": 0.6183673469387755,
        "f1_macro": 0.5889875115059339
    },
    "test": {
        "f1_weighted": 0.6437718685493093,
        "f1_micro": 0.6448828606658447,
        "f1_macro": 0.6160214658428105
    }
}