{
    "train": {
        "f1_weighted": 0.798835162643845,
        "f1_micro": 0.8007534533277522,
        "f1_macro": 0.8060326891871482
    },
    "val": {
        "f1_weighted": 0.6333190631922159,
        "f1_micro": 0.636734693877551,
        "f1_macro": 0.6341462376076238
    },
    "test": {
        "f1_weighted": 0.6744537441257742,
        "f1_micro": 0.6744759556103576,
        "f1_macro": 0.6731553647691664
    }
}