{
    "train": {
        "f1_weighted": {
            "mean": 0.7827153421387237,
            "std": 0.05134693102015434
        },
        "f1_micro": {
            "mean": 0.784470489744663,
            "std": 0.04994010679743189
        },
        "f1_macro": {
            "mean": 0.7862009933346633,
            "std": 0.05302728093024532
        }
    },
    "val": {
        "f1_weighted": {
            "mean": 0.6266435533287347,
            "std": 0.024212057158194397
        },
        "f1_micro": {
            "mean": 0.6297959183673469,
            "std": 0.021242143364717154
        },
        "f1_macro": {
            "mean": 0.6200923872073141,
            "std": 0.026825685306227712
        }
    },
    "test": {
        "f1_weighted": {
            "mean": 0.6572031406285324,
            "std": 0.012427323269130573
        },
        "f1_micro": {
            "mean": 0.6591861898890259,
            "std": 0.011497117337548735
        },
        "f1_macro": {
            "mean": 0.6425102693579978,
            "std": 0.021699048097168935
        }
    }
}