{
    "train": {
        "f1_weighted": 0.7379580037664012,
        "f1_micro": 0.7541295424967465,
        "f1_macro": 0.545711391133734,
        "cross_entropy_loss": 0.8052017092704773
    },
    "val": {
        "f1_weighted": 0.6036797097248335,
        "f1_micro": 0.630297565374211,
        "f1_macro": 0.4133736806341385,
        "cross_entropy_loss": 1.0979901552200317
    },
    "test": {
        "f1_weighted": 0.6444108532545444,
        "f1_micro": 0.6601532567049808,
        "f1_macro": 0.44770798776640597,
        "cross_entropy_loss": 1.0541824102401733
    }
}