{
    "train": {
        "f1_weighted": 0.7612547320940622,
        "f1_micro": 0.7639179573043114,
        "f1_macro": 0.7522108205303503,
        "cross_entropy_loss": 0.6552359461784363
    },
    "val": {
        "f1_weighted": 0.5729412616553391,
        "f1_micro": 0.5836734693877551,
        "f1_macro": 0.5183996140667843,
        "cross_entropy_loss": 1.1268516778945923
    },
    "test": {
        "f1_weighted": 0.5195435030131791,
        "f1_micro": 0.528976572133169,
        "f1_macro": 0.5028058487446663,
        "cross_entropy_loss": 1.31218421459198
    }
}