{
    "train": {
        "f1_weighted": 0.7233925210528493,
        "f1_micro": 0.7251988279614902,
        "f1_macro": 0.7092398905347812,
        "cross_entropy_loss": 0.7606500387191772
    },
    "val": {
        "f1_weighted": 0.5496460008271452,
        "f1_micro": 0.5530612244897959,
        "f1_macro": 0.503507274274219,
        "cross_entropy_loss": 1.1916403770446777
    },
    "test": {
        "f1_weighted": 0.5352714341393333,
        "f1_micro": 0.5382244143033292,
        "f1_macro": 0.5137148596605413,
        "cross_entropy_loss": 1.184572696685791
    }
}