{
    "train": {
        "f1_weighted": {
            "mean": 0.7399240201832753,
            "std": 0.01682153386414287
        },
        "f1_micro": {
            "mean": 0.7413562159899539,
            "std": 0.017679167043332375
        },
        "f1_macro": {
            "mean": 0.7308313827745556,
            "std": 0.016443415450364096
        },
        "cross_entropy_loss": {
            "mean": 0.714077889919281,
            "std": 0.04931509684625638
        }
    },
    "val": {
        "f1_weighted": {
            "mean": 0.5563919690877178,
            "std": 0.010925070430576144
        },
        "f1_micro": {
            "mean": 0.5624489795918367,
            "std": 0.015520941503535977
        },
        "f1_macro": {
            "mean": 0.5076742025212113,
            "std": 0.006613855403178494
        },
        "cross_entropy_loss": {
            "mean": 1.1684571027755737,
            "std": 0.02599896085971277
        }
    },
    "test": {
        "f1_weighted": {
            "mean": 0.5305068902674012,
            "std": 0.007049071974226723
        },
        "f1_micro": {
            "mean": 0.5353884093711467,
            "std": 0.006531651116226407
        },
        "f1_macro": {
            "mean": 0.5097611888329541,
            "std": 0.005466881802361859
        },
        "cross_entropy_loss": {
            "mean": 1.2464680194854736,
            "std": 0.041844412922797024
        }
    }
}