{
    "train": {
        "f1_weighted": 0.6079038764596034,
        "f1_micro": 0.6186688991209711,
        "f1_macro": 0.5783498304710147,
        "cross_entropy_loss": 1.008807897567749
    },
    "val": {
        "f1_weighted": 0.4972697348477108,
        "f1_micro": 0.49183673469387756,
        "f1_macro": 0.4544243647601484,
        "cross_entropy_loss": 1.2410614490509033
    },
    "test": {
        "f1_weighted": 0.5070590756311196,
        "f1_micro": 0.5209617755856967,
        "f1_macro": 0.47117410206913424,
        "cross_entropy_loss": 1.2799534797668457
    }
}