{
    "train": {
        "f1_weighted": 0.6988603124281858,
        "f1_micro": 0.7042695688572624,
        "f1_macro": 0.6835438187840325,
        "cross_entropy_loss": 0.7634225487709045
    },
    "val": {
        "f1_weighted": 0.5573903331254563,
        "f1_micro": 0.5510204081632653,
        "f1_macro": 0.5358065396755977,
        "cross_entropy_loss": 1.1727910041809082
    },
    "test": {
        "f1_weighted": 0.5319862143918581,
        "f1_micro": 0.5443896424167695,
        "f1_macro": 0.4990289193979776,
        "cross_entropy_loss": 1.2225630283355713
    }
}