{
    "train": {
        "f1_weighted": 0.8134983450593959,
        "f1_micro": 0.8141481791544578,
        "f1_macro": 0.8080360155153482,
        "cross_entropy_loss": 0.5398484468460083
    },
    "val": {
        "f1_weighted": 0.5786878527877172,
        "f1_micro": 0.5724489795918367,
        "f1_macro": 0.5494805302957022,
        "cross_entropy_loss": 1.1582770347595215
    },
    "test": {
        "f1_weighted": 0.5585991586761717,
        "f1_micro": 0.562268803945746,
        "f1_macro": 0.5410351462306329,
        "cross_entropy_loss": 1.251448154449463
    }
}