{
    "train": {
        "f1_weighted": 0.7603765116489503,
        "f1_micro": 0.7622436165759731,
        "f1_macro": 0.7536003476493162,
        "cross_entropy_loss": 0.665116548538208
    },
    "val": {
        "f1_weighted": 0.5607624954472908,
        "f1_micro": 0.5551020408163265,
        "f1_macro": 0.5389305761548282,
        "cross_entropy_loss": 1.2175869941711426
    },
    "test": {
        "f1_weighted": 0.5442838815302788,
        "f1_micro": 0.5511713933415536,
        "f1_macro": 0.517534688230947,
        "cross_entropy_loss": 1.2275950908660889
    }
}