{
    "train": {
        "f1_weighted": 0.8157957526862284,
        "f1_micro": 0.816450397655923,
        "f1_macro": 0.8068281772767715,
        "cross_entropy_loss": 0.5316554307937622
    },
    "val": {
        "f1_weighted": 0.5772746897664428,
        "f1_micro": 0.5724489795918367,
        "f1_macro": 0.5515795696394648,
        "cross_entropy_loss": 1.187865138053894
    },
    "test": {
        "f1_weighted": 0.5419179562857279,
        "f1_micro": 0.5474722564734895,
        "f1_macro": 0.5198874586525841,
        "cross_entropy_loss": 1.3141186237335205
    }
}