{
    "train": {
        "f1_weighted": 0.7079333947567625,
        "f1_micro": 0.7113855169526999,
        "f1_macro": 0.7109855448451489,
        "cross_entropy_loss": 0.7217706441879272
    },
    "val": {
        "f1_weighted": 0.6048945054125341,
        "f1_micro": 0.6040816326530613,
        "f1_macro": 0.5802916943751231,
        "cross_entropy_loss": 1.0217316150665283
    },
    "test": {
        "f1_weighted": 0.597231154059489,
        "f1_micro": 0.6004932182490752,
        "f1_macro": 0.5761661757135775,
        "cross_entropy_loss": 1.048582673072815
    }
}