{
    "train": {
        "f1_weighted": 0.680028842112389,
        "f1_micro": 0.6860611134365844,
        "f1_macro": 0.6886768425533124,
        "cross_entropy_loss": 0.7850272059440613
    },
    "val": {
        "f1_weighted": 0.5797306682490976,
        "f1_micro": 0.573469387755102,
        "f1_macro": 0.5687702053051729,
        "cross_entropy_loss": 1.0523033142089844
    },
    "test": {
        "f1_weighted": 0.6030932228252097,
        "f1_micro": 0.6060419235511714,
        "f1_macro": 0.5819125871946278,
        "cross_entropy_loss": 1.0054056644439697
    }
}