{
    "train": {
        "f1_weighted": 0.7427025077961825,
        "accuracy": 0.7585343878266093
    },
    "val": {
        "f1_weighted": 0.588235614799194,
        "accuracy": 0.6194770063119928
    },
    "test": {
        "f1_weighted": 0.6299964447871922,
        "accuracy": 0.6513409961685823
    }
}