{
    "train": {
        "f1_weighted": 0.7670488058457264,
        "f1_micro": 0.7718490339373311,
        "f1_macro": 0.6447667651304646
    },
    "val": {
        "f1_weighted": 0.6237096508482138,
        "f1_micro": 0.6393146979260595,
        "f1_macro": 0.5004239542672669
    },
    "test": {
        "f1_weighted": 0.6454224676046811,
        "f1_micro": 0.6544061302681993,
        "f1_macro": 0.4884416951252733
    }
}