{
    "train": {
        "f1_weighted": {
            "mean": 0.7472672435199536,
            "std": 0.049976259691094586
        },
        "f1_micro": {
            "mean": 0.7594153568925819,
            "std": 0.04491178810190016
        },
        "f1_macro": {
            "mean": 0.5952558965434575,
            "std": 0.08242730603784258
        }
    },
    "val": {
        "f1_weighted": {
            "mean": 0.6216756023256188,
            "std": 0.0067097446030901075
        },
        "f1_micro": {
            "mean": 0.642380522993688,
            "std": 0.00492569893011637
        },
        "f1_macro": {
            "mean": 0.46951012559797967,
            "std": 0.02086605219657222
        }
    },
    "test": {
        "f1_weighted": {
            "mean": 0.6454562271700239,
            "std": 0.004040882297202787
        },
        "f1_micro": {
            "mean": 0.6631417624521073,
            "std": 0.0059770114942528825
        },
        "f1_macro": {
            "mean": 0.4602087030292271,
            "std": 0.013378770296232951
        }
    }
}