{
    "train": {
        "f1_weighted": 0.7959821250894951,
        "f1_micro": 0.801481629792772,
        "f1_macro": 0.6947224544928776,
        "cross_entropy_loss": 0.7586266398429871
    },
    "val": {
        "f1_weighted": 0.6201379335720476,
        "f1_micro": 0.6456266907123535,
        "f1_macro": 0.4713830593336808,
        "cross_entropy_loss": 1.1996110677719116
    },
    "test": {
        "f1_weighted": 0.6225491947289353,
        "f1_micro": 0.6402298850574712,
        "f1_macro": 0.43840948310824407,
        "cross_entropy_loss": 1.1488597393035889
    }
}