{
    "train": {
        "f1_weighted": 0.7883951147209715,
        "f1_micro": 0.7982781059165082,
        "f1_macro": 0.661803314189343,
        "cross_entropy_loss": 0.7580280900001526
    },
    "val": {
        "f1_weighted": 0.6339210546845737,
        "f1_micro": 0.654643823264202,
        "f1_macro": 0.4901821636116483,
        "cross_entropy_loss": 1.133695363998413
    },
    "test": {
        "f1_weighted": 0.6437247290370125,
        "f1_micro": 0.6659003831417625,
        "f1_macro": 0.46085651868508126,
        "cross_entropy_loss": 1.0911080837249756
    }
}