{
    "train": {
        "f1_weighted": {
            "mean": 0.8253738429813008,
            "std": 0.026469383371666134
        },
        "f1_micro": {
            "mean": 0.8297794240331031,
            "std": 0.022617700355698083
        },
        "f1_macro": {
            "mean": 0.7286679555670306,
            "std": 0.04733975573324397
        },
        "cross_entropy_loss": {
            "mean": 0.7315349578857422,
            "std": 0.03497832703564594
        }
    },
    "val": {
        "f1_weighted": {
            "mean": 0.6347929975765984,
            "std": 0.0006200521592093993
        },
        "f1_micro": {
            "mean": 0.6495341148181545,
            "std": 0.0037781199549073038
        },
        "f1_macro": {
            "mean": 0.5037581073544127,
            "std": 0.012294865011893936
        },
        "cross_entropy_loss": {
            "mean": 1.1627938747406006,
            "std": 0.024706224233300995
        }
    },
    "test": {
        "f1_weighted": {
            "mean": 0.6389575161999808,
            "std": 0.004084389969793033
        },
        "f1_micro": {
            "mean": 0.6533844189016603,
            "std": 0.009874524536438183
        },
        "f1_macro": {
            "mean": 0.46854649131784204,
            "std": 0.015053172811830787
        },
        "cross_entropy_loss": {
            "mean": 1.1356207927068074,
            "std": 0.03537584018488432
        }
    }
}