{
    "train": {
        "f1_weighted": 0.7674257023985424,
        "f1_micro": 0.769699829407281,
        "f1_macro": 0.6651808273209158,
        "cross_entropy_loss": 0.17976155877113342
    },
    "val": {
        "f1_weighted": 0.5879927018674229,
        "f1_micro": 0.5932901706886404,
        "f1_macro": 0.3603151871198708,
        "cross_entropy_loss": 0.22672833502292633
    },
    "test": {
        "f1_weighted": 0.5522307750422616,
        "f1_micro": 0.5576055760557604,
        "f1_macro": 0.4239636154504829,
        "cross_entropy_loss": 0.3835211992263794
    }
}