{
    "train": {
        "f1_weighted": {
            "mean": 0.7674257023985424,
            "std": 0.0
        },
        "f1_micro": {
            "mean": 0.769699829407281,
            "std": 0.0
        },
        "f1_macro": {
            "mean": 0.6651808273209158,
            "std": 0.0
        },
        "cross_entropy_loss": {
            "mean": 0.17976155877113342,
            "std": 0.0
        }
    },
    "val": {
        "f1_weighted": {
            "mean": 0.5879927018674229,
            "std": 0.0
        },
        "f1_micro": {
            "mean": 0.5932901706886404,
            "std": 0.0
        },
        "f1_macro": {
            "mean": 0.3603151871198708,
            "std": 0.0
        },
        "cross_entropy_loss": {
            "mean": 0.22672833502292633,
            "std": 0.0
        }
    },
    "test": {
        "f1_weighted": {
            "mean": 0.5522307750422616,
            "std": 0.0
        },
        "f1_micro": {
            "mean": 0.5576055760557604,
            "std": 0.0
        },
        "f1_macro": {
            "mean": 0.4239636154504829,
            "std": 0.0
        },
        "cross_entropy_loss": {
            "mean": 0.3835211992263794,
            "std": 0.0
        }
    }
}