{
    "train": {
        "f1_weighted": {
            "mean": 0.8609767443294268,
            "std": 0.0
        },
        "f1_micro": {
            "mean": 0.8585443988387226,
            "std": 0.0
        },
        "f1_macro": {
            "mean": 0.7860045923380686,
            "std": 0.0
        },
        "cross_entropy_loss": {
            "mean": 0.6707570552825928,
            "std": 0.0
        }
    },
    "val": {
        "f1_weighted": {
            "mean": 0.6506838839641552,
            "std": 0.0
        },
        "f1_micro": {
            "mean": 0.6465284039675383,
            "std": 0.0
        },
        "f1_macro": {
            "mean": 0.5282624007116662,
            "std": 0.0
        },
        "cross_entropy_loss": {
            "mean": 1.1572325229644775,
            "std": 0.0
        }
    },
    "test": {
        "f1_weighted": {
            "mean": 0.6474000263664094,
            "std": 0.0
        },
        "f1_micro": {
            "mean": 0.6429118773946361,
            "std": 0.0
        },
        "f1_macro": {
            "mean": 0.5023276724775221,
            "std": 0.0
        },
        "cross_entropy_loss": {
            "mean": 1.172703504562378,
            "std": 0.0
        }
    }
}