{
    "train": {
        "f1_weighted": 0.6960389099415556,
        "accuracy": 0.7115827410151166
    },
    "val": {
        "f1_weighted": 0.5836369543495682,
        "accuracy": 0.612263300270514
    },
    "test": {
        "f1_weighted": 0.6282456482560426,
        "accuracy": 0.6448275862068965
    }
}