{
    "train": {
        "f1_weighted": 0.7295842999393661,
        "accuracy": 0.7432175392932225
    },
    "val": {
        "f1_weighted": 0.5940368607386305,
        "accuracy": 0.6194770063119928
    },
    "test": {
        "f1_weighted": 0.6385530867404021,
        "accuracy": 0.6521072796934866
    }
}