{
    "train": {
        "f1_weighted": 0.9236170350527514,
        "f1_micro": 0.9276635389631995,
        "f1_macro": 0.684010388819437,
        "cross_entropy_loss": 0.23750092089176178
    },
    "val": {
        "f1_weighted": 0.8980905923467292,
        "f1_micro": 0.9021852237252862,
        "f1_macro": 0.588815408499518,
        "cross_entropy_loss": 0.3250829577445984
    },
    "test": {
        "f1_weighted": 0.8624583237106841,
        "f1_micro": 0.8696264975334743,
        "f1_macro": 0.5966375358643966,
        "cross_entropy_loss": 0.4072432518005371
    }
}