{
    "train": {
        "f1_weighted": 0.950628395551789,
        "f1_micro": 0.9508884008784189,
        "f1_macro": 0.8152013837150074,
        "cross_entropy_loss": 0.16706687211990356
    },
    "val": {
        "f1_weighted": 0.9044258673781648,
        "f1_micro": 0.9042663891779397,
        "f1_macro": 0.65020385137929,
        "cross_entropy_loss": 0.3017154932022095
    },
    "test": {
        "f1_weighted": 0.8710652902014843,
        "f1_micro": 0.8710359408033826,
        "f1_macro": 0.6857279193039115,
        "cross_entropy_loss": 0.4063495695590973
    }
}