{
    "train": {
        "f1_weighted": 0.7933294378403383,
        "f1_micro": 0.797614064462118,
        "f1_macro": 0.7778567547674738
    },
    "val": {
        "f1_weighted": 0.5755291901060199,
        "f1_micro": 0.5663265306122449,
        "f1_macro": 0.5602188249448468
    },
    "test": {
        "f1_weighted": 0.573858097873198,
        "f1_micro": 0.5838471023427867,
        "f1_macro": 0.541789841700313
    }
}