{
    "train": {
        "f1_weighted": 0.671843739833303,
        "f1_micro": 0.6808287986605274,
        "f1_macro": 0.6783888728628252
    },
    "val": {
        "f1_weighted": 0.5880550562842443,
        "f1_micro": 0.5928571428571429,
        "f1_macro": 0.5612050317131225
    },
    "test": {
        "f1_weighted": 0.5540865408750497,
        "f1_micro": 0.562268803945746,
        "f1_macro": 0.5304922383339196
    }
}