{
    "train": {
        "f1_weighted": {
            "mean": 0.7287333611930372,
            "std": 0.04428059718301325
        },
        "f1_micro": {
            "mean": 0.7331100879028882,
            "std": 0.042588116194174463
        },
        "f1_macro": {
            "mean": 0.7256990550509014,
            "std": 0.04023456276799415
        }
    },
    "val": {
        "f1_weighted": {
            "mean": 0.585229558899224,
            "std": 0.012323507850628915
        },
        "f1_micro": {
            "mean": 0.5824489795918367,
            "std": 0.01329509997951209
        },
        "f1_macro": {
            "mean": 0.5623922738123273,
            "std": 0.011644321049794714
        }
    },
    "test": {
        "f1_weighted": {
            "mean": 0.5715367068364253,
            "std": 0.008886760833582918
        },
        "f1_micro": {
            "mean": 0.5774352651048089,
            "std": 0.008565896144492444
        },
        "f1_macro": {
            "mean": 0.5458235529405894,
            "std": 0.00958904908340623
        }
    }
}