{
    "train": {
        "f1_weighted": 0.4401669605486289,
        "f1_micro": 0.48922891081135494,
        "f1_macro": 0.35967916668883443,
        "cross_entropy_loss": 1.4471917152404785
    },
    "val": {
        "f1_weighted": 0.3400270247381182,
        "f1_micro": 0.3973214285714286,
        "f1_macro": 0.27060162124276316,
        "cross_entropy_loss": 1.634041428565979
    },
    "test": {
        "f1_weighted": 0.3113239491267124,
        "f1_micro": 0.3757530120481927,
        "f1_macro": 0.24957863076268674,
        "cross_entropy_loss": 1.6680959463119507
    }
}