{
    "train": {
        "f1_weighted": 0.4480321528520339,
        "f1_micro": 0.49768471914636603,
        "f1_macro": 0.3614140061415334,
        "cross_entropy_loss": 1.4225680828094482
    },
    "val": {
        "f1_weighted": 0.3600099887193416,
        "f1_micro": 0.4114583333333333,
        "f1_macro": 0.2854131995023186,
        "cross_entropy_loss": 1.5955158472061157
    },
    "test": {
        "f1_weighted": 0.3461996656587429,
        "f1_micro": 0.40512048192771083,
        "f1_macro": 0.2899174042989757,
        "cross_entropy_loss": 1.640326976776123
    }
}