{
    "train": {
        "f1_weighted": {
            "mean": 0.4558371759774356,
            "std": 0.01690720618306745
        },
        "f1_micro": {
            "mean": 0.5053352124018522,
            "std": 0.01714961903688087
        },
        "f1_macro": {
            "mean": 0.37150424493294026,
            "std": 0.015512645541770858
        },
        "cross_entropy_loss": {
            "mean": 1.4120813608169556,
            "std": 0.033772778503706184
        }
    },
    "val": {
        "f1_weighted": {
            "mean": 0.3592607665083723,
            "std": 0.015407526512972055
        },
        "f1_micro": {
            "mean": 0.4124503968253968,
            "std": 0.012777030627372258
        },
        "f1_macro": {
            "mean": 0.28632541063993383,
            "std": 0.013226566648977903
        },
        "cross_entropy_loss": {
            "mean": 1.6032276153564453,
            "std": 0.022676470466351736
        }
    },
    "test": {
        "f1_weighted": {
            "mean": 0.33447494390433263,
            "std": 0.01637067881521388
        },
        "f1_micro": {
            "mean": 0.39633534136546184,
            "std": 0.014605759564233113
        },
        "f1_macro": {
            "mean": 0.2758536156042186,
            "std": 0.018594607571448537
        },
        "cross_entropy_loss": {
            "mean": 1.6418813069661458,
            "std": 0.020798670678907862
        }
    }
}