{
    "train": {
        "f1_weighted": 0.761157848558428,
        "f1_micro": 0.7700470517569327,
        "f1_macro": 0.6280844377612697,
        "cross_entropy_loss": 0.8012040853500366
    },
    "val": {
        "f1_weighted": 0.6375673662299818,
        "f1_micro": 0.6564472497745717,
        "f1_macro": 0.508336672725525,
        "cross_entropy_loss": 1.1130146980285645
    },
    "test": {
        "f1_weighted": 0.637837931055471,
        "f1_micro": 0.6528735632183909,
        "f1_macro": 0.4624319176908297,
        "cross_entropy_loss": 1.0674368143081665
    }
}