{
    "train": {
        "f1_weighted": 0.7616470200370666,
        "f1_micro": 0.7701471618780659,
        "f1_macro": 0.626924738874069,
        "cross_entropy_loss": 0.822648286819458
    },
    "val": {
        "f1_weighted": 0.6237194655407502,
        "f1_micro": 0.6411181244364292,
        "f1_macro": 0.4866161758017021,
        "cross_entropy_loss": 1.1235941648483276
    },
    "test": {
        "f1_weighted": 0.6444669411256656,
        "f1_micro": 0.6574712643678161,
        "f1_macro": 0.4763141941074221,
        "cross_entropy_loss": 1.0597375631332397
    }
}