{
    "train": {
        "f1_weighted": 0.7250356521484829,
        "f1_micro": 0.7386124737210932,
        "f1_macro": 0.5352227601384784,
        "cross_entropy_loss": 0.8636025190353394
    },
    "val": {
        "f1_weighted": 0.6141169362922002,
        "f1_micro": 0.6348061316501352,
        "f1_macro": 0.44774982851660733,
        "cross_entropy_loss": 1.1017619371414185
    },
    "test": {
        "f1_weighted": 0.6512218246214387,
        "f1_micro": 0.6659003831417625,
        "f1_macro": 0.45062001223773585,
        "cross_entropy_loss": 1.0310581922531128
    }
}