{
    "train": {
        "f1_weighted": {
            "mean": 0.7567097187073312,
            "std": 0.0185202077525809
        },
        "f1_micro": {
            "mean": 0.7661627790569627,
            "std": 0.01573117077576778
        },
        "f1_macro": {
            "mean": 0.6065241668763859,
            "std": 0.04170189624941183
        },
        "cross_entropy_loss": {
            "mean": 0.8183225631713867,
            "std": 0.02574186209053929
        }
    },
    "val": {
        "f1_weighted": {
            "mean": 0.6251974035105986,
            "std": 0.007472507164139544
        },
        "f1_micro": {
            "mean": 0.6432822362488728,
            "std": 0.007470627656341927
        },
        "f1_macro": {
            "mean": 0.48112187585718563,
            "std": 0.02413535113438129
        },
        "cross_entropy_loss": {
            "mean": 1.1156663417816162,
            "std": 0.008223200983205666
        }
    },
    "test": {
        "f1_weighted": {
            "mean": 0.6463405114296358,
            "std": 0.005235687538648914
        },
        "f1_micro": {
            "mean": 0.6592337164750959,
            "std": 0.004263732641607214
        },
        "f1_macro": {
            "mean": 0.4679394932767262,
            "std": 0.011328261474194006
        },
        "cross_entropy_loss": {
            "mean": 1.0551121234893799,
            "std": 0.013731288075679709
        }
    }
}